TIMESTAMP,FRAME_ID,INCIDENT_CLASS,CONFIDENCE_SCORE,ASSOCIATED_TRACK_ID
2026-09-05 18:18:02,1,UNNATURAL_GEOMETRIC_LINE,1.0000,N/A
2026-09-05 19:10:27,1,UNNATURAL_GEOMETRIC_LINE,1.0000,N/A
2026-09-05 19:10:45,1,UNNATURAL_GEOMETRIC_LINE,1.0000,N/A
2026-09-05 19:26:12,1,UNNATURAL_GEOMETRIC_LINE,1.0000,N/A
2026-09-05 19:26:12,1,UNNATURAL_GEOMETRIC_LINE,1.0000,N/A
2026-09-05 19:26:13,1,UNNATURAL_GEOMETRIC_LINE,1.0000,N/A
2026-09-05 19:26:18,1,UNNATURAL_GEOMETRIC_LINE,1.0000,N/A
2026-09-05 19:26:18,1,UNNATURAL_GEOMETRIC_LINE,1.0000,N/A
2026-09-05 19:26:20,1,UNNATURAL_GEOMETRIC_LINE,1.0000,N/A
2026-09-05 19:26:23,1,UNNATURAL_GEOMETRIC_LINE,1.0000,N/A
2026-09-05 19:26:25,1,UNNATURAL_GEOMETRIC_LINE,1.0000,N/A
2026-09-05 19:26:30,1,UNNATURAL_GEOMETRIC_LINE,1.0000,N/A
2026-09-05 19:26:31,1,UNNATURAL_GEOMETRIC_LINE,1.0000,N/A
2026-09-05 19:26:32,1,UNNATURAL_GEOMETRIC_LINE,1.0000,N/A
2026-09-05 19:26:42,1,UNNATURAL_GEOMETRIC_LINE,1.0000,N/A
2026-09-05 19:26:45,1,UNNATURAL_GEOMETRIC_LINE,1.0000,N/A
2026-09-05 19:26:47,1,UNNATURAL_GEOMETRIC_LINE,1.0000,N/A
2026-09-05 19:26:48,1,UNNATURAL_GEOMETRIC_LINE,1.0000,N/A
2026-09-05 19:26:49,1,UNNATURAL_GEOMETRIC_LINE,1.0000,N/A
2026-09-05 19:26:50,1,UNNATURAL_GEOMETRIC_LINE,1.0000,N/A
2026-09-05 19:26:53,1,UNNATURAL_GEOMETRIC_LINE,1.0000,N/A
2026-09-05 19:26:55,1,UNNATURAL_GEOMETRIC_LINE,1.0000,N/A
2026-09-05 19:26:56,1,UNNATURAL_GEOMETRIC_LINE,1.0000,N/A
2026-09-05 19:26:57,1,UNNATURAL_GEOMETRIC_LINE,1.0000,N/A
2026-09-05 19:26:58,1,UNNATURAL_GEOMETRIC_LINE,1.0000,N/A
2026-09-05 19:27:02,1,UNNATURAL_GEOMETRIC_LINE,1.0000,N/A
2026-09-05 19:27:02,1,UNNATURAL_GEOMETRIC_LINE,1.0000,N/A
2026-09-05 19:27:03,1,UNNATURAL_GEOMETRIC_LINE,1.0000,N/A
2026-09-05 19:27:05,1,UNNATURAL_GEOMETRIC_LINE,1.0000,N/A
2026-09-05 19:27:05,1,UNNATURAL_GEOMETRIC_LINE,1.0000,N/A
2026-09-05 19:27:07,1,UNNATURAL_GEOMETRIC_LINE,1.0000,N/A
2026-09-05 19:27:08,1,UNNATURAL_GEOMETRIC_LINE,1.0000,N/A
2026-09-05 19:27:09,1,UNNATURAL_GEOMETRIC_LINE,1.0000,N/A
2026-09-05 19:27:11,1,UNNATURAL_GEOMETRIC_LINE,1.0000,N/A
2026-09-05 19:27:13,1,UNNATURAL_GEOMETRIC_LINE,1.0000,N/A
2026-09-05 19:27:13,1,UNNATURAL_GEOMETRIC_LINE,1.0000,N/A
2026-09-05 19:27:14,1,UNNATURAL_GEOMETRIC_LINE,1.0000,N/A
2026-09-05 19:27:17,1,UNNATURAL_GEOMETRIC_LINE,1.0000,N/A
2026-09-05 19:27:17,1,UNNATURAL_GEOMETRIC_LINE,1.0000,N/A
2026-09-05 19:27:20,1,UNNATURAL_GEOMETRIC_LINE,1.0000,N/A
2026-09-05 19:27:22,1,UNNATURAL_GEOMETRIC_LINE,1.0000,N/A
2026-09-05 19:27:22,1,UNNATURAL_GEOMETRIC_LINE,1.0000,N/A
2026-09-05 19:27:25,1,UNNATURAL_GEOMETRIC_LINE,1.0000,N/A
2026-09-05 19:27:27,1,UNNATURAL_GEOMETRIC_LINE,1.0000,N/A
2026-09-05 19:27:32,1,UNNATURAL_GEOMETRIC_LINE,1.0000,N/A
2026-09-05 19:27:34,1,UNNATURAL_GEOMETRIC_LINE,1.0000,N/A
2026-09-05 19:27:34,1,UNNATURAL_GEOMETRIC_LINE,1.0000,N/A
2026-09-05 19:27:36,1,UNNATURAL_GEOMETRIC_LINE,1.0000,N/A
2026-09-05 19:27:39,1,UNNATURAL_GEOMETRIC_LINE,1.0000,N/A
2026-09-05 19:27:41,1,UNNATURAL_GEOMETRIC_LINE,1.0000,N/A
2026-09-05 19:27:43,1,UNNATURAL_GEOMETRIC_LINE,1.0000,N/A
2026-09-05 19:27:43,1,UNNATURAL_GEOMETRIC_LINE,1.0000,N/A
2026-09-05 19:27:45,1,UNNATURAL_GEOMETRIC_LINE,1.0000,N/A
2026-09-05 19:27:47,1,UNNATURAL_GEOMETRIC_LINE,1.0000,N/A
2026-09-05 19:27:47,1,UNNATURAL_GEOMETRIC_LINE,1.0000,N/A
2026-09-05 19:27:47,1,MECHANICAL_LOCK_NO_TREMOR,1.0000,N/A
2026-09-05 19:27:53,1,UNNATURAL_GEOMETRIC_LINE,1.0000,N/A
2026-09-05 19:27:54,1,UNNATURAL_GEOMETRIC_LINE,1.0000,N/A
2026-09-05 19:27:57,1,UNNATURAL_GEOMETRIC_LINE,1.0000,N/A
2026-09-05 19:27:57,1,UNNATURAL_GEOMETRIC_LINE,1.0000,N/A
2026-09-05 19:28:00,1,UNNATURAL_GEOMETRIC_LINE,1.0000,N/A
2026-09-05 19:28:01,1,UNNATURAL_GEOMETRIC_LINE,1.0000,N/A
2026-09-05 19:28:02,1,UNNATURAL_GEOMETRIC_LINE,1.0000,N/A
2026-09-05 19:28:07,1,UNNATURAL_GEOMETRIC_LINE,1.0000,N/A
2026-09-05 19:28:10,1,UNNATURAL_GEOMETRIC_LINE,1.0000,N/A
2026-09-05 19:28:11,1,UNNATURAL_GEOMETRIC_LINE,1.0000,N/A
2026-09-05 19:28:13,1,UNNATURAL_GEOMETRIC_LINE,1.0000,N/A
2026-09-05 19:28:15,1,UNNATURAL_GEOMETRIC_LINE,1.0000,N/A
2026-09-05 19:28:15,1,UNNATURAL_GEOMETRIC_LINE,1.0000,N/A
2026-09-05 19:28:17,1,UNNATURAL_GEOMETRIC_LINE,1.0000,N/A
2026-09-05 19:28:20,1,UNNATURAL_GEOMETRIC_LINE,1.0000,N/A
2026-09-05 19:28:20,1,UNNATURAL_GEOMETRIC_LINE,1.0000,N/A
2026-09-05 19:28:26,1,UNNATURAL_GEOMETRIC_LINE,1.0000,N/A
2026-09-05 19:28:29,1,UNNATURAL_GEOMETRIC_LINE,1.0000,N/A
2026-09-05 19:28:29,1,UNNATURAL_GEOMETRIC_LINE,1.0000,N/A
2026-09-05 19:28:30,1,UNNATURAL_GEOMETRIC_LINE,1.0000,N/A
2026-09-05 19:28:32,1,UNNATURAL_GEOMETRIC_LINE,1.0000,N/A
2026-09-05 19:28:32,1,UNNATURAL_GEOMETRIC_LINE,1.0000,N/A
2026-09-05 19:28:38,1,UNNATURAL_GEOMETRIC_LINE,1.0000,N/A
2026-09-05 19:28:40,1,UNNATURAL_GEOMETRIC_LINE,1.0000,N/A
2026-09-05 19:28:40,1,UNNATURAL_GEOMETRIC_LINE,1.0000,N/A
2026-09-05 19:28:41,1,UNNATURAL_GEOMETRIC_LINE,1.0000,N/A
2026-09-05 19:28:43,1,UNNATURAL_GEOMETRIC_LINE,1.0000,N/A
2026-09-05 19:28:45,1,UNNATURAL_GEOMETRIC_LINE,1.0000,N/A
2026-09-05 19:28:45,1,UNNATURAL_GEOMETRIC_LINE,1.0000,N/A
2026-09-05 19:28:47,1,UNNATURAL_GEOMETRIC_LINE,1.0000,N/A
2026-09-05 19:28:50,1,UNNATURAL_GEOMETRIC_LINE,1.0000,N/A
2026-09-05 19:28:50,1,UNNATURAL_GEOMETRIC_LINE,1.0000,N/A
2026-09-05 19:28:50,1,MECHANICAL_LOCK_NO_TREMOR,1.0000,N/A
2026-09-05 19:28:52,1,UNNATURAL_GEOMETRIC_LINE,1.0000,N/A
2026-09-05 19:28:52,1,UNNATURAL_GEOMETRIC_LINE,1.0000,N/A
2026-09-05 19:28:54,1,UNNATURAL_GEOMETRIC_LINE,1.0000,N/A
2026-09-05 19:28:56,1,UNNATURAL_GEOMETRIC_LINE,1.0000,N/A
2026-09-05 19:28:56,1,UNNATURAL_GEOMETRIC_LINE,1.0000,N/A
2026-09-05 19:28:58,1,UNNATURAL_GEOMETRIC_LINE,1.0000,N/A
2026-09-05 19:29:00,1,UNNATURAL_GEOMETRIC_LINE,1.0000,N/A
2026-09-05 19:29:00,1,UNNATURAL_GEOMETRIC_LINE,1.0000,N/A
2026-09-05 19:29:05,1,UNNATURAL_GEOMETRIC_LINE,1.0000,N/A
2026-09-05 19:29:06,1,UNNATURAL_GEOMETRIC_LINE,1.0000,N/A
2026-09-05 19:29:06,1,UNNATURAL_GEOMETRIC_LINE,1.0000,N/A
2026-09-05 19:29:08,1,UNNATURAL_GEOMETRIC_LINE,1.0000,N/A
2026-09-05 19:29:12,1,UNNATURAL_GEOMETRIC_LINE,1.0000,N/A
2026-09-05 19:29:12,1,UNNATURAL_GEOMETRIC_LINE,1.0000,N/A
2026-09-05 19:29:14,1,UNNATURAL_GEOMETRIC_LINE,1.0000,N/A
2026-09-05 19:29:17,1,UNNATURAL_GEOMETRIC_LINE,1.0000,N/A
2026-09-05 19:29:19,1,UNNATURAL_GEOMETRIC_LINE,1.0000,N/A
2026-09-05 19:29:19,1,UNNATURAL_GEOMETRIC_LINE,1.0000,N/A
2026-09-05 19:29:21,1,UNNATURAL_GEOMETRIC_LINE,1.0000,N/A
2026-09-05 19:29:23,1,UNNATURAL_GEOMETRIC_LINE,1.0000,N/A
2026-09-05 19:29:23,1,UNNATURAL_GEOMETRIC_LINE,1.0000,N/A
2026-09-05 19:29:29,1,UNNATURAL_GEOMETRIC_LINE,1.0000,N/A
2026-09-05 19:29:38,1,UNNATURAL_GEOMETRIC_LINE,1.0000,N/A
2026-09-05 19:29:39,1,UNNATURAL_GEOMETRIC_LINE,1.0000,N/A
2026-09-05 19:29:41,1,UNNATURAL_GEOMETRIC_LINE,1.0000,N/A
2026-09-05 19:29:41,1,UNNATURAL_GEOMETRIC_LINE,1.0000,N/A
2026-09-05 19:29:45,1,UNNATURAL_GEOMETRIC_LINE,1.0000,N/A
2026-09-05 19:29:49,1,UNNATURAL_GEOMETRIC_LINE,1.0000,N/A
2026-09-05 19:29:50,1,UNNATURAL_GEOMETRIC_LINE,1.0000,N/A
2026-09-05 19:29:52,1,UNNATURAL_GEOMETRIC_LINE,1.0000,N/A
2026-09-05 19:29:54,1,UNNATURAL_GEOMETRIC_LINE,1.0000,N/A
2026-09-05 19:30:02,1,UNNATURAL_GEOMETRIC_LINE,1.0000,N/A
2026-09-05 19:30:07,1,UNNATURAL_GEOMETRIC_LINE,1.0000,N/A
2026-09-05 19:30:08,1,UNNATURAL_GEOMETRIC_LINE,1.0000,N/A
2026-09-05 19:30:09,1,UNNATURAL_GEOMETRIC_LINE,1.0000,N/A
2026-09-05 19:30:16,1,UNNATURAL_GEOMETRIC_LINE,1.0000,N/A
2026-09-05 19:30:19,1,UNNATURAL_GEOMETRIC_LINE,1.0000,N/A
2026-09-05 19:30:20,1,UNNATURAL_GEOMETRIC_LINE,1.0000,N/A
2026-09-05 19:30:22,1,UNNATURAL_GEOMETRIC_LINE,1.0000,N/A
2026-09-05 19:30:22,1,UNNATURAL_GEOMETRIC_LINE,1.0000,N/A
2026-09-05 19:30:23,1,UNNATURAL_GEOMETRIC_LINE,1.0000,N/A
2026-09-05 19:30:29,1,UNNATURAL_GEOMETRIC_LINE,1.0000,N/A
2026-09-05 19:30:29,1,UNNATURAL_GEOMETRIC_LINE,1.0000,N/A
2026-09-05 19:30:31,1,UNNATURAL_GEOMETRIC_LINE,1.0000,N/A
2026-09-05 19:30:33,1,UNNATURAL_GEOMETRIC_LINE,1.0000,N/A
2026-09-05 19:30:33,1,UNNATURAL_GEOMETRIC_LINE,1.0000,N/A
2026-09-05 19:30:36,1,UNNATURAL_GEOMETRIC_LINE,1.0000,N/A
2026-09-05 19:30:38,1,UNNATURAL_GEOMETRIC_LINE,1.0000,N/A
2026-09-05 19:30:38,1,UNNATURAL_GEOMETRIC_LINE,1.0000,N/A
2026-09-05 19:30:42,1,UNNATURAL_GEOMETRIC_LINE,1.0000,N/A
2026-09-05 19:30:46,1,UNNATURAL_GEOMETRIC_LINE,1.0000,N/A
2026-09-05 19:30:49,1,UNNATURAL_GEOMETRIC_LINE,1.0000,N/A
2026-09-05 19:30:51,1,UNNATURAL_GEOMETRIC_LINE,1.0000,N/A
2026-09-05 19:30:54,1,UNNATURAL_GEOMETRIC_LINE,1.0000,N/A
2026-09-05 19:30:56,1,UNNATURAL_GEOMETRIC_LINE,1.0000,N/A
2026-09-05 19:30:59,1,UNNATURAL_GEOMETRIC_LINE,1.0000,N/A
2026-09-05 19:31:00,1,UNNATURAL_GEOMETRIC_LINE,1.0000,N/A
2026-09-05 19:31:01,1,UNNATURAL_GEOMETRIC_LINE,1.0000,N/A
2026-09-05 19:31:12,1,UNNATURAL_GEOMETRIC_LINE,1.0000,N/A
2026-09-05 19:31:18,1,UNNATURAL_GEOMETRIC_LINE,1.0000,N/A
2026-09-05 19:31:25,1,UNNATURAL_GEOMETRIC_LINE,1.0000,N/A
2026-09-05 19:31:27,1,UNNATURAL_GEOMETRIC_LINE,1.0000,N/A
2026-09-05 19:31:27,1,UNNATURAL_GEOMETRIC_LINE,1.0000,N/A
2026-09-05 19:31:35,1,UNNATURAL_GEOMETRIC_LINE,1.0000,N/A
2026-09-05 19:31:37,1,UNNATURAL_GEOMETRIC_LINE,1.0000,N/A
2026-09-05 19:31:45,1,UNNATURAL_GEOMETRIC_LINE,1.0000,N/A
2026-09-05 19:31:47,1,UNNATURAL_GEOMETRIC_LINE,1.0000,N/A
2026-09-05 19:31:47,1,UNNATURAL_GEOMETRIC_LINE,1.0000,N/A
2026-09-05 19:31:52,1,UNNATURAL_GEOMETRIC_LINE,1.0000,N/A
2026-09-05 19:32:00,1,UNNATURAL_GEOMETRIC_LINE,1.0000,N/A
2026-09-05 19:32:00,1,UNNATURAL_GEOMETRIC_LINE,1.0000,N/A
2026-09-05 19:32:02,1,UNNATURAL_GEOMETRIC_LINE,1.0000,N/A
2026-09-05 19:32:04,1,UNNATURAL_GEOMETRIC_LINE,1.0000,N/A
2026-09-05 19:32:04,1,UNNATURAL_GEOMETRIC_LINE,1.0000,N/A
2026-09-05 19:32:07,1,UNNATURAL_GEOMETRIC_LINE,1.0000,N/A
2026-09-05 19:32:09,1,UNNATURAL_GEOMETRIC_LINE,1.0000,N/A
2026-09-05 19:32:10,1,UNNATURAL_GEOMETRIC_LINE,1.0000,N/A
2026-09-05 19:32:14,1,UNNATURAL_GEOMETRIC_LINE,1.0000,N/A
2026-09-05 19:32:16,1,UNNATURAL_GEOMETRIC_LINE,1.0000,N/A
2026-09-05 19:32:21,1,UNNATURAL_GEOMETRIC_LINE,1.0000,N/A
2026-09-05 19:32:29,1,UNNATURAL_GEOMETRIC_LINE,1.0000,N/A
2026-09-05 19:32:31,1,UNNATURAL_GEOMETRIC_LINE,1.0000,N/A
2026-09-05 19:32:31,1,UNNATURAL_GEOMETRIC_LINE,1.0000,N/A
2026-09-05 19:32:32,1,UNNATURAL_GEOMETRIC_LINE,1.0000,N/A
2026-09-05 19:32:35,1,UNNATURAL_GEOMETRIC_LINE,1.0000,N/A
2026-09-05 19:32:35,1,UNNATURAL_GEOMETRIC_LINE,1.0000,N/A
2026-09-05 19:32:35,1,MECHANICAL_LOCK_NO_TREMOR,1.0000,N/A
2026-09-05 19:32:37,1,UNNATURAL_GEOMETRIC_LINE,1.0000,N/A
2026-09-05 19:32:37,1,UNNATURAL_GEOMETRIC_LINE,1.0000,N/A
2026-09-05 19:32:42,1,UNNATURAL_GEOMETRIC_LINE,1.0000,N/A
2026-09-05 19:32:43,1,UNNATURAL_GEOMETRIC_LINE,1.0000,N/A
2026-09-05 19:32:43,1,UNNATURAL_GEOMETRIC_LINE,1.0000,N/A
2026-09-05 19:32:45,1,UNNATURAL_GEOMETRIC_LINE,1.0000,N/A
2026-09-05 19:32:47,1,UNNATURAL_GEOMETRIC_LINE,1.0000,N/A
2026-09-05 19:32:47,1,UNNATURAL_GEOMETRIC_LINE,1.0000,N/A
2026-09-05 19:32:51,1,UNNATURAL_GEOMETRIC_LINE,1.0000,N/A
2026-09-05 19:32:54,1,UNNATURAL_GEOMETRIC_LINE,1.0000,N/A
2026-09-05 19:32:55,1,UNNATURAL_GEOMETRIC_LINE,1.0000,N/A
2026-09-05 19:32:59,1,UNNATURAL_GEOMETRIC_LINE,1.0000,N/A
2026-09-05 19:33:02,1,UNNATURAL_GEOMETRIC_LINE,1.0000,N/A
2026-09-05 19:33:03,1,UNNATURAL_GEOMETRIC_LINE,1.0000,N/A
2026-09-05 19:33:08,1,UNNATURAL_GEOMETRIC_LINE,1.0000,N/A
2026-09-05 19:33:11,1,UNNATURAL_GEOMETRIC_LINE,1.0000,N/A
2026-09-05 19:33:11,1,UNNATURAL_GEOMETRIC_LINE,1.0000,N/A
2026-09-05 19:33:21,1,UNNATURAL_GEOMETRIC_LINE,1.0000,N/A
2026-09-05 19:33:24,1,UNNATURAL_GEOMETRIC_LINE,1.0000,N/A
2026-09-05 19:33:24,1,UNNATURAL_GEOMETRIC_LINE,1.0000,N/A
2026-09-05 19:33:29,1,UNNATURAL_GEOMETRIC_LINE,1.0000,N/A
2026-09-05 19:33:31,1,UNNATURAL_GEOMETRIC_LINE,1.0000,N/A
2026-09-05 19:33:31,1,UNNATURAL_GEOMETRIC_LINE,1.0000,N/A
2026-09-05 19:33:32,1,UNNATURAL_GEOMETRIC_LINE,1.0000,N/A
2026-09-05 19:33:33,1,UNNATURAL_GEOMETRIC_LINE,1.0000,N/A
2026-09-05 19:33:34,1,UNNATURAL_GEOMETRIC_LINE,1.0000,N/A
2026-09-05 19:33:41,1,UNNATURAL_GEOMETRIC_LINE,1.0000,N/A
2026-09-05 19:33:42,1,UNNATURAL_GEOMETRIC_LINE,1.0000,N/A
2026-09-05 19:33:44,1,UNNATURAL_GEOMETRIC_LINE,1.0000,N/A
2026-09-05 19:33:44,1,UNNATURAL_GEOMETRIC_LINE,1.0000,N/A
2026-09-05 19:33:49,1,UNNATURAL_GEOMETRIC_LINE,1.0000,N/A
2026-09-05 19:33:51,1,UNNATURAL_GEOMETRIC_LINE,1.0000,N/A
2026-09-05 19:33:52,1,UNNATURAL_GEOMETRIC_LINE,1.0000,N/A
2026-09-05 19:33:53,1,UNNATURAL_GEOMETRIC_LINE,1.0000,N/A
2026-09-05 19:33:59,1,UNNATURAL_GEOMETRIC_LINE,1.0000,N/A
2026-09-05 19:33:59,1,UNNATURAL_GEOMETRIC_LINE,1.0000,N/A
2026-09-05 19:34:02,1,UNNATURAL_GEOMETRIC_LINE,1.0000,N/A
2026-09-05 19:34:03,1,UNNATURAL_GEOMETRIC_LINE,1.0000,N/A
2026-09-05 19:34:04,1,UNNATURAL_GEOMETRIC_LINE,1.0000,N/A
2026-09-05 19:34:06,1,UNNATURAL_GEOMETRIC_LINE,1.0000,N/A
2026-09-05 19:34:07,1,UNNATURAL_GEOMETRIC_LINE,1.0000,N/A
2026-09-05 19:34:08,1,UNNATURAL_GEOMETRIC_LINE,1.0000,N/A
2026-09-05 19:34:08,1,MECHANICAL_LOCK_NO_TREMOR,1.0000,N/A
2026-09-05 19:34:10,1,UNNATURAL_GEOMETRIC_LINE,1.0000,N/A
2026-09-05 19:34:10,1,UNNATURAL_GEOMETRIC_LINE,1.0000,N/A
2026-09-05 19:34:12,1,UNNATURAL_GEOMETRIC_LINE,1.0000,N/A
2026-09-05 19:34:14,1,UNNATURAL_GEOMETRIC_LINE,1.0000,N/A
2026-09-05 19:34:15,1,UNNATURAL_GEOMETRIC_LINE,1.0000,N/A
2026-09-05 19:34:17,1,UNNATURAL_GEOMETRIC_LINE,1.0000,N/A
2026-09-05 19:34:19,1,UNNATURAL_GEOMETRIC_LINE,1.0000,N/A
2026-09-05 19:34:19,1,UNNATURAL_GEOMETRIC_LINE,1.0000,N/A
2026-09-05 19:34:20,1,UNNATURAL_GEOMETRIC_LINE,1.0000,N/A
2026-09-05 19:34:23,1,UNNATURAL_GEOMETRIC_LINE,1.0000,N/A
2026-09-05 19:34:23,1,UNNATURAL_GEOMETRIC_LINE,1.0000,N/A
2026-09-05 19:34:24,1,UNNATURAL_GEOMETRIC_LINE,1.0000,N/A
2026-09-05 19:34:26,1,UNNATURAL_GEOMETRIC_LINE,1.0000,N/A
2026-09-05 19:34:28,1,UNNATURAL_GEOMETRIC_LINE,1.0000,N/A
2026-09-05 19:34:28,1,UNNATURAL_GEOMETRIC_LINE,1.0000,N/A
2026-09-05 19:34:40,1,UNNATURAL_GEOMETRIC_LINE,1.0000,N/A
2026-09-05 19:34:43,1,UNNATURAL_GEOMETRIC_LINE,1.0000,N/A
2026-09-05 19:34:44,1,UNNATURAL_GEOMETRIC_LINE,1.0000,N/A
2026-09-05 19:34:46,1,UNNATURAL_GEOMETRIC_LINE,1.0000,N/A
2026-09-05 19:34:46,1,UNNATURAL_GEOMETRIC_LINE,1.0000,N/A
2026-09-05 19:34:49,1,UNNATURAL_GEOMETRIC_LINE,1.0000,N/A
2026-09-05 19:34:52,1,UNNATURAL_GEOMETRIC_LINE,1.0000,N/A
2026-09-05 19:34:52,1,UNNATURAL_GEOMETRIC_LINE,1.0000,N/A
2026-09-05 19:34:58,1,UNNATURAL_GEOMETRIC_LINE,1.0000,N/A
2026-09-05 19:35:00,1,UNNATURAL_GEOMETRIC_LINE,1.0000,N/A
2026-09-05 19:35:00,1,UNNATURAL_GEOMETRIC_LINE,1.0000,N/A
2026-09-05 19:35:02,1,UNNATURAL_GEOMETRIC_LINE,1.0000,N/A
2026-09-05 19:35:03,1,UNNATURAL_GEOMETRIC_LINE,1.0000,N/A
2026-09-05 19:35:04,1,UNNATURAL_GEOMETRIC_LINE,1.0000,N/A
2026-09-05 19:35:07,1,UNNATURAL_GEOMETRIC_LINE,1.0000,N/A
2026-09-05 19:35:09,1,UNNATURAL_GEOMETRIC_LINE,1.0000,N/A
2026-09-05 19:35:09,1,UNNATURAL_GEOMETRIC_LINE,1.0000,N/A
2026-09-05 19:35:11,1,UNNATURAL_GEOMETRIC_LINE,1.0000,N/A
2026-09-05 19:35:14,1,UNNATURAL_GEOMETRIC_LINE,1.0000,N/A
2026-09-05 19:35:16,1,UNNATURAL_GEOMETRIC_LINE,1.0000,N/A
2026-09-05 19:35:16,1,UNNATURAL_GEOMETRIC_LINE,1.0000,N/A
2026-09-05 19:35:21,1,UNNATURAL_GEOMETRIC_LINE,1.0000,N/A
2026-09-05 19:35:23,1,UNNATURAL_GEOMETRIC_LINE,1.0000,N/A
2026-09-05 19:35:24,1,UNNATURAL_GEOMETRIC_LINE,1.0000,N/A
2026-09-05 19:35:26,1,UNNATURAL_GEOMETRIC_LINE,1.0000,N/A
2026-09-05 19:35:29,1,UNNATURAL_GEOMETRIC_LINE,1.0000,N/A
2026-09-05 19:35:34,1,UNNATURAL_GEOMETRIC_LINE,1.0000,N/A
2026-09-05 19:35:36,1,UNNATURAL_GEOMETRIC_LINE,1.0000,N/A
2026-09-05 19:35:36,1,UNNATURAL_GEOMETRIC_LINE,1.0000,N/A
2026-09-05 19:35:38,1,UNNATURAL_GEOMETRIC_LINE,1.0000,N/A
2026-09-05 19:35:40,1,UNNATURAL_GEOMETRIC_LINE,1.0000,N/A
2026-09-05 19:35:42,1,UNNATURAL_GEOMETRIC_LINE,1.0000,N/A
2026-09-05 19:35:42,1,UNNATURAL_GEOMETRIC_LINE,1.0000,N/A
2026-09-05 19:35:44,1,UNNATURAL_GEOMETRIC_LINE,1.0000,N/A
2026-09-05 19:35:45,1,UNNATURAL_GEOMETRIC_LINE,1.0000,N/A
2026-09-05 19:35:46,1,UNNATURAL_GEOMETRIC_LINE,1.0000,N/A
2026-09-05 19:35:48,1,UNNATURAL_GEOMETRIC_LINE,1.0000,N/A
2026-09-05 19:35:52,1,UNNATURAL_GEOMETRIC_LINE,1.0000,N/A
2026-09-05 19:35:52,1,UNNATURAL_GEOMETRIC_LINE,1.0000,N/A
2026-09-05 19:35:55,1,UNNATURAL_GEOMETRIC_LINE,1.0000,N/A
2026-09-05 19:35:59,1,UNNATURAL_GEOMETRIC_LINE,1.0000,N/A
2026-09-05 19:35:59,1,UNNATURAL_GEOMETRIC_LINE,1.0000,N/A
2026-09-05 19:36:06,1,UNNATURAL_GEOMETRIC_LINE,1.0000,N/A
2026-09-05 19:36:08,1,UNNATURAL_GEOMETRIC_LINE,1.0000,N/A
2026-09-05 19:36:08,1,UNNATURAL_GEOMETRIC_LINE,1.0000,N/A
2026-09-05 19:36:14,1,UNNATURAL_GEOMETRIC_LINE,1.0000,N/A
2026-09-05 19:36:16,1,UNNATURAL_GEOMETRIC_LINE,1.0000,N/A
2026-09-05 19:36:16,1,UNNATURAL_GEOMETRIC_LINE,1.0000,N/A
2026-09-05 19:36:17,1,UNNATURAL_GEOMETRIC_LINE,1.0000,N/A
2026-09-05 19:36:19,1,UNNATURAL_GEOMETRIC_LINE,1.0000,N/A
2026-09-05 19:36:21,1,UNNATURAL_GEOMETRIC_LINE,1.0000,N/A
2026-09-05 19:36:23,1,UNNATURAL_GEOMETRIC_LINE,1.0000,N/A
2026-09-05 19:36:23,1,UNNATURAL_GEOMETRIC_LINE,1.0000,N/A
2026-09-05 19:36:24,1,UNNATURAL_GEOMETRIC_LINE,1.0000,N/A
2026-09-05 19:36:26,1,UNNATURAL_GEOMETRIC_LINE,1.0000,N/A
2026-09-05 19:36:26,1,UNNATURAL_GEOMETRIC_LINE,1.0000,N/A
2026-09-05 19:36:27,1,UNNATURAL_GEOMETRIC_LINE,1.0000,N/A
2026-09-05 19:36:29,1,UNNATURAL_GEOMETRIC_LINE,1.0000,N/A
2026-09-05 19:36:29,1,UNNATURAL_GEOMETRIC_LINE,1.0000,N/A
2026-09-05 19:36:29,1,MECHANICAL_LOCK_NO_TREMOR,1.0000,N/A
2026-09-05 19:36:32,1,UNNATURAL_GEOMETRIC_LINE,1.0000,N/A
2026-09-05 19:36:34,1,UNNATURAL_GEOMETRIC_LINE,1.0000,N/A
2026-09-05 19:36:36,1,UNNATURAL_GEOMETRIC_LINE,1.0000,N/A
2026-09-05 19:36:36,1,UNNATURAL_GEOMETRIC_LINE,1.0000,N/A
2026-09-05 19:36:37,1,UNNATURAL_GEOMETRIC_LINE,1.0000,N/A
2026-09-05 19:36:40,1,UNNATURAL_GEOMETRIC_LINE,1.0000,N/A
2026-09-05 19:36:41,1,UNNATURAL_GEOMETRIC_LINE,1.0000,N/A
2026-09-05 19:36:43,1,UNNATURAL_GEOMETRIC_LINE,1.0000,N/A
2026-09-05 19:36:43,1,UNNATURAL_GEOMETRIC_LINE,1.0000,N/A
2026-09-05 19:36:47,1,UNNATURAL_GEOMETRIC_LINE,1.0000,N/A
2026-09-05 19:36:48,1,UNNATURAL_GEOMETRIC_LINE,1.0000,N/A
2026-09-05 19:36:49,1,UNNATURAL_GEOMETRIC_LINE,1.0000,N/A
2026-09-05 19:36:57,1,UNNATURAL_GEOMETRIC_LINE,1.0000,N/A
2026-09-05 19:36:59,1,UNNATURAL_GEOMETRIC_LINE,1.0000,N/A
2026-09-05 19:36:59,1,UNNATURAL_GEOMETRIC_LINE,1.0000,N/A
2026-09-05 19:37:00,1,UNNATURAL_GEOMETRIC_LINE,1.0000,N/A
2026-09-05 19:37:02,1,UNNATURAL_GEOMETRIC_LINE,1.0000,N/A
2026-09-05 19:37:04,1,UNNATURAL_GEOMETRIC_LINE,1.0000,N/A
2026-09-05 19:37:04,1,UNNATURAL_GEOMETRIC_LINE,1.0000,N/A
2026-09-05 19:37:08,1,UNNATURAL_GEOMETRIC_LINE,1.0000,N/A
2026-09-05 19:37:10,1,UNNATURAL_GEOMETRIC_LINE,1.0000,N/A
2026-09-05 19:37:10,1,UNNATURAL_GEOMETRIC_LINE,1.0000,N/A
2026-09-05 19:37:14,1,UNNATURAL_GEOMETRIC_LINE,1.0000,N/A
2026-09-05 19:37:16,1,UNNATURAL_GEOMETRIC_LINE,1.0000,N/A
2026-09-05 19:37:16,1,UNNATURAL_GEOMETRIC_LINE,1.0000,N/A
2026-09-05 19:37:18,1,UNNATURAL_GEOMETRIC_LINE,1.0000,N/A
2026-09-05 19:37:21,1,UNNATURAL_GEOMETRIC_LINE,1.0000,N/A
2026-09-05 19:37:24,1,UNNATURAL_GEOMETRIC_LINE,1.0000,N/A
2026-09-05 19:37:25,1,UNNATURAL_GEOMETRIC_LINE,1.0000,N/A
2026-09-05 19:37:25,1,MECHANICAL_LOCK_NO_TREMOR,1.0000,N/A
2026-09-05 19:37:27,1,UNNATURAL_GEOMETRIC_LINE,1.0000,N/A
2026-09-05 19:37:27,1,UNNATURAL_GEOMETRIC_LINE,1.0000,N/A
2026-09-05 19:37:29,1,UNNATURAL_GEOMETRIC_LINE,1.0000,N/A
2026-09-05 19:37:31,1,UNNATURAL_GEOMETRIC_LINE,1.0000,N/A
2026-09-05 19:37:31,1,UNNATURAL_GEOMETRIC_LINE,1.0000,N/A
2026-09-05 19:37:33,1,UNNATURAL_GEOMETRIC_LINE,1.0000,N/A
2026-09-05 19:37:36,1,UNNATURAL_GEOMETRIC_LINE,1.0000,N/A
2026-09-05 19:37:36,1,UNNATURAL_GEOMETRIC_LINE,1.0000,N/A
2026-09-05 19:37:38,1,UNNATURAL_GEOMETRIC_LINE,1.0000,N/A
2026-09-05 19:37:40,1,UNNATURAL_GEOMETRIC_LINE,1.0000,N/A
2026-09-05 19:37:40,1,UNNATURAL_GEOMETRIC_LINE,1.0000,N/A
2026-09-05 19:37:48,1,UNNATURAL_GEOMETRIC_LINE,1.0000,N/A
2026-09-05 19:37:50,1,UNNATURAL_GEOMETRIC_LINE,1.0000,N/A
2026-09-05 19:37:50,1,UNNATURAL_GEOMETRIC_LINE,1.0000,N/A
2026-09-05 19:37:52,1,UNNATURAL_GEOMETRIC_LINE,1.0000,N/A
2026-09-05 19:37:55,1,UNNATURAL_GEOMETRIC_LINE,1.0000,N/A
2026-09-05 19:37:56,1,UNNATURAL_GEOMETRIC_LINE,1.0000,N/A
2026-09-05 19:38:01,1,UNNATURAL_GEOMETRIC_LINE,1.0000,N/A
2026-09-05 19:38:01,1,UNNATURAL_GEOMETRIC_LINE,1.0000,N/A
2026-09-05 19:38:03,1,UNNATURAL_GEOMETRIC_LINE,1.0000,N/A
2026-09-05 19:38:04,1,UNNATURAL_GEOMETRIC_LINE,1.0000,N/A
2026-09-05 19:38:05,1,UNNATURAL_GEOMETRIC_LINE,1.0000,N/A
2026-09-05 19:38:08,1,UNNATURAL_GEOMETRIC_LINE,1.0000,N/A
2026-09-05 19:38:09,1,UNNATURAL_GEOMETRIC_LINE,1.0000,N/A
2026-09-05 19:38:12,1,UNNATURAL_GEOMETRIC_LINE,1.0000,N/A
2026-09-05 19:38:15,1,UNNATURAL_GEOMETRIC_LINE,1.0000,N/A
2026-09-05 19:38:15,1,UNNATURAL_GEOMETRIC_LINE,1.0000,N/A
2026-09-05 19:38:17,1,UNNATURAL_GEOMETRIC_LINE,1.0000,N/A
2026-09-05 19:38:20,1,UNNATURAL_GEOMETRIC_LINE,1.0000,N/A
2026-09-05 19:38:20,1,UNNATURAL_GEOMETRIC_LINE,1.0000,N/A
2026-09-05 19:38:23,1,UNNATURAL_GEOMETRIC_LINE,1.0000,N/A
2026-09-05 19:38:26,1,UNNATURAL_GEOMETRIC_LINE,1.0000,N/A
2026-09-05 19:38:27,1,UNNATURAL_GEOMETRIC_LINE,1.0000,N/A
2026-09-05 19:38:33,1,UNNATURAL_GEOMETRIC_LINE,1.0000,N/A
2026-09-05 19:38:34,1,UNNATURAL_GEOMETRIC_LINE,1.0000,N/A
2026-09-05 19:38:35,1,UNNATURAL_GEOMETRIC_LINE,1.0000,N/A
2026-09-05 19:38:35,1,UNNATURAL_GEOMETRIC_LINE,1.0000,N/A
2026-09-05 19:38:38,1,UNNATURAL_GEOMETRIC_LINE,1.0000,N/A
2026-09-05 19:38:40,1,UNNATURAL_GEOMETRIC_LINE,1.0000,N/A
2026-09-05 19:38:41,1,UNNATURAL_GEOMETRIC_LINE,1.0000,N/A
2026-09-05 19:38:43,1,UNNATURAL_GEOMETRIC_LINE,1.0000,N/A
2026-09-05 19:38:44,1,UNNATURAL_GEOMETRIC_LINE,1.0000,N/A
2026-09-05 19:38:48,1,UNNATURAL_GEOMETRIC_LINE,1.0000,N/A
2026-09-05 19:38:49,1,UNNATURAL_GEOMETRIC_LINE,1.0000,N/A
2026-09-05 19:38:50,1,UNNATURAL_GEOMETRIC_LINE,1.0000,N/A
2026-09-05 19:38:50,1,UNNATURAL_GEOMETRIC_LINE,1.0000,N/A
2026-09-05 19:38:52,1,UNNATURAL_GEOMETRIC_LINE,1.0000,N/A
2026-09-05 19:38:52,1,UNNATURAL_GEOMETRIC_LINE,1.0000,N/A
2026-09-05 19:38:57,1,UNNATURAL_GEOMETRIC_LINE,1.0000,N/A
2026-09-05 19:39:01,1,UNNATURAL_GEOMETRIC_LINE,1.0000,N/A
2026-09-05 19:39:05,1,UNNATURAL_GEOMETRIC_LINE,1.0000,N/A
2026-09-05 19:39:06,1,UNNATURAL_GEOMETRIC_LINE,1.0000,N/A
2026-09-05 19:39:07,1,UNNATURAL_GEOMETRIC_LINE,1.0000,N/A
2026-09-05 19:39:07,1,UNNATURAL_GEOMETRIC_LINE,1.0000,N/A
2026-09-05 19:39:09,1,UNNATURAL_GEOMETRIC_LINE,1.0000,N/A
2026-09-05 19:39:10,1,UNNATURAL_GEOMETRIC_LINE,1.0000,N/A
2026-09-05 19:39:10,1,UNNATURAL_GEOMETRIC_LINE,1.0000,N/A
2026-09-05 19:39:12,1,UNNATURAL_GEOMETRIC_LINE,1.0000,N/A
2026-09-05 19:39:12,1,UNNATURAL_GEOMETRIC_LINE,1.0000,N/A
2026-09-05 19:39:20,1,UNNATURAL_GEOMETRIC_LINE,1.0000,N/A
2026-09-05 19:39:22,1,UNNATURAL_GEOMETRIC_LINE,1.0000,N/A
2026-09-05 19:39:22,1,UNNATURAL_GEOMETRIC_LINE,1.0000,N/A
2026-09-05 19:39:22,1,MECHANICAL_LOCK_NO_TREMOR,1.0000,N/A
2026-09-05 19:39:24,1,UNNATURAL_GEOMETRIC_LINE,1.0000,N/A
2026-09-05 19:39:24,1,UNNATURAL_GEOMETRIC_LINE,1.0000,N/A
2026-09-05 19:39:25,1,UNNATURAL_GEOMETRIC_LINE,1.0000,N/A
2026-09-05 19:39:27,1,UNNATURAL_GEOMETRIC_LINE,1.0000,N/A
2026-09-05 19:39:27,1,UNNATURAL_GEOMETRIC_LINE,1.0000,N/A
2026-09-05 19:39:30,1,UNNATURAL_GEOMETRIC_LINE,1.0000,N/A
2026-09-05 19:39:32,1,UNNATURAL_GEOMETRIC_LINE,1.0000,N/A
2026-09-05 19:39:32,1,UNNATURAL_GEOMETRIC_LINE,1.0000,N/A
2026-09-05 19:39:33,1,UNNATURAL_GEOMETRIC_LINE,1.0000,N/A
2026-09-05 19:39:35,1,UNNATURAL_GEOMETRIC_LINE,1.0000,N/A
2026-09-05 19:39:35,1,UNNATURAL_GEOMETRIC_LINE,1.0000,N/A
2026-09-05 19:39:45,1,UNNATURAL_GEOMETRIC_LINE,1.0000,N/A
2026-09-05 19:39:50,1,UNNATURAL_GEOMETRIC_LINE,1.0000,N/A
2026-09-05 19:39:50,1,UNNATURAL_GEOMETRIC_LINE,1.0000,N/A
2026-09-05 19:39:54,1,UNNATURAL_GEOMETRIC_LINE,1.0000,N/A
2026-09-05 19:39:56,1,UNNATURAL_GEOMETRIC_LINE,1.0000,N/A
2026-09-05 19:39:57,1,UNNATURAL_GEOMETRIC_LINE,1.0000,N/A
2026-09-05 19:39:58,1,UNNATURAL_GEOMETRIC_LINE,1.0000,N/A
2026-09-05 19:39:59,1,UNNATURAL_GEOMETRIC_LINE,1.0000,N/A
2026-09-05 19:40:00,1,UNNATURAL_GEOMETRIC_LINE,1.0000,N/A
2026-09-05 19:40:02,1,UNNATURAL_GEOMETRIC_LINE,1.0000,N/A
2026-09-05 19:40:05,1,UNNATURAL_GEOMETRIC_LINE,1.0000,N/A
2026-09-05 19:40:06,1,UNNATURAL_GEOMETRIC_LINE,1.0000,N/A
2026-09-05 19:40:06,1,UNNATURAL_GEOMETRIC_LINE,1.0000,N/A
2026-09-05 19:40:10,1,UNNATURAL_GEOMETRIC_LINE,1.0000,N/A
2026-09-05 19:40:13,1,UNNATURAL_GEOMETRIC_LINE,1.0000,N/A
2026-09-05 19:40:15,1,UNNATURAL_GEOMETRIC_LINE,1.0000,N/A
2026-09-05 19:40:15,1,UNNATURAL_GEOMETRIC_LINE,1.0000,N/A
2026-09-05 19:40:16,1,UNNATURAL_GEOMETRIC_LINE,1.0000,N/A
2026-09-05 19:40:18,1,UNNATURAL_GEOMETRIC_LINE,1.0000,N/A
2026-09-05 19:40:18,1,UNNATURAL_GEOMETRIC_LINE,1.0000,N/A
2026-09-05 19:40:18,1,MECHANICAL_LOCK_NO_TREMOR,1.0000,N/A
2026-09-05 19:40:20,1,UNNATURAL_GEOMETRIC_LINE,1.0000,N/A
2026-09-05 19:40:20,1,UNNATURAL_GEOMETRIC_LINE,1.0000,N/A
2026-09-05 19:40:24,1,UNNATURAL_GEOMETRIC_LINE,1.0000,N/A
2026-09-05 19:40:27,1,UNNATURAL_GEOMETRIC_LINE,1.0000,N/A
2026-09-05 19:40:27,1,UNNATURAL_GEOMETRIC_LINE,1.0000,N/A
2026-09-05 19:40:34,1,UNNATURAL_GEOMETRIC_LINE,1.0000,N/A
2026-09-05 19:40:38,1,UNNATURAL_GEOMETRIC_LINE,1.0000,N/A
2026-09-05 19:40:41,1,UNNATURAL_GEOMETRIC_LINE,1.0000,N/A
2026-09-05 19:40:44,1,UNNATURAL_GEOMETRIC_LINE,1.0000,N/A
2026-09-05 19:40:45,1,UNNATURAL_GEOMETRIC_LINE,1.0000,N/A
2026-09-05 19:40:46,1,UNNATURAL_GEOMETRIC_LINE,1.0000,N/A
2026-09-05 19:40:48,1,UNNATURAL_GEOMETRIC_LINE,1.0000,N/A
2026-09-05 19:40:50,1,UNNATURAL_GEOMETRIC_LINE,1.0000,N/A
2026-09-05 19:40:53,1,UNNATURAL_GEOMETRIC_LINE,1.0000,N/A
2026-09-05 19:40:54,1,UNNATURAL_GEOMETRIC_LINE,1.0000,N/A
2026-09-05 19:41:06,1,UNNATURAL_GEOMETRIC_LINE,1.0000,N/A
2026-09-05 19:41:08,1,UNNATURAL_GEOMETRIC_LINE,1.0000,N/A
2026-09-05 19:41:09,1,UNNATURAL_GEOMETRIC_LINE,1.0000,N/A
2026-09-05 19:41:10,1,UNNATURAL_GEOMETRIC_LINE,1.0000,N/A
2026-09-05 19:41:12,1,UNNATURAL_GEOMETRIC_LINE,1.0000,N/A
2026-09-05 19:41:14,1,UNNATURAL_GEOMETRIC_LINE,1.0000,N/A
2026-09-05 19:41:14,1,UNNATURAL_GEOMETRIC_LINE,1.0000,N/A
2026-09-05 19:41:25,1,UNNATURAL_GEOMETRIC_LINE,1.0000,N/A
2026-09-05 19:41:26,1,UNNATURAL_GEOMETRIC_LINE,1.0000,N/A
2026-09-05 19:41:27,1,UNNATURAL_GEOMETRIC_LINE,1.0000,N/A
2026-09-05 19:41:28,1,UNNATURAL_GEOMETRIC_LINE,1.0000,N/A
2026-09-05 19:41:32,1,UNNATURAL_GEOMETRIC_LINE,1.0000,N/A
2026-09-05 19:41:32,1,UNNATURAL_GEOMETRIC_LINE,1.0000,N/A
2026-09-05 19:41:41,1,UNNATURAL_GEOMETRIC_LINE,1.0000,N/A
2026-09-05 19:41:42,1,UNNATURAL_GEOMETRIC_LINE,1.0000,N/A
2026-09-05 19:41:45,1,UNNATURAL_GEOMETRIC_LINE,1.0000,N/A
2026-09-05 19:41:45,1,UNNATURAL_GEOMETRIC_LINE,1.0000,N/A
2026-09-05 19:41:50,1,UNNATURAL_GEOMETRIC_LINE,1.0000,N/A
2026-09-05 19:41:53,1,UNNATURAL_GEOMETRIC_LINE,1.0000,N/A
2026-09-05 19:41:53,1,UNNATURAL_GEOMETRIC_LINE,1.0000,N/A
2026-09-05 19:41:54,1,UNNATURAL_GEOMETRIC_LINE,1.0000,N/A
2026-09-05 19:41:57,1,UNNATURAL_GEOMETRIC_LINE,1.0000,N/A
2026-09-05 19:41:57,1,UNNATURAL_GEOMETRIC_LINE,1.0000,N/A
2026-09-05 19:42:00,1,UNNATURAL_GEOMETRIC_LINE,1.0000,N/A
2026-09-05 19:42:02,1,UNNATURAL_GEOMETRIC_LINE,1.0000,N/A
2026-09-05 19:42:03,1,UNNATURAL_GEOMETRIC_LINE,1.0000,N/A
2026-09-05 19:42:03,1,UNNATURAL_GEOMETRIC_LINE,1.0000,N/A
2026-09-05 19:42:05,1,UNNATURAL_GEOMETRIC_LINE,1.0000,N/A
2026-09-05 19:42:05,1,UNNATURAL_GEOMETRIC_LINE,1.0000,N/A
2026-09-05 19:42:06,1,UNNATURAL_GEOMETRIC_LINE,1.0000,N/A
2026-09-05 19:42:08,1,UNNATURAL_GEOMETRIC_LINE,1.0000,N/A
2026-09-05 19:42:08,1,UNNATURAL_GEOMETRIC_LINE,1.0000,N/A
2026-09-05 19:42:10,1,UNNATURAL_GEOMETRIC_LINE,1.0000,N/A
2026-09-05 19:42:13,1,UNNATURAL_GEOMETRIC_LINE,1.0000,N/A
2026-09-05 19:42:13,1,UNNATURAL_GEOMETRIC_LINE,1.0000,N/A
2026-09-05 19:42:16,1,UNNATURAL_GEOMETRIC_LINE,1.0000,N/A
2026-09-05 19:42:20,1,UNNATURAL_GEOMETRIC_LINE,1.0000,N/A
2026-09-05 19:42:21,1,UNNATURAL_GEOMETRIC_LINE,1.0000,N/A
2026-09-05 19:42:24,1,UNNATURAL_GEOMETRIC_LINE,1.0000,N/A
2026-09-05 19:42:29,1,UNNATURAL_GEOMETRIC_LINE,1.0000,N/A
2026-09-05 19:42:29,1,UNNATURAL_GEOMETRIC_LINE,1.0000,N/A
2026-09-05 19:42:33,1,UNNATURAL_GEOMETRIC_LINE,1.0000,N/A
2026-09-05 19:42:35,1,UNNATURAL_GEOMETRIC_LINE,1.0000,N/A
2026-09-05 19:42:35,1,UNNATURAL_GEOMETRIC_LINE,1.0000,N/A
2026-09-05 19:42:36,1,UNNATURAL_GEOMETRIC_LINE,1.0000,N/A
2026-09-05 19:42:40,1,UNNATURAL_GEOMETRIC_LINE,1.0000,N/A
2026-09-05 19:42:40,1,UNNATURAL_GEOMETRIC_LINE,1.0000,N/A
2026-09-05 19:42:44,1,UNNATURAL_GEOMETRIC_LINE,1.0000,N/A
2026-09-05 19:42:46,1,UNNATURAL_GEOMETRIC_LINE,1.0000,N/A
2026-09-05 19:42:46,1,UNNATURAL_GEOMETRIC_LINE,1.0000,N/A
2026-09-05 19:42:47,1,MECHANICAL_LOCK_NO_TREMOR,1.0000,N/A
2026-09-05 19:42:48,1,UNNATURAL_GEOMETRIC_LINE,1.0000,N/A
2026-09-05 19:42:49,1,UNNATURAL_GEOMETRIC_LINE,1.0000,N/A
2026-09-05 19:42:52,1,UNNATURAL_GEOMETRIC_LINE,1.0000,N/A
2026-09-05 19:42:55,1,UNNATURAL_GEOMETRIC_LINE,1.0000,N/A
2026-09-05 19:43:00,1,UNNATURAL_GEOMETRIC_LINE,1.0000,N/A
2026-09-05 19:43:04,1,UNNATURAL_GEOMETRIC_LINE,1.0000,N/A
2026-09-05 19:43:06,1,UNNATURAL_GEOMETRIC_LINE,1.0000,N/A
2026-09-05 19:43:08,1,UNNATURAL_GEOMETRIC_LINE,1.0000,N/A
2026-09-05 19:43:08,1,UNNATURAL_GEOMETRIC_LINE,1.0000,N/A
2026-09-05 19:43:09,1,UNNATURAL_GEOMETRIC_LINE,1.0000,N/A
2026-09-05 19:43:12,1,UNNATURAL_GEOMETRIC_LINE,1.0000,N/A
2026-09-05 19:43:14,1,UNNATURAL_GEOMETRIC_LINE,1.0000,N/A
2026-09-05 19:43:16,1,UNNATURAL_GEOMETRIC_LINE,1.0000,N/A
2026-09-05 19:43:16,1,UNNATURAL_GEOMETRIC_LINE,1.0000,N/A
2026-09-05 19:43:20,1,UNNATURAL_GEOMETRIC_LINE,1.0000,N/A
2026-09-05 19:43:21,1,UNNATURAL_GEOMETRIC_LINE,1.0000,N/A
2026-09-05 19:43:22,1,UNNATURAL_GEOMETRIC_LINE,1.0000,N/A
2026-09-05 19:43:25,1,UNNATURAL_GEOMETRIC_LINE,1.0000,N/A
2026-09-05 19:43:28,1,UNNATURAL_GEOMETRIC_LINE,1.0000,N/A
2026-09-05 19:43:29,1,UNNATURAL_GEOMETRIC_LINE,1.0000,N/A
2026-09-05 19:43:31,1,UNNATURAL_GEOMETRIC_LINE,1.0000,N/A
2026-09-05 19:43:32,1,UNNATURAL_GEOMETRIC_LINE,1.0000,N/A
2026-09-05 19:43:33,1,UNNATURAL_GEOMETRIC_LINE,1.0000,N/A
2026-09-05 19:43:34,1,UNNATURAL_GEOMETRIC_LINE,1.0000,N/A
2026-09-05 19:43:35,1,UNNATURAL_GEOMETRIC_LINE,1.0000,N/A
2026-09-05 19:43:37,1,UNNATURAL_GEOMETRIC_LINE,1.0000,N/A
2026-09-05 19:43:39,1,UNNATURAL_GEOMETRIC_LINE,1.0000,N/A
2026-09-05 19:43:39,1,UNNATURAL_GEOMETRIC_LINE,1.0000,N/A
2026-09-05 19:43:40,1,UNNATURAL_GEOMETRIC_LINE,1.0000,N/A
2026-09-05 19:43:43,1,UNNATURAL_GEOMETRIC_LINE,1.0000,N/A
2026-09-05 19:43:43,1,UNNATURAL_GEOMETRIC_LINE,1.0000,N/A
2026-09-05 19:43:45,1,UNNATURAL_GEOMETRIC_LINE,1.0000,N/A
2026-09-05 19:43:46,1,UNNATURAL_GEOMETRIC_LINE,1.0000,N/A
2026-09-05 19:43:52,1,UNNATURAL_GEOMETRIC_LINE,1.0000,N/A
2026-09-05 19:43:54,1,UNNATURAL_GEOMETRIC_LINE,1.0000,N/A
2026-09-05 19:43:54,1,UNNATURAL_GEOMETRIC_LINE,1.0000,N/A
2026-09-05 19:43:54,1,MECHANICAL_LOCK_NO_TREMOR,1.0000,N/A
2026-09-05 19:43:57,1,UNNATURAL_GEOMETRIC_LINE,1.0000,N/A
2026-09-05 19:43:57,1,UNNATURAL_GEOMETRIC_LINE,1.0000,N/A
2026-09-05 19:44:00,1,UNNATURAL_GEOMETRIC_LINE,1.0000,N/A
2026-09-05 19:44:03,1,UNNATURAL_GEOMETRIC_LINE,1.0000,N/A
2026-09-05 19:44:06,1,UNNATURAL_GEOMETRIC_LINE,1.0000,N/A
2026-09-05 19:44:07,1,UNNATURAL_GEOMETRIC_LINE,1.0000,N/A
2026-09-05 19:44:08,1,UNNATURAL_GEOMETRIC_LINE,1.0000,N/A
2026-09-05 19:44:11,1,UNNATURAL_GEOMETRIC_LINE,1.0000,N/A
2026-09-05 19:44:13,1,UNNATURAL_GEOMETRIC_LINE,1.0000,N/A
2026-09-05 19:44:13,1,UNNATURAL_GEOMETRIC_LINE,1.0000,N/A
2026-09-05 19:44:15,1,UNNATURAL_GEOMETRIC_LINE,1.0000,N/A
2026-09-05 19:44:17,1,UNNATURAL_GEOMETRIC_LINE,1.0000,N/A
2026-09-05 19:44:17,1,UNNATURAL_GEOMETRIC_LINE,1.0000,N/A
2026-09-05 19:44:24,1,UNNATURAL_GEOMETRIC_LINE,1.0000,N/A
2026-09-05 19:44:28,1,UNNATURAL_GEOMETRIC_LINE,1.0000,N/A
2026-09-05 19:44:28,1,UNNATURAL_GEOMETRIC_LINE,1.0000,N/A
2026-09-05 19:44:30,1,UNNATURAL_GEOMETRIC_LINE,1.0000,N/A
2026-09-05 19:44:35,1,UNNATURAL_GEOMETRIC_LINE,1.0000,N/A
2026-09-05 19:44:35,1,UNNATURAL_GEOMETRIC_LINE,1.0000,N/A
2026-09-05 19:44:36,1,UNNATURAL_GEOMETRIC_LINE,1.0000,N/A
2026-09-05 19:44:39,1,UNNATURAL_GEOMETRIC_LINE,1.0000,N/A
2026-09-05 19:44:39,1,UNNATURAL_GEOMETRIC_LINE,1.0000,N/A
2026-09-05 19:44:44,1,UNNATURAL_GEOMETRIC_LINE,1.0000,N/A
2026-09-05 19:44:46,1,UNNATURAL_GEOMETRIC_LINE,1.0000,N/A
2026-09-05 19:44:46,1,UNNATURAL_GEOMETRIC_LINE,1.0000,N/A
2026-09-05 19:44:48,1,UNNATURAL_GEOMETRIC_LINE,1.0000,N/A
2026-09-05 19:44:50,1,UNNATURAL_GEOMETRIC_LINE,1.0000,N/A
2026-09-05 19:44:50,1,UNNATURAL_GEOMETRIC_LINE,1.0000,N/A
2026-09-05 19:44:53,1,UNNATURAL_GEOMETRIC_LINE,1.0000,N/A
2026-09-05 19:44:55,1,UNNATURAL_GEOMETRIC_LINE,1.0000,N/A
2026-09-05 19:44:55,1,UNNATURAL_GEOMETRIC_LINE,1.0000,N/A
2026-09-05 19:44:56,1,UNNATURAL_GEOMETRIC_LINE,1.0000,N/A
2026-09-05 19:44:59,1,UNNATURAL_GEOMETRIC_LINE,1.0000,N/A
2026-09-05 19:45:01,1,UNNATURAL_GEOMETRIC_LINE,1.0000,N/A
2026-09-05 19:45:08,1,UNNATURAL_GEOMETRIC_LINE,1.0000,N/A
2026-09-05 19:45:08,1,UNNATURAL_GEOMETRIC_LINE,1.0000,N/A
2026-09-05 19:45:10,1,UNNATURAL_GEOMETRIC_LINE,1.0000,N/A
2026-09-05 19:45:10,1,UNNATURAL_GEOMETRIC_LINE,1.0000,N/A
2026-09-05 19:45:14,1,UNNATURAL_GEOMETRIC_LINE,1.0000,N/A
2026-09-05 19:45:19,1,UNNATURAL_GEOMETRIC_LINE,1.0000,N/A
2026-09-05 19:45:22,1,UNNATURAL_GEOMETRIC_LINE,1.0000,N/A
2026-09-05 19:45:24,1,UNNATURAL_GEOMETRIC_LINE,1.0000,N/A
2026-09-05 19:45:24,1,UNNATURAL_GEOMETRIC_LINE,1.0000,N/A
2026-09-05 19:45:26,1,UNNATURAL_GEOMETRIC_LINE,1.0000,N/A
2026-09-05 19:45:29,1,UNNATURAL_GEOMETRIC_LINE,1.0000,N/A
2026-09-05 19:45:30,1,UNNATURAL_GEOMETRIC_LINE,1.0000,N/A
2026-09-05 19:45:32,1,UNNATURAL_GEOMETRIC_LINE,1.0000,N/A
2026-09-05 19:45:33,1,UNNATURAL_GEOMETRIC_LINE,1.0000,N/A
2026-09-05 19:45:35,1,UNNATURAL_GEOMETRIC_LINE,1.0000,N/A
2026-09-05 19:45:36,1,UNNATURAL_GEOMETRIC_LINE,1.0000,N/A
2026-09-05 19:45:36,1,UNNATURAL_GEOMETRIC_LINE,1.0000,N/A
2026-09-05 19:45:39,1,UNNATURAL_GEOMETRIC_LINE,1.0000,N/A
2026-09-05 19:45:40,1,UNNATURAL_GEOMETRIC_LINE,1.0000,N/A
2026-09-05 19:45:45,1,UNNATURAL_GEOMETRIC_LINE,1.0000,N/A
2026-09-05 19:45:47,1,UNNATURAL_GEOMETRIC_LINE,1.0000,N/A
2026-09-05 19:45:47,1,UNNATURAL_GEOMETRIC_LINE,1.0000,N/A
2026-09-05 19:45:48,1,UNNATURAL_GEOMETRIC_LINE,1.0000,N/A
2026-09-05 19:45:51,1,UNNATURAL_GEOMETRIC_LINE,1.0000,N/A
2026-09-05 19:45:57,1,UNNATURAL_GEOMETRIC_LINE,1.0000,N/A
2026-09-05 19:45:58,1,UNNATURAL_GEOMETRIC_LINE,1.0000,N/A
2026-09-05 19:46:04,1,UNNATURAL_GEOMETRIC_LINE,1.0000,N/A
2026-09-05 19:46:06,1,UNNATURAL_GEOMETRIC_LINE,1.0000,N/A
2026-09-05 19:46:07,1,UNNATURAL_GEOMETRIC_LINE,1.0000,N/A
2026-09-05 19:46:10,1,UNNATURAL_GEOMETRIC_LINE,1.0000,N/A
2026-09-05 19:46:14,1,UNNATURAL_GEOMETRIC_LINE,1.0000,N/A
2026-09-05 19:46:16,1,UNNATURAL_GEOMETRIC_LINE,1.0000,N/A
2026-09-05 19:46:16,1,UNNATURAL_GEOMETRIC_LINE,1.0000,N/A
2026-09-05 19:46:18,1,UNNATURAL_GEOMETRIC_LINE,1.0000,N/A
2026-09-05 19:46:22,1,UNNATURAL_GEOMETRIC_LINE,1.0000,N/A
2026-09-05 19:46:22,1,UNNATURAL_GEOMETRIC_LINE,1.0000,N/A
2026-09-05 19:46:24,1,UNNATURAL_GEOMETRIC_LINE,1.0000,N/A
2026-09-05 19:46:27,1,UNNATURAL_GEOMETRIC_LINE,1.0000,N/A
2026-09-05 19:46:28,1,UNNATURAL_GEOMETRIC_LINE,1.0000,N/A
2026-09-05 19:46:35,1,UNNATURAL_GEOMETRIC_LINE,1.0000,N/A
2026-09-05 19:46:38,1,UNNATURAL_GEOMETRIC_LINE,1.0000,N/A
2026-09-05 19:46:39,1,UNNATURAL_GEOMETRIC_LINE,1.0000,N/A
2026-09-05 19:46:41,1,UNNATURAL_GEOMETRIC_LINE,1.0000,N/A
2026-09-05 19:46:42,1,UNNATURAL_GEOMETRIC_LINE,1.0000,N/A
2026-09-05 19:46:49,1,UNNATURAL_GEOMETRIC_LINE,1.0000,N/A
2026-09-05 19:46:51,1,UNNATURAL_GEOMETRIC_LINE,1.0000,N/A
2026-09-05 19:46:51,1,UNNATURAL_GEOMETRIC_LINE,1.0000,N/A
2026-09-05 19:46:57,1,UNNATURAL_GEOMETRIC_LINE,1.0000,N/A
2026-09-05 19:47:01,1,UNNATURAL_GEOMETRIC_LINE,1.0000,N/A
2026-09-05 19:47:02,1,UNNATURAL_GEOMETRIC_LINE,1.0000,N/A
2026-09-05 19:47:05,1,UNNATURAL_GEOMETRIC_LINE,1.0000,N/A
2026-09-05 19:47:05,1,UNNATURAL_GEOMETRIC_LINE,1.0000,N/A
2026-09-05 19:47:07,1,UNNATURAL_GEOMETRIC_LINE,1.0000,N/A
2026-09-05 19:47:08,1,UNNATURAL_GEOMETRIC_LINE,1.0000,N/A
2026-09-05 19:47:09,1,UNNATURAL_GEOMETRIC_LINE,1.0000,N/A
2026-09-05 19:47:14,1,UNNATURAL_GEOMETRIC_LINE,1.0000,N/A
2026-09-05 19:47:16,1,UNNATURAL_GEOMETRIC_LINE,1.0000,N/A
2026-09-05 19:47:16,1,UNNATURAL_GEOMETRIC_LINE,1.0000,N/A
2026-09-05 19:47:17,1,UNNATURAL_GEOMETRIC_LINE,1.0000,N/A
2026-09-05 19:47:21,1,UNNATURAL_GEOMETRIC_LINE,1.0000,N/A
2026-09-05 19:47:21,1,UNNATURAL_GEOMETRIC_LINE,1.0000,N/A
2026-09-05 19:47:23,1,UNNATURAL_GEOMETRIC_LINE,1.0000,N/A
2026-09-05 19:47:27,1,UNNATURAL_GEOMETRIC_LINE,1.0000,N/A
2026-09-05 19:47:39,1,UNNATURAL_GEOMETRIC_LINE,1.0000,N/A
2026-09-05 19:47:42,1,UNNATURAL_GEOMETRIC_LINE,1.0000,N/A
2026-09-05 19:47:42,1,UNNATURAL_GEOMETRIC_LINE,1.0000,N/A
2026-09-05 19:47:45,1,UNNATURAL_GEOMETRIC_LINE,1.0000,N/A
2026-09-05 19:47:47,1,UNNATURAL_GEOMETRIC_LINE,1.0000,N/A
2026-09-05 19:47:49,1,UNNATURAL_GEOMETRIC_LINE,1.0000,N/A
2026-09-05 19:47:50,1,UNNATURAL_GEOMETRIC_LINE,1.0000,N/A
2026-09-05 19:47:51,1,UNNATURAL_GEOMETRIC_LINE,1.0000,N/A
2026-09-05 19:47:53,1,UNNATURAL_GEOMETRIC_LINE,1.0000,N/A
2026-09-05 19:47:53,1,UNNATURAL_GEOMETRIC_LINE,1.0000,N/A
2026-09-05 19:47:53,1,MECHANICAL_LOCK_NO_TREMOR,1.0000,N/A
2026-09-05 19:47:59,1,UNNATURAL_GEOMETRIC_LINE,1.0000,N/A
2026-09-05 19:47:59,1,UNNATURAL_GEOMETRIC_LINE,1.0000,N/A
2026-09-05 19:48:06,1,UNNATURAL_GEOMETRIC_LINE,1.0000,N/A
2026-09-05 19:48:08,1,UNNATURAL_GEOMETRIC_LINE,1.0000,N/A
2026-09-05 19:48:09,1,UNNATURAL_GEOMETRIC_LINE,1.0000,N/A
2026-09-05 19:48:09,1,MECHANICAL_LOCK_NO_TREMOR,1.0000,N/A
2026-09-05 19:48:11,1,UNNATURAL_GEOMETRIC_LINE,1.0000,N/A
2026-09-05 19:48:11,1,UNNATURAL_GEOMETRIC_LINE,1.0000,N/A
2026-09-05 19:48:16,1,UNNATURAL_GEOMETRIC_LINE,1.0000,N/A
2026-09-05 19:48:19,1,UNNATURAL_GEOMETRIC_LINE,1.0000,N/A
2026-09-05 19:48:20,1,UNNATURAL_GEOMETRIC_LINE,1.0000,N/A
2026-09-05 19:48:22,1,UNNATURAL_GEOMETRIC_LINE,1.0000,N/A
2026-09-05 19:48:23,1,UNNATURAL_GEOMETRIC_LINE,1.0000,N/A
2026-09-05 19:48:23,1,UNNATURAL_GEOMETRIC_LINE,1.0000,N/A
2026-09-05 19:48:25,1,UNNATURAL_GEOMETRIC_LINE,1.0000,N/A
2026-09-05 19:48:25,1,UNNATURAL_GEOMETRIC_LINE,1.0000,N/A
2026-09-05 19:48:29,1,UNNATURAL_GEOMETRIC_LINE,1.0000,N/A
2026-09-05 19:48:31,1,UNNATURAL_GEOMETRIC_LINE,1.0000,N/A
2026-09-05 19:48:31,1,UNNATURAL_GEOMETRIC_LINE,1.0000,N/A
2026-09-05 19:48:34,1,UNNATURAL_GEOMETRIC_LINE,1.0000,N/A
2026-09-05 19:48:37,1,UNNATURAL_GEOMETRIC_LINE,1.0000,N/A
2026-09-05 19:48:37,1,UNNATURAL_GEOMETRIC_LINE,1.0000,N/A
2026-09-05 19:48:39,1,UNNATURAL_GEOMETRIC_LINE,1.0000,N/A
2026-09-05 19:48:43,1,UNNATURAL_GEOMETRIC_LINE,1.0000,N/A
2026-09-05 19:48:43,1,UNNATURAL_GEOMETRIC_LINE,1.0000,N/A
2026-09-05 19:48:44,1,UNNATURAL_GEOMETRIC_LINE,1.0000,N/A
2026-09-05 19:48:48,1,UNNATURAL_GEOMETRIC_LINE,1.0000,N/A
2026-09-05 19:48:48,1,UNNATURAL_GEOMETRIC_LINE,1.0000,N/A
2026-09-05 19:48:50,1,UNNATURAL_GEOMETRIC_LINE,1.0000,N/A
2026-09-05 19:48:52,1,UNNATURAL_GEOMETRIC_LINE,1.0000,N/A
2026-09-05 19:48:52,1,UNNATURAL_GEOMETRIC_LINE,1.0000,N/A
2026-09-05 19:48:53,1,UNNATURAL_GEOMETRIC_LINE,1.0000,N/A
2026-09-05 19:48:54,1,UNNATURAL_GEOMETRIC_LINE,1.0000,N/A
2026-09-05 19:48:55,1,UNNATURAL_GEOMETRIC_LINE,1.0000,N/A
2026-09-05 19:48:59,1,UNNATURAL_GEOMETRIC_LINE,1.0000,N/A
2026-09-05 19:49:01,1,UNNATURAL_GEOMETRIC_LINE,1.0000,N/A
2026-09-05 19:49:01,1,UNNATURAL_GEOMETRIC_LINE,1.0000,N/A
2026-09-05 19:49:02,1,UNNATURAL_GEOMETRIC_LINE,1.0000,N/A
2026-09-05 19:49:04,1,UNNATURAL_GEOMETRIC_LINE,1.0000,N/A
2026-09-05 19:49:04,1,UNNATURAL_GEOMETRIC_LINE,1.0000,N/A
2026-09-05 19:49:05,1,UNNATURAL_GEOMETRIC_LINE,1.0000,N/A
2026-09-05 19:49:08,1,UNNATURAL_GEOMETRIC_LINE,1.0000,N/A
2026-09-05 19:49:14,1,UNNATURAL_GEOMETRIC_LINE,1.0000,N/A
2026-09-05 19:49:16,1,UNNATURAL_GEOMETRIC_LINE,1.0000,N/A
2026-09-05 19:49:16,1,UNNATURAL_GEOMETRIC_LINE,1.0000,N/A
2026-09-05 19:49:17,1,UNNATURAL_GEOMETRIC_LINE,1.0000,N/A
2026-09-05 19:49:20,1,UNNATURAL_GEOMETRIC_LINE,1.0000,N/A
2026-09-05 19:49:21,1,UNNATURAL_GEOMETRIC_LINE,1.0000,N/A
2026-09-05 19:49:21,1,UNNATURAL_GEOMETRIC_LINE,1.0000,N/A
2026-09-05 19:49:23,1,UNNATURAL_GEOMETRIC_LINE,1.0000,N/A
2026-09-05 19:49:23,1,UNNATURAL_GEOMETRIC_LINE,1.0000,N/A
2026-09-05 19:49:28,1,UNNATURAL_GEOMETRIC_LINE,1.0000,N/A
2026-09-05 19:49:31,1,UNNATURAL_GEOMETRIC_LINE,1.0000,N/A
2026-09-05 19:49:34,1,UNNATURAL_GEOMETRIC_LINE,1.0000,N/A
2026-09-05 19:49:38,1,UNNATURAL_GEOMETRIC_LINE,1.0000,N/A
2026-09-05 19:49:38,1,UNNATURAL_GEOMETRIC_LINE,1.0000,N/A
2026-09-05 19:49:38,1,MECHANICAL_LOCK_NO_TREMOR,1.0000,N/A
2026-09-05 19:49:40,1,UNNATURAL_GEOMETRIC_LINE,1.0000,N/A
2026-09-05 19:49:40,1,UNNATURAL_GEOMETRIC_LINE,1.0000,N/A
2026-09-05 19:49:44,1,UNNATURAL_GEOMETRIC_LINE,1.0000,N/A
2026-09-05 19:49:45,1,UNNATURAL_GEOMETRIC_LINE,1.0000,N/A
2026-09-05 19:49:46,1,UNNATURAL_GEOMETRIC_LINE,1.0000,N/A
2026-09-05 19:49:46,1,UNNATURAL_GEOMETRIC_LINE,1.0000,N/A
2026-09-05 19:49:50,1,UNNATURAL_GEOMETRIC_LINE,1.0000,N/A
2026-09-05 19:49:50,1,UNNATURAL_GEOMETRIC_LINE,1.0000,N/A
2026-09-05 19:49:51,1,UNNATURAL_GEOMETRIC_LINE,1.0000,N/A
2026-09-05 19:49:53,1,UNNATURAL_GEOMETRIC_LINE,1.0000,N/A
2026-09-05 19:49:54,1,UNNATURAL_GEOMETRIC_LINE,1.0000,N/A
2026-09-05 19:49:55,1,UNNATURAL_GEOMETRIC_LINE,1.0000,N/A
2026-09-05 19:49:58,1,UNNATURAL_GEOMETRIC_LINE,1.0000,N/A
2026-09-05 19:50:00,1,UNNATURAL_GEOMETRIC_LINE,1.0000,N/A
2026-09-05 19:50:01,1,UNNATURAL_GEOMETRIC_LINE,1.0000,N/A
2026-09-05 19:50:02,1,UNNATURAL_GEOMETRIC_LINE,1.0000,N/A
2026-09-05 19:50:05,1,UNNATURAL_GEOMETRIC_LINE,1.0000,N/A
2026-09-05 19:50:05,1,UNNATURAL_GEOMETRIC_LINE,1.0000,N/A
2026-09-05 19:50:14,1,UNNATURAL_GEOMETRIC_LINE,1.0000,N/A
2026-09-05 19:50:16,1,UNNATURAL_GEOMETRIC_LINE,1.0000,N/A
2026-09-05 19:50:16,1,UNNATURAL_GEOMETRIC_LINE,1.0000,N/A
2026-09-05 19:50:17,1,UNNATURAL_GEOMETRIC_LINE,1.0000,N/A
2026-09-05 19:50:22,1,UNNATURAL_GEOMETRIC_LINE,1.0000,N/A
2026-09-05 19:50:22,1,UNNATURAL_GEOMETRIC_LINE,1.0000,N/A
2026-09-05 19:50:24,1,UNNATURAL_GEOMETRIC_LINE,1.0000,N/A
2026-09-05 19:50:26,1,UNNATURAL_GEOMETRIC_LINE,1.0000,N/A
2026-09-05 19:50:26,1,UNNATURAL_GEOMETRIC_LINE,1.0000,N/A
2026-09-05 19:50:29,1,UNNATURAL_GEOMETRIC_LINE,1.0000,N/A
2026-09-05 19:50:31,1,UNNATURAL_GEOMETRIC_LINE,1.0000,N/A
2026-09-05 19:50:31,1,UNNATURAL_GEOMETRIC_LINE,1.0000,N/A
2026-09-05 19:50:35,1,UNNATURAL_GEOMETRIC_LINE,1.0000,N/A
2026-09-05 19:50:37,1,UNNATURAL_GEOMETRIC_LINE,1.0000,N/A
2026-09-05 19:50:38,1,UNNATURAL_GEOMETRIC_LINE,1.0000,N/A
2026-09-05 19:50:43,1,UNNATURAL_GEOMETRIC_LINE,1.0000,N/A
2026-09-05 19:50:45,1,UNNATURAL_GEOMETRIC_LINE,1.0000,N/A
2026-09-05 19:50:45,1,UNNATURAL_GEOMETRIC_LINE,1.0000,N/A
2026-09-05 19:50:47,1,UNNATURAL_GEOMETRIC_LINE,1.0000,N/A
2026-09-05 19:50:49,1,UNNATURAL_GEOMETRIC_LINE,1.0000,N/A
2026-09-05 19:50:49,1,UNNATURAL_GEOMETRIC_LINE,1.0000,N/A
2026-09-05 19:50:50,1,UNNATURAL_GEOMETRIC_LINE,1.0000,N/A
2026-09-05 19:50:52,1,UNNATURAL_GEOMETRIC_LINE,1.0000,N/A
2026-09-05 19:50:52,1,UNNATURAL_GEOMETRIC_LINE,1.0000,N/A
2026-09-05 19:50:53,1,UNNATURAL_GEOMETRIC_LINE,1.0000,N/A
2026-09-05 19:50:55,1,UNNATURAL_GEOMETRIC_LINE,1.0000,N/A
2026-09-05 19:50:55,1,UNNATURAL_GEOMETRIC_LINE,1.0000,N/A
2026-09-05 19:51:08,1,UNNATURAL_GEOMETRIC_LINE,1.0000,N/A
2026-09-05 19:51:09,1,UNNATURAL_GEOMETRIC_LINE,1.0000,N/A
2026-09-05 19:51:10,1,UNNATURAL_GEOMETRIC_LINE,1.0000,N/A
2026-09-05 19:51:11,1,UNNATURAL_GEOMETRIC_LINE,1.0000,N/A
2026-09-05 19:51:13,1,UNNATURAL_GEOMETRIC_LINE,1.0000,N/A
2026-09-05 19:51:14,1,UNNATURAL_GEOMETRIC_LINE,1.0000,N/A
2026-09-05 19:51:18,1,UNNATURAL_GEOMETRIC_LINE,1.0000,N/A
2026-09-05 19:51:24,1,UNNATURAL_GEOMETRIC_LINE,1.0000,N/A
2026-09-05 19:51:24,1,UNNATURAL_GEOMETRIC_LINE,1.0000,N/A
2026-09-05 19:51:28,1,UNNATURAL_GEOMETRIC_LINE,1.0000,N/A
2026-09-05 19:51:29,1,UNNATURAL_GEOMETRIC_LINE,1.0000,N/A
2026-09-05 19:51:30,1,UNNATURAL_GEOMETRIC_LINE,1.0000,N/A
2026-09-05 19:51:34,1,UNNATURAL_GEOMETRIC_LINE,1.0000,N/A
2026-09-05 19:51:35,1,UNNATURAL_GEOMETRIC_LINE,1.0000,N/A
2026-09-05 19:51:36,1,UNNATURAL_GEOMETRIC_LINE,1.0000,N/A
2026-09-05 19:51:38,1,UNNATURAL_GEOMETRIC_LINE,1.0000,N/A
2026-09-05 19:51:41,1,UNNATURAL_GEOMETRIC_LINE,1.0000,N/A
2026-09-05 19:51:47,1,UNNATURAL_GEOMETRIC_LINE,1.0000,N/A
2026-09-05 19:51:51,1,UNNATURAL_GEOMETRIC_LINE,1.0000,N/A
2026-09-05 19:51:52,1,UNNATURAL_GEOMETRIC_LINE,1.0000,N/A
2026-09-05 19:51:52,1,UNNATURAL_GEOMETRIC_LINE,1.0000,N/A
2026-09-05 19:52:00,1,UNNATURAL_GEOMETRIC_LINE,1.0000,N/A
2026-09-05 19:52:00,1,UNNATURAL_GEOMETRIC_LINE,1.0000,N/A
2026-09-05 19:52:03,1,UNNATURAL_GEOMETRIC_LINE,1.0000,N/A
2026-09-05 19:52:08,1,UNNATURAL_GEOMETRIC_LINE,1.0000,N/A
2026-09-05 19:52:08,1,UNNATURAL_GEOMETRIC_LINE,1.0000,N/A
2026-09-05 19:52:09,1,UNNATURAL_GEOMETRIC_LINE,1.0000,N/A
2026-09-05 19:52:11,1,UNNATURAL_GEOMETRIC_LINE,1.0000,N/A
2026-09-05 19:52:11,1,UNNATURAL_GEOMETRIC_LINE,1.0000,N/A
2026-09-05 19:52:12,1,UNNATURAL_GEOMETRIC_LINE,1.0000,N/A
2026-09-05 19:52:13,1,UNNATURAL_GEOMETRIC_LINE,1.0000,N/A
2026-09-05 19:52:14,1,UNNATURAL_GEOMETRIC_LINE,1.0000,N/A
2026-09-05 19:52:14,1,MECHANICAL_LOCK_NO_TREMOR,1.0000,N/A
2026-09-05 19:52:17,1,UNNATURAL_GEOMETRIC_LINE,1.0000,N/A
2026-09-05 19:52:20,1,UNNATURAL_GEOMETRIC_LINE,1.0000,N/A
2026-09-05 19:52:23,1,UNNATURAL_GEOMETRIC_LINE,1.0000,N/A
2026-09-05 19:52:25,1,UNNATURAL_GEOMETRIC_LINE,1.0000,N/A
2026-09-05 19:52:25,1,UNNATURAL_GEOMETRIC_LINE,1.0000,N/A
2026-09-05 19:52:26,1,MECHANICAL_LOCK_NO_TREMOR,1.0000,N/A
2026-09-05 19:52:27,1,UNNATURAL_GEOMETRIC_LINE,1.0000,N/A
2026-09-05 19:52:28,1,UNNATURAL_GEOMETRIC_LINE,1.0000,N/A
2026-09-05 19:52:32,1,UNNATURAL_GEOMETRIC_LINE,1.0000,N/A
2026-09-05 19:52:33,1,UNNATURAL_GEOMETRIC_LINE,1.0000,N/A
2026-09-05 19:52:34,1,UNNATURAL_GEOMETRIC_LINE,1.0000,N/A
2026-09-05 19:52:34,1,UNNATURAL_GEOMETRIC_LINE,1.0000,N/A
2026-09-05 19:52:36,1,UNNATURAL_GEOMETRIC_LINE,1.0000,N/A
2026-09-05 19:52:37,1,UNNATURAL_GEOMETRIC_LINE,1.0000,N/A
2026-09-05 19:52:40,1,UNNATURAL_GEOMETRIC_LINE,1.0000,N/A
2026-09-05 19:52:42,1,UNNATURAL_GEOMETRIC_LINE,1.0000,N/A
2026-09-05 19:52:43,1,UNNATURAL_GEOMETRIC_LINE,1.0000,N/A
2026-09-05 19:52:43,1,UNNATURAL_GEOMETRIC_LINE,1.0000,N/A
2026-09-05 19:52:46,1,UNNATURAL_GEOMETRIC_LINE,1.0000,N/A
2026-09-05 19:52:46,1,UNNATURAL_GEOMETRIC_LINE,1.0000,N/A
2026-09-05 19:53:01,1,UNNATURAL_GEOMETRIC_LINE,1.0000,N/A
2026-09-05 19:53:02,1,UNNATURAL_GEOMETRIC_LINE,1.0000,N/A
2026-09-05 19:53:03,1,UNNATURAL_GEOMETRIC_LINE,1.0000,N/A
2026-09-05 19:53:08,1,UNNATURAL_GEOMETRIC_LINE,1.0000,N/A
2026-09-05 19:53:10,1,UNNATURAL_GEOMETRIC_LINE,1.0000,N/A
2026-09-05 19:53:10,1,UNNATURAL_GEOMETRIC_LINE,1.0000,N/A
2026-09-05 19:53:11,1,UNNATURAL_GEOMETRIC_LINE,1.0000,N/A
2026-09-05 19:53:14,1,UNNATURAL_GEOMETRIC_LINE,1.0000,N/A
2026-09-05 19:53:20,1,UNNATURAL_GEOMETRIC_LINE,1.0000,N/A
2026-09-05 19:53:22,1,UNNATURAL_GEOMETRIC_LINE,1.0000,N/A
2026-09-05 19:53:22,1,UNNATURAL_GEOMETRIC_LINE,1.0000,N/A
2026-09-05 19:53:30,1,UNNATURAL_GEOMETRIC_LINE,1.0000,N/A
2026-09-05 19:53:32,1,UNNATURAL_GEOMETRIC_LINE,1.0000,N/A
2026-09-05 19:53:32,1,UNNATURAL_GEOMETRIC_LINE,1.0000,N/A
2026-09-05 19:53:34,1,UNNATURAL_GEOMETRIC_LINE,1.0000,N/A
2026-09-05 19:53:36,1,UNNATURAL_GEOMETRIC_LINE,1.0000,N/A
2026-09-05 19:53:36,1,UNNATURAL_GEOMETRIC_LINE,1.0000,N/A
2026-09-05 19:53:43,1,UNNATURAL_GEOMETRIC_LINE,1.0000,N/A
2026-09-05 19:53:45,1,UNNATURAL_GEOMETRIC_LINE,1.0000,N/A
2026-09-05 19:53:45,1,UNNATURAL_GEOMETRIC_LINE,1.0000,N/A
2026-09-05 19:53:48,1,UNNATURAL_GEOMETRIC_LINE,1.0000,N/A
2026-09-05 19:53:50,1,UNNATURAL_GEOMETRIC_LINE,1.0000,N/A
2026-09-05 19:53:50,1,UNNATURAL_GEOMETRIC_LINE,1.0000,N/A
2026-09-05 19:53:54,1,UNNATURAL_GEOMETRIC_LINE,1.0000,N/A
2026-09-05 19:54:00,1,UNNATURAL_GEOMETRIC_LINE,1.0000,N/A
2026-09-05 19:54:01,1,UNNATURAL_GEOMETRIC_LINE,1.0000,N/A
2026-09-05 19:54:11,1,UNNATURAL_GEOMETRIC_LINE,1.0000,N/A
2026-09-05 19:54:14,1,UNNATURAL_GEOMETRIC_LINE,1.0000,N/A
2026-09-05 19:54:15,1,UNNATURAL_GEOMETRIC_LINE,1.0000,N/A
2026-09-05 19:54:15,1,UNNATURAL_GEOMETRIC_LINE,1.0000,N/A
2026-09-05 19:54:17,1,UNNATURAL_GEOMETRIC_LINE,1.0000,N/A
2026-09-05 19:54:18,1,UNNATURAL_GEOMETRIC_LINE,1.0000,N/A
2026-09-05 19:54:19,1,UNNATURAL_GEOMETRIC_LINE,1.0000,N/A
2026-09-05 19:54:20,1,UNNATURAL_GEOMETRIC_LINE,1.0000,N/A
2026-09-05 19:54:21,1,UNNATURAL_GEOMETRIC_LINE,1.0000,N/A
2026-09-05 19:54:26,1,UNNATURAL_GEOMETRIC_LINE,1.0000,N/A
2026-09-05 19:54:28,1,UNNATURAL_GEOMETRIC_LINE,1.0000,N/A
2026-09-05 19:54:30,1,UNNATURAL_GEOMETRIC_LINE,1.0000,N/A
2026-09-05 19:54:33,1,UNNATURAL_GEOMETRIC_LINE,1.0000,N/A
2026-09-05 19:54:36,1,UNNATURAL_GEOMETRIC_LINE,1.0000,N/A
2026-09-05 19:54:36,1,UNNATURAL_GEOMETRIC_LINE,1.0000,N/A
2026-09-05 19:54:41,1,UNNATURAL_GEOMETRIC_LINE,1.0000,N/A
2026-09-05 19:54:45,1,UNNATURAL_GEOMETRIC_LINE,1.0000,N/A
2026-09-05 19:54:45,1,UNNATURAL_GEOMETRIC_LINE,1.0000,N/A
2026-09-05 19:54:49,1,UNNATURAL_GEOMETRIC_LINE,1.0000,N/A
2026-09-05 19:54:51,1,UNNATURAL_GEOMETRIC_LINE,1.0000,N/A
2026-09-05 19:54:52,1,UNNATURAL_GEOMETRIC_LINE,1.0000,N/A
2026-09-05 19:54:57,1,UNNATURAL_GEOMETRIC_LINE,1.0000,N/A
2026-09-05 19:55:00,1,UNNATURAL_GEOMETRIC_LINE,1.0000,N/A
2026-09-05 19:55:01,1,UNNATURAL_GEOMETRIC_LINE,1.0000,N/A
2026-09-05 19:55:05,1,UNNATURAL_GEOMETRIC_LINE,1.0000,N/A
2026-09-05 19:55:09,1,UNNATURAL_GEOMETRIC_LINE,1.0000,N/A
2026-09-05 19:55:09,1,UNNATURAL_GEOMETRIC_LINE,1.0000,N/A
2026-09-05 19:55:12,1,UNNATURAL_GEOMETRIC_LINE,1.0000,N/A
2026-09-05 19:55:13,1,UNNATURAL_GEOMETRIC_LINE,1.0000,N/A
2026-09-05 19:55:14,1,UNNATURAL_GEOMETRIC_LINE,1.0000,N/A
2026-09-05 19:55:15,1,UNNATURAL_GEOMETRIC_LINE,1.0000,N/A
2026-09-05 19:55:17,1,UNNATURAL_GEOMETRIC_LINE,1.0000,N/A
2026-09-05 19:55:17,1,UNNATURAL_GEOMETRIC_LINE,1.0000,N/A
2026-09-05 19:55:19,1,UNNATURAL_GEOMETRIC_LINE,1.0000,N/A
2026-09-05 19:55:21,1,UNNATURAL_GEOMETRIC_LINE,1.0000,N/A
2026-09-05 19:55:21,1,UNNATURAL_GEOMETRIC_LINE,1.0000,N/A
2026-09-05 19:55:22,1,UNNATURAL_GEOMETRIC_LINE,1.0000,N/A
2026-09-05 19:55:23,1,UNNATURAL_GEOMETRIC_LINE,1.0000,N/A
2026-09-05 19:55:24,1,UNNATURAL_GEOMETRIC_LINE,1.0000,N/A
2026-09-05 19:55:27,1,UNNATURAL_GEOMETRIC_LINE,1.0000,N/A
2026-09-05 19:55:29,1,UNNATURAL_GEOMETRIC_LINE,1.0000,N/A
2026-09-05 19:55:34,1,UNNATURAL_GEOMETRIC_LINE,1.0000,N/A
2026-09-05 19:55:36,1,UNNATURAL_GEOMETRIC_LINE,1.0000,N/A
2026-09-05 19:55:37,1,UNNATURAL_GEOMETRIC_LINE,1.0000,N/A
2026-09-05 19:55:39,1,UNNATURAL_GEOMETRIC_LINE,1.0000,N/A
2026-09-05 19:55:42,1,UNNATURAL_GEOMETRIC_LINE,1.0000,N/A
2026-09-05 19:55:42,1,UNNATURAL_GEOMETRIC_LINE,1.0000,N/A
2026-09-05 19:55:44,1,UNNATURAL_GEOMETRIC_LINE,1.0000,N/A
2026-09-05 19:55:45,1,UNNATURAL_GEOMETRIC_LINE,1.0000,N/A
2026-09-05 19:55:46,1,UNNATURAL_GEOMETRIC_LINE,1.0000,N/A
2026-09-05 19:55:47,1,UNNATURAL_GEOMETRIC_LINE,1.0000,N/A
2026-09-05 19:55:49,1,UNNATURAL_GEOMETRIC_LINE,1.0000,N/A
2026-09-05 19:55:49,1,UNNATURAL_GEOMETRIC_LINE,1.0000,N/A
2026-09-05 19:55:50,1,UNNATURAL_GEOMETRIC_LINE,1.0000,N/A
2026-09-05 19:55:53,1,UNNATURAL_GEOMETRIC_LINE,1.0000,N/A
2026-09-05 19:55:53,1,UNNATURAL_GEOMETRIC_LINE,1.0000,N/A
2026-09-05 19:55:55,1,UNNATURAL_GEOMETRIC_LINE,1.0000,N/A
2026-09-05 19:55:58,1,UNNATURAL_GEOMETRIC_LINE,1.0000,N/A
2026-09-05 19:56:06,1,UNNATURAL_GEOMETRIC_LINE,1.0000,N/A
2026-09-05 19:56:08,1,UNNATURAL_GEOMETRIC_LINE,1.0000,N/A
2026-09-05 19:56:08,1,UNNATURAL_GEOMETRIC_LINE,1.0000,N/A
2026-09-05 19:56:09,1,UNNATURAL_GEOMETRIC_LINE,1.0000,N/A
2026-09-05 19:56:11,1,UNNATURAL_GEOMETRIC_LINE,1.0000,N/A
2026-09-05 19:56:11,1,UNNATURAL_GEOMETRIC_LINE,1.0000,N/A
2026-09-05 19:56:12,1,UNNATURAL_GEOMETRIC_LINE,1.0000,N/A
2026-09-05 19:56:16,1,UNNATURAL_GEOMETRIC_LINE,1.0000,N/A
2026-09-05 19:56:19,1,UNNATURAL_GEOMETRIC_LINE,1.0000,N/A
2026-09-05 19:56:20,1,UNNATURAL_GEOMETRIC_LINE,1.0000,N/A
2026-09-05 19:56:26,1,UNNATURAL_GEOMETRIC_LINE,1.0000,N/A
2026-09-05 19:56:29,1,UNNATURAL_GEOMETRIC_LINE,1.0000,N/A
2026-09-05 19:56:31,1,UNNATURAL_GEOMETRIC_LINE,1.0000,N/A
2026-09-05 19:56:31,1,UNNATURAL_GEOMETRIC_LINE,1.0000,N/A
2026-09-05 19:56:33,1,UNNATURAL_GEOMETRIC_LINE,1.0000,N/A
2026-09-05 19:56:34,1,UNNATURAL_GEOMETRIC_LINE,1.0000,N/A
2026-09-05 19:56:34,1,UNNATURAL_GEOMETRIC_LINE,1.0000,N/A
2026-09-05 19:56:38,1,UNNATURAL_GEOMETRIC_LINE,1.0000,N/A
2026-09-05 19:56:44,1,UNNATURAL_GEOMETRIC_LINE,1.0000,N/A
2026-09-05 19:56:47,1,UNNATURAL_GEOMETRIC_LINE,1.0000,N/A
2026-09-05 19:56:51,1,UNNATURAL_GEOMETRIC_LINE,1.0000,N/A
2026-09-05 19:56:54,1,UNNATURAL_GEOMETRIC_LINE,1.0000,N/A
2026-09-05 19:56:54,1,UNNATURAL_GEOMETRIC_LINE,1.0000,N/A
2026-09-05 19:57:08,1,UNNATURAL_GEOMETRIC_LINE,1.0000,N/A
2026-09-05 19:57:13,1,UNNATURAL_GEOMETRIC_LINE,1.0000,N/A
2026-09-05 19:57:21,1,UNNATURAL_GEOMETRIC_LINE,1.0000,N/A
2026-09-05 19:57:25,1,UNNATURAL_GEOMETRIC_LINE,1.0000,N/A
2026-09-05 19:57:25,1,UNNATURAL_GEOMETRIC_LINE,1.0000,N/A
2026-09-05 19:57:26,1,UNNATURAL_GEOMETRIC_LINE,1.0000,N/A
2026-09-05 19:57:28,1,UNNATURAL_GEOMETRIC_LINE,1.0000,N/A
2026-09-05 19:57:28,1,UNNATURAL_GEOMETRIC_LINE,1.0000,N/A
2026-09-05 19:57:30,1,UNNATURAL_GEOMETRIC_LINE,1.0000,N/A
2026-09-05 19:57:34,1,UNNATURAL_GEOMETRIC_LINE,1.0000,N/A
2026-09-05 19:57:34,1,UNNATURAL_GEOMETRIC_LINE,1.0000,N/A
2026-09-05 19:57:42,1,UNNATURAL_GEOMETRIC_LINE,1.0000,N/A
2026-09-05 19:57:44,1,UNNATURAL_GEOMETRIC_LINE,1.0000,N/A
2026-09-05 19:57:44,1,UNNATURAL_GEOMETRIC_LINE,1.0000,N/A
2026-09-05 19:57:46,1,UNNATURAL_GEOMETRIC_LINE,1.0000,N/A
2026-09-05 19:57:48,1,UNNATURAL_GEOMETRIC_LINE,1.0000,N/A
2026-09-05 19:57:48,1,UNNATURAL_GEOMETRIC_LINE,1.0000,N/A
2026-09-05 19:57:50,1,UNNATURAL_GEOMETRIC_LINE,1.0000,N/A
2026-09-05 19:57:51,1,UNNATURAL_GEOMETRIC_LINE,1.0000,N/A
2026-09-05 19:57:52,1,UNNATURAL_GEOMETRIC_LINE,1.0000,N/A
2026-09-05 19:57:52,1,MECHANICAL_LOCK_NO_TREMOR,1.0000,N/A
2026-09-05 19:57:57,1,UNNATURAL_GEOMETRIC_LINE,1.0000,N/A
2026-09-05 19:57:58,1,UNNATURAL_GEOMETRIC_LINE,1.0000,N/A
2026-09-05 19:58:00,1,UNNATURAL_GEOMETRIC_LINE,1.0000,N/A
2026-09-05 19:58:00,1,UNNATURAL_GEOMETRIC_LINE,1.0000,N/A
2026-09-05 19:58:05,1,UNNATURAL_GEOMETRIC_LINE,1.0000,N/A
2026-09-05 19:58:07,1,UNNATURAL_GEOMETRIC_LINE,1.0000,N/A
2026-09-05 19:58:08,1,UNNATURAL_GEOMETRIC_LINE,1.0000,N/A
2026-09-05 19:58:11,1,UNNATURAL_GEOMETRIC_LINE,1.0000,N/A
2026-09-05 19:58:13,1,UNNATURAL_GEOMETRIC_LINE,1.0000,N/A
2026-09-05 19:58:13,1,UNNATURAL_GEOMETRIC_LINE,1.0000,N/A
2026-09-05 19:58:15,1,UNNATURAL_GEOMETRIC_LINE,1.0000,N/A
2026-09-05 19:58:20,1,UNNATURAL_GEOMETRIC_LINE,1.0000,N/A
2026-09-05 19:58:20,1,UNNATURAL_GEOMETRIC_LINE,1.0000,N/A
2026-09-05 19:58:21,1,UNNATURAL_GEOMETRIC_LINE,1.0000,N/A
2026-09-05 19:58:23,1,UNNATURAL_GEOMETRIC_LINE,1.0000,N/A
2026-09-05 19:58:23,1,UNNATURAL_GEOMETRIC_LINE,1.0000,N/A
2026-09-05 19:58:24,1,UNNATURAL_GEOMETRIC_LINE,1.0000,N/A
2026-09-05 19:58:29,1,UNNATURAL_GEOMETRIC_LINE,1.0000,N/A
2026-09-05 19:58:31,1,UNNATURAL_GEOMETRIC_LINE,1.0000,N/A
2026-09-05 19:58:34,1,UNNATURAL_GEOMETRIC_LINE,1.0000,N/A
2026-09-05 19:58:34,1,UNNATURAL_GEOMETRIC_LINE,1.0000,N/A
2026-09-05 19:58:38,1,UNNATURAL_GEOMETRIC_LINE,1.0000,N/A
2026-09-05 19:58:41,1,UNNATURAL_GEOMETRIC_LINE,1.0000,N/A
2026-09-05 19:58:42,1,UNNATURAL_GEOMETRIC_LINE,1.0000,N/A
2026-09-05 19:58:42,1,UNNATURAL_GEOMETRIC_LINE,1.0000,N/A
2026-09-05 19:58:45,1,UNNATURAL_GEOMETRIC_LINE,1.0000,N/A
2026-09-05 19:58:45,1,UNNATURAL_GEOMETRIC_LINE,1.0000,N/A
2026-09-05 19:58:46,1,UNNATURAL_GEOMETRIC_LINE,1.0000,N/A
2026-09-05 19:58:49,1,UNNATURAL_GEOMETRIC_LINE,1.0000,N/A
2026-09-05 19:58:50,1,UNNATURAL_GEOMETRIC_LINE,1.0000,N/A
2026-09-05 19:58:53,1,UNNATURAL_GEOMETRIC_LINE,1.0000,N/A
2026-09-05 19:58:55,1,UNNATURAL_GEOMETRIC_LINE,1.0000,N/A
2026-09-05 19:58:55,1,UNNATURAL_GEOMETRIC_LINE,1.0000,N/A
2026-09-05 19:58:56,1,UNNATURAL_GEOMETRIC_LINE,1.0000,N/A
2026-09-05 19:58:59,1,UNNATURAL_GEOMETRIC_LINE,1.0000,N/A
2026-09-05 19:58:59,1,UNNATURAL_GEOMETRIC_LINE,1.0000,N/A
2026-09-05 19:59:03,1,UNNATURAL_GEOMETRIC_LINE,1.0000,N/A
2026-09-05 19:59:04,1,UNNATURAL_GEOMETRIC_LINE,1.0000,N/A
2026-09-05 19:59:05,1,UNNATURAL_GEOMETRIC_LINE,1.0000,N/A
2026-09-05 19:59:06,1,UNNATURAL_GEOMETRIC_LINE,1.0000,N/A
2026-09-05 19:59:07,1,UNNATURAL_GEOMETRIC_LINE,1.0000,N/A
2026-09-05 19:59:08,1,UNNATURAL_GEOMETRIC_LINE,1.0000,N/A
2026-09-05 19:59:18,1,UNNATURAL_GEOMETRIC_LINE,1.0000,N/A
2026-09-05 19:59:20,1,UNNATURAL_GEOMETRIC_LINE,1.0000,N/A
2026-09-05 19:59:23,1,UNNATURAL_GEOMETRIC_LINE,1.0000,N/A
2026-09-05 19:59:28,1,UNNATURAL_GEOMETRIC_LINE,1.0000,N/A
2026-09-05 19:59:28,1,UNNATURAL_GEOMETRIC_LINE,1.0000,N/A
2026-09-05 19:59:30,1,UNNATURAL_GEOMETRIC_LINE,1.0000,N/A
2026-09-05 19:59:32,1,UNNATURAL_GEOMETRIC_LINE,1.0000,N/A
2026-09-05 19:59:33,1,UNNATURAL_GEOMETRIC_LINE,1.0000,N/A
2026-09-05 19:59:37,1,UNNATURAL_GEOMETRIC_LINE,1.0000,N/A
2026-09-05 19:59:40,1,UNNATURAL_GEOMETRIC_LINE,1.0000,N/A
2026-09-05 19:59:40,1,UNNATURAL_GEOMETRIC_LINE,1.0000,N/A
2026-09-05 19:59:41,1,UNNATURAL_GEOMETRIC_LINE,1.0000,N/A
2026-09-05 19:59:44,1,UNNATURAL_GEOMETRIC_LINE,1.0000,N/A
2026-09-05 19:59:45,1,UNNATURAL_GEOMETRIC_LINE,1.0000,N/A
2026-09-05 19:59:46,1,UNNATURAL_GEOMETRIC_LINE,1.0000,N/A
2026-09-05 19:59:47,1,UNNATURAL_GEOMETRIC_LINE,1.0000,N/A
2026-09-05 19:59:48,1,UNNATURAL_GEOMETRIC_LINE,1.0000,N/A
2026-09-05 19:59:51,1,UNNATURAL_GEOMETRIC_LINE,1.0000,N/A
2026-09-05 19:59:51,1,UNNATURAL_GEOMETRIC_LINE,1.0000,N/A
2026-09-05 19:59:55,1,UNNATURAL_GEOMETRIC_LINE,1.0000,N/A
2026-09-05 19:59:59,1,UNNATURAL_GEOMETRIC_LINE,1.0000,N/A
2026-09-05 20:00:00,1,UNNATURAL_GEOMETRIC_LINE,1.0000,N/A
2026-09-05 20:00:01,1,UNNATURAL_GEOMETRIC_LINE,1.0000,N/A
2026-09-05 20:00:03,1,UNNATURAL_GEOMETRIC_LINE,1.0000,N/A
2026-09-05 20:00:05,1,UNNATURAL_GEOMETRIC_LINE,1.0000,N/A
2026-09-05 20:00:08,1,UNNATURAL_GEOMETRIC_LINE,1.0000,N/A
2026-09-05 20:00:09,1,UNNATURAL_GEOMETRIC_LINE,1.0000,N/A
2026-09-05 20:00:09,1,MECHANICAL_LOCK_NO_TREMOR,1.0000,N/A
2026-09-05 20:00:11,1,UNNATURAL_GEOMETRIC_LINE,1.0000,N/A
2026-09-05 20:00:13,1,UNNATURAL_GEOMETRIC_LINE,1.0000,N/A
2026-09-05 20:00:13,1,UNNATURAL_GEOMETRIC_LINE,1.0000,N/A
2026-09-05 20:00:14,1,UNNATURAL_GEOMETRIC_LINE,1.0000,N/A
2026-09-05 20:00:16,1,UNNATURAL_GEOMETRIC_LINE,1.0000,N/A
2026-09-05 20:00:16,1,UNNATURAL_GEOMETRIC_LINE,1.0000,N/A
2026-09-05 20:00:16,1,MECHANICAL_LOCK_NO_TREMOR,1.0000,N/A
2026-09-05 20:00:19,1,UNNATURAL_GEOMETRIC_LINE,1.0000,N/A
2026-09-05 20:00:20,1,UNNATURAL_GEOMETRIC_LINE,1.0000,N/A
2026-09-05 20:00:20,1,UNNATURAL_GEOMETRIC_LINE,1.0000,N/A
2026-09-05 20:00:22,1,UNNATURAL_GEOMETRIC_LINE,1.0000,N/A
2026-09-05 20:00:23,1,UNNATURAL_GEOMETRIC_LINE,1.0000,N/A
2026-09-05 20:00:26,1,UNNATURAL_GEOMETRIC_LINE,1.0000,N/A
2026-09-05 20:00:29,1,UNNATURAL_GEOMETRIC_LINE,1.0000,N/A
2026-09-05 20:00:33,1,UNNATURAL_GEOMETRIC_LINE,1.0000,N/A
2026-09-05 20:00:35,1,UNNATURAL_GEOMETRIC_LINE,1.0000,N/A
2026-09-05 20:00:36,1,UNNATURAL_GEOMETRIC_LINE,1.0000,N/A
2026-09-05 20:00:37,1,UNNATURAL_GEOMETRIC_LINE,1.0000,N/A
2026-09-05 20:00:39,1,UNNATURAL_GEOMETRIC_LINE,1.0000,N/A
2026-09-05 20:00:40,1,UNNATURAL_GEOMETRIC_LINE,1.0000,N/A
2026-09-05 20:00:41,1,UNNATURAL_GEOMETRIC_LINE,1.0000,N/A
2026-09-05 20:00:43,1,UNNATURAL_GEOMETRIC_LINE,1.0000,N/A
2026-09-05 20:00:43,1,UNNATURAL_GEOMETRIC_LINE,1.0000,N/A
2026-09-05 20:00:45,1,UNNATURAL_GEOMETRIC_LINE,1.0000,N/A
2026-09-05 20:00:50,1,UNNATURAL_GEOMETRIC_LINE,1.0000,N/A
2026-09-05 20:00:52,1,UNNATURAL_GEOMETRIC_LINE,1.0000,N/A
2026-09-05 20:00:54,1,UNNATURAL_GEOMETRIC_LINE,1.0000,N/A
2026-09-05 20:00:54,1,UNNATURAL_GEOMETRIC_LINE,1.0000,N/A
2026-09-05 20:00:56,1,UNNATURAL_GEOMETRIC_LINE,1.0000,N/A
2026-09-05 20:00:58,1,UNNATURAL_GEOMETRIC_LINE,1.0000,N/A
2026-09-05 20:00:58,1,UNNATURAL_GEOMETRIC_LINE,1.0000,N/A
2026-09-05 20:00:59,1,UNNATURAL_GEOMETRIC_LINE,1.0000,N/A
2026-09-05 20:01:01,1,UNNATURAL_GEOMETRIC_LINE,1.0000,N/A
2026-09-05 20:01:01,1,UNNATURAL_GEOMETRIC_LINE,1.0000,N/A
2026-09-05 20:01:02,1,UNNATURAL_GEOMETRIC_LINE,1.0000,N/A
2026-09-05 20:01:04,1,UNNATURAL_GEOMETRIC_LINE,1.0000,N/A
2026-09-05 20:01:05,1,UNNATURAL_GEOMETRIC_LINE,1.0000,N/A
2026-09-05 20:01:08,1,UNNATURAL_GEOMETRIC_LINE,1.0000,N/A
2026-09-05 20:01:10,1,UNNATURAL_GEOMETRIC_LINE,1.0000,N/A
2026-09-05 20:01:12,1,UNNATURAL_GEOMETRIC_LINE,1.0000,N/A
2026-09-05 20:01:12,1,UNNATURAL_GEOMETRIC_LINE,1.0000,N/A
2026-09-05 20:01:15,1,UNNATURAL_GEOMETRIC_LINE,1.0000,N/A
2026-09-05 20:01:17,1,UNNATURAL_GEOMETRIC_LINE,1.0000,N/A
2026-09-05 20:01:17,1,UNNATURAL_GEOMETRIC_LINE,1.0000,N/A
2026-09-05 20:01:18,1,MECHANICAL_LOCK_NO_TREMOR,1.0000,N/A
2026-09-05 20:01:22,1,UNNATURAL_GEOMETRIC_LINE,1.0000,N/A
2026-09-05 20:01:23,1,UNNATURAL_GEOMETRIC_LINE,1.0000,N/A
2026-09-05 20:01:25,1,UNNATURAL_GEOMETRIC_LINE,1.0000,N/A
2026-09-05 20:01:28,1,UNNATURAL_GEOMETRIC_LINE,1.0000,N/A
2026-09-05 20:01:28,1,UNNATURAL_GEOMETRIC_LINE,1.0000,N/A
2026-09-05 20:01:29,1,UNNATURAL_GEOMETRIC_LINE,1.0000,N/A
2026-09-05 20:01:32,1,UNNATURAL_GEOMETRIC_LINE,1.0000,N/A
2026-09-05 20:01:32,1,UNNATURAL_GEOMETRIC_LINE,1.0000,N/A
2026-09-05 20:01:34,1,UNNATURAL_GEOMETRIC_LINE,1.0000,N/A
2026-09-05 20:01:34,1,UNNATURAL_GEOMETRIC_LINE,1.0000,N/A
2026-09-05 20:01:35,1,UNNATURAL_GEOMETRIC_LINE,1.0000,N/A
2026-09-05 20:01:38,1,UNNATURAL_GEOMETRIC_LINE,1.0000,N/A
2026-09-05 20:01:38,1,UNNATURAL_GEOMETRIC_LINE,1.0000,N/A
2026-09-05 20:01:39,1,UNNATURAL_GEOMETRIC_LINE,1.0000,N/A
2026-09-05 20:01:42,1,UNNATURAL_GEOMETRIC_LINE,1.0000,N/A
2026-09-05 20:01:42,1,UNNATURAL_GEOMETRIC_LINE,1.0000,N/A
2026-09-05 20:01:43,1,UNNATURAL_GEOMETRIC_LINE,1.0000,N/A
2026-09-05 20:01:45,1,UNNATURAL_GEOMETRIC_LINE,1.0000,N/A
2026-09-05 20:01:46,1,UNNATURAL_GEOMETRIC_LINE,1.0000,N/A
2026-09-05 20:01:46,1,UNNATURAL_GEOMETRIC_LINE,1.0000,N/A
2026-09-05 20:01:49,1,UNNATURAL_GEOMETRIC_LINE,1.0000,N/A
2026-09-05 20:01:50,1,UNNATURAL_GEOMETRIC_LINE,1.0000,N/A
2026-09-05 20:01:50,1,MECHANICAL_LOCK_NO_TREMOR,1.0000,N/A
2026-09-05 20:01:53,1,UNNATURAL_GEOMETRIC_LINE,1.0000,N/A
2026-09-05 20:01:54,1,UNNATURAL_GEOMETRIC_LINE,1.0000,N/A
2026-09-05 20:01:54,1,MECHANICAL_LOCK_NO_TREMOR,1.0000,N/A
2026-09-05 20:01:59,1,UNNATURAL_GEOMETRIC_LINE,1.0000,N/A
2026-09-05 20:02:00,1,UNNATURAL_GEOMETRIC_LINE,1.0000,N/A
2026-09-05 20:02:04,1,UNNATURAL_GEOMETRIC_LINE,1.0000,N/A
2026-09-05 20:02:05,1,UNNATURAL_GEOMETRIC_LINE,1.0000,N/A
2026-09-05 20:02:07,1,UNNATURAL_GEOMETRIC_LINE,1.0000,N/A
2026-09-05 20:02:08,1,UNNATURAL_GEOMETRIC_LINE,1.0000,N/A
2026-09-05 20:02:17,1,UNNATURAL_GEOMETRIC_LINE,1.0000,N/A
2026-09-05 20:02:21,1,UNNATURAL_GEOMETRIC_LINE,1.0000,N/A
2026-09-05 20:02:22,1,UNNATURAL_GEOMETRIC_LINE,1.0000,N/A
2026-09-05 20:02:22,1,MECHANICAL_LOCK_NO_TREMOR,1.0000,N/A
2026-09-05 20:02:27,1,UNNATURAL_GEOMETRIC_LINE,1.0000,N/A
2026-09-05 20:02:27,1,UNNATURAL_GEOMETRIC_LINE,1.0000,N/A
2026-09-05 20:02:32,1,UNNATURAL_GEOMETRIC_LINE,1.0000,N/A
2026-09-05 20:02:34,1,UNNATURAL_GEOMETRIC_LINE,1.0000,N/A
2026-09-05 20:02:34,1,UNNATURAL_GEOMETRIC_LINE,1.0000,N/A
2026-09-05 20:02:35,1,UNNATURAL_GEOMETRIC_LINE,1.0000,N/A
2026-09-05 20:02:37,1,UNNATURAL_GEOMETRIC_LINE,1.0000,N/A
2026-09-05 20:02:37,1,UNNATURAL_GEOMETRIC_LINE,1.0000,N/A
2026-09-05 20:02:42,1,UNNATURAL_GEOMETRIC_LINE,1.0000,N/A
2026-09-05 20:02:44,1,UNNATURAL_GEOMETRIC_LINE,1.0000,N/A
2026-09-05 20:02:46,1,UNNATURAL_GEOMETRIC_LINE,1.0000,N/A
2026-09-05 20:02:46,1,UNNATURAL_GEOMETRIC_LINE,1.0000,N/A
2026-09-05 20:02:47,1,UNNATURAL_GEOMETRIC_LINE,1.0000,N/A
2026-09-05 20:02:48,1,UNNATURAL_GEOMETRIC_LINE,1.0000,N/A
2026-09-05 20:02:49,1,UNNATURAL_GEOMETRIC_LINE,1.0000,N/A
2026-09-05 20:02:53,1,UNNATURAL_GEOMETRIC_LINE,1.0000,N/A
2026-09-05 20:02:57,1,UNNATURAL_GEOMETRIC_LINE,1.0000,N/A
2026-09-05 20:02:58,1,UNNATURAL_GEOMETRIC_LINE,1.0000,N/A
2026-09-05 20:02:58,1,MECHANICAL_LOCK_NO_TREMOR,1.0000,N/A
2026-09-05 20:03:02,1,UNNATURAL_GEOMETRIC_LINE,1.0000,N/A
2026-09-05 20:03:04,1,UNNATURAL_GEOMETRIC_LINE,1.0000,N/A
2026-09-05 20:03:07,1,UNNATURAL_GEOMETRIC_LINE,1.0000,N/A
2026-09-05 20:03:07,1,UNNATURAL_GEOMETRIC_LINE,1.0000,N/A
2026-09-05 20:03:08,1,UNNATURAL_GEOMETRIC_LINE,1.0000,N/A
2026-09-05 20:03:11,1,UNNATURAL_GEOMETRIC_LINE,1.0000,N/A
2026-09-05 20:03:12,1,UNNATURAL_GEOMETRIC_LINE,1.0000,N/A
2026-09-05 20:03:13,1,UNNATURAL_GEOMETRIC_LINE,1.0000,N/A
2026-09-05 20:03:16,1,UNNATURAL_GEOMETRIC_LINE,1.0000,N/A
2026-09-05 20:03:17,1,UNNATURAL_GEOMETRIC_LINE,1.0000,N/A
2026-09-05 20:03:20,1,UNNATURAL_GEOMETRIC_LINE,1.0000,N/A
2026-09-05 20:03:22,1,UNNATURAL_GEOMETRIC_LINE,1.0000,N/A
2026-09-05 20:03:22,1,UNNATURAL_GEOMETRIC_LINE,1.0000,N/A
2026-09-05 20:03:24,1,UNNATURAL_GEOMETRIC_LINE,1.0000,N/A
2026-09-05 20:03:26,1,UNNATURAL_GEOMETRIC_LINE,1.0000,N/A
2026-09-05 20:03:26,1,UNNATURAL_GEOMETRIC_LINE,1.0000,N/A
2026-09-05 20:03:27,1,UNNATURAL_GEOMETRIC_LINE,1.0000,N/A
2026-09-05 20:03:29,1,UNNATURAL_GEOMETRIC_LINE,1.0000,N/A
2026-09-05 20:03:29,1,UNNATURAL_GEOMETRIC_LINE,1.0000,N/A
2026-09-05 20:03:30,1,UNNATURAL_GEOMETRIC_LINE,1.0000,N/A
2026-09-05 20:03:32,1,UNNATURAL_GEOMETRIC_LINE,1.0000,N/A
2026-09-05 20:03:32,1,UNNATURAL_GEOMETRIC_LINE,1.0000,N/A
2026-09-05 20:03:33,1,UNNATURAL_GEOMETRIC_LINE,1.0000,N/A
2026-09-05 20:03:35,1,UNNATURAL_GEOMETRIC_LINE,1.0000,N/A
2026-09-05 20:03:36,1,UNNATURAL_GEOMETRIC_LINE,1.0000,N/A
2026-09-05 20:03:36,1,UNNATURAL_GEOMETRIC_LINE,1.0000,N/A
2026-09-05 20:03:41,1,UNNATURAL_GEOMETRIC_LINE,1.0000,N/A
2026-09-05 20:03:41,1,UNNATURAL_GEOMETRIC_LINE,1.0000,N/A
2026-09-05 20:03:41,1,MECHANICAL_LOCK_NO_TREMOR,1.0000,N/A
2026-09-05 20:03:43,1,UNNATURAL_GEOMETRIC_LINE,1.0000,N/A
2026-09-05 20:03:43,1,UNNATURAL_GEOMETRIC_LINE,1.0000,N/A
2026-09-05 20:03:47,1,UNNATURAL_GEOMETRIC_LINE,1.0000,N/A
2026-09-05 20:03:50,1,UNNATURAL_GEOMETRIC_LINE,1.0000,N/A
2026-09-05 20:03:52,1,UNNATURAL_GEOMETRIC_LINE,1.0000,N/A
2026-09-05 20:03:55,1,UNNATURAL_GEOMETRIC_LINE,1.0000,N/A
2026-09-05 20:03:55,1,UNNATURAL_GEOMETRIC_LINE,1.0000,N/A
2026-09-05 20:04:00,1,UNNATURAL_GEOMETRIC_LINE,1.0000,N/A
2026-09-05 20:04:02,1,UNNATURAL_GEOMETRIC_LINE,1.0000,N/A
2026-09-05 20:04:02,1,UNNATURAL_GEOMETRIC_LINE,1.0000,N/A
2026-09-05 20:04:02,1,MECHANICAL_LOCK_NO_TREMOR,1.0000,N/A
2026-09-05 20:04:06,1,UNNATURAL_GEOMETRIC_LINE,1.0000,N/A
2026-09-05 20:04:06,1,UNNATURAL_GEOMETRIC_LINE,1.0000,N/A
2026-09-05 20:04:06,1,MECHANICAL_LOCK_NO_TREMOR,1.0000,N/A
2026-09-05 20:04:08,1,UNNATURAL_GEOMETRIC_LINE,1.0000,N/A
2026-09-05 20:04:09,1,UNNATURAL_GEOMETRIC_LINE,1.0000,N/A
2026-09-05 20:04:14,1,UNNATURAL_GEOMETRIC_LINE,1.0000,N/A
2026-09-05 20:04:20,1,UNNATURAL_GEOMETRIC_LINE,1.0000,N/A
2026-09-05 20:04:21,1,UNNATURAL_GEOMETRIC_LINE,1.0000,N/A
2026-09-05 20:04:23,1,UNNATURAL_GEOMETRIC_LINE,1.0000,N/A
2026-09-05 20:04:24,1,UNNATURAL_GEOMETRIC_LINE,1.0000,N/A
2026-09-05 20:04:25,1,UNNATURAL_GEOMETRIC_LINE,1.0000,N/A
2026-09-05 20:04:26,1,UNNATURAL_GEOMETRIC_LINE,1.0000,N/A
2026-09-05 20:04:28,1,UNNATURAL_GEOMETRIC_LINE,1.0000,N/A
2026-09-05 20:04:29,1,UNNATURAL_GEOMETRIC_LINE,1.0000,N/A
2026-09-05 20:04:30,1,UNNATURAL_GEOMETRIC_LINE,1.0000,N/A
2026-09-05 20:04:32,1,UNNATURAL_GEOMETRIC_LINE,1.0000,N/A
2026-09-05 20:04:32,1,UNNATURAL_GEOMETRIC_LINE,1.0000,N/A
2026-09-05 20:04:33,1,UNNATURAL_GEOMETRIC_LINE,1.0000,N/A
2026-09-05 20:04:35,1,UNNATURAL_GEOMETRIC_LINE,1.0000,N/A
2026-09-05 20:04:36,1,UNNATURAL_GEOMETRIC_LINE,1.0000,N/A
2026-09-05 20:04:38,1,UNNATURAL_GEOMETRIC_LINE,1.0000,N/A
2026-09-05 20:04:40,1,UNNATURAL_GEOMETRIC_LINE,1.0000,N/A
2026-09-05 20:04:41,1,UNNATURAL_GEOMETRIC_LINE,1.0000,N/A
2026-09-05 20:04:42,1,UNNATURAL_GEOMETRIC_LINE,1.0000,N/A
2026-09-05 20:04:46,1,UNNATURAL_GEOMETRIC_LINE,1.0000,N/A
2026-09-05 20:04:49,1,UNNATURAL_GEOMETRIC_LINE,1.0000,N/A
2026-09-05 20:04:49,1,UNNATURAL_GEOMETRIC_LINE,1.0000,N/A
2026-09-05 20:04:54,1,UNNATURAL_GEOMETRIC_LINE,1.0000,N/A
2026-09-05 20:04:56,1,UNNATURAL_GEOMETRIC_LINE,1.0000,N/A
2026-09-05 20:04:57,1,UNNATURAL_GEOMETRIC_LINE,1.0000,N/A
2026-09-05 20:04:57,1,MECHANICAL_LOCK_NO_TREMOR,1.0000,N/A
2026-09-05 20:05:01,1,UNNATURAL_GEOMETRIC_LINE,1.0000,N/A
2026-09-05 20:05:07,1,UNNATURAL_GEOMETRIC_LINE,1.0000,N/A
2026-09-05 20:05:09,1,UNNATURAL_GEOMETRIC_LINE,1.0000,N/A
2026-09-05 20:05:10,1,UNNATURAL_GEOMETRIC_LINE,1.0000,N/A
2026-09-05 20:05:14,1,UNNATURAL_GEOMETRIC_LINE,1.0000,N/A
2026-09-05 20:05:18,1,UNNATURAL_GEOMETRIC_LINE,1.0000,N/A
2026-09-05 20:05:20,1,UNNATURAL_GEOMETRIC_LINE,1.0000,N/A
2026-09-05 20:05:24,1,UNNATURAL_GEOMETRIC_LINE,1.0000,N/A
2026-09-05 20:05:25,1,UNNATURAL_GEOMETRIC_LINE,1.0000,N/A
2026-09-05 20:05:31,1,UNNATURAL_GEOMETRIC_LINE,1.0000,N/A
2026-09-05 20:05:33,1,UNNATURAL_GEOMETRIC_LINE,1.0000,N/A
2026-09-05 20:05:33,1,UNNATURAL_GEOMETRIC_LINE,1.0000,N/A
2026-09-05 20:05:35,1,UNNATURAL_GEOMETRIC_LINE,1.0000,N/A
2026-09-05 20:05:38,1,UNNATURAL_GEOMETRIC_LINE,1.0000,N/A
2026-09-05 20:05:39,1,UNNATURAL_GEOMETRIC_LINE,1.0000,N/A
2026-09-05 20:05:43,1,UNNATURAL_GEOMETRIC_LINE,1.0000,N/A
2026-09-05 20:05:45,1,UNNATURAL_GEOMETRIC_LINE,1.0000,N/A
2026-09-05 20:05:45,1,UNNATURAL_GEOMETRIC_LINE,1.0000,N/A
2026-09-05 20:05:46,1,UNNATURAL_GEOMETRIC_LINE,1.0000,N/A
2026-09-05 20:05:49,1,UNNATURAL_GEOMETRIC_LINE,1.0000,N/A
2026-09-05 20:05:50,1,UNNATURAL_GEOMETRIC_LINE,1.0000,N/A
2026-09-05 20:05:52,1,UNNATURAL_GEOMETRIC_LINE,1.0000,N/A
2026-09-05 20:05:55,1,UNNATURAL_GEOMETRIC_LINE,1.0000,N/A
2026-09-05 20:05:55,1,UNNATURAL_GEOMETRIC_LINE,1.0000,N/A
2026-09-05 20:06:03,1,UNNATURAL_GEOMETRIC_LINE,1.0000,N/A
2026-09-05 20:06:07,1,UNNATURAL_GEOMETRIC_LINE,1.0000,N/A
2026-09-05 20:06:08,1,UNNATURAL_GEOMETRIC_LINE,1.0000,N/A
2026-09-05 20:06:12,1,UNNATURAL_GEOMETRIC_LINE,1.0000,N/A
2026-09-05 20:06:13,1,UNNATURAL_GEOMETRIC_LINE,1.0000,N/A
2026-09-05 20:06:14,1,UNNATURAL_GEOMETRIC_LINE,1.0000,N/A
2026-09-05 20:06:15,1,UNNATURAL_GEOMETRIC_LINE,1.0000,N/A
2026-09-05 20:06:17,1,UNNATURAL_GEOMETRIC_LINE,1.0000,N/A
2026-09-05 20:06:17,1,UNNATURAL_GEOMETRIC_LINE,1.0000,N/A
2026-09-05 20:06:18,1,UNNATURAL_GEOMETRIC_LINE,1.0000,N/A
2026-09-05 20:06:20,1,UNNATURAL_GEOMETRIC_LINE,1.0000,N/A
2026-09-05 20:06:21,1,UNNATURAL_GEOMETRIC_LINE,1.0000,N/A
2026-09-05 20:06:26,1,UNNATURAL_GEOMETRIC_LINE,1.0000,N/A
2026-09-05 20:06:28,1,UNNATURAL_GEOMETRIC_LINE,1.0000,N/A
2026-09-05 20:06:28,1,UNNATURAL_GEOMETRIC_LINE,1.0000,N/A
2026-09-05 20:06:31,1,UNNATURAL_GEOMETRIC_LINE,1.0000,N/A
2026-09-05 20:06:34,1,UNNATURAL_GEOMETRIC_LINE,1.0000,N/A
2026-09-05 20:06:40,1,UNNATURAL_GEOMETRIC_LINE,1.0000,N/A
2026-09-05 20:06:42,1,UNNATURAL_GEOMETRIC_LINE,1.0000,N/A
2026-09-05 20:06:42,1,UNNATURAL_GEOMETRIC_LINE,1.0000,N/A
2026-09-05 20:06:47,1,UNNATURAL_GEOMETRIC_LINE,1.0000,N/A
2026-09-05 20:06:54,1,UNNATURAL_GEOMETRIC_LINE,1.0000,N/A
2026-09-05 20:06:54,1,UNNATURAL_GEOMETRIC_LINE,1.0000,N/A
2026-09-05 20:06:59,1,UNNATURAL_GEOMETRIC_LINE,1.0000,N/A
2026-09-05 20:07:00,1,UNNATURAL_GEOMETRIC_LINE,1.0000,N/A
2026-09-05 20:07:01,1,UNNATURAL_GEOMETRIC_LINE,1.0000,N/A
2026-09-05 20:07:02,1,UNNATURAL_GEOMETRIC_LINE,1.0000,N/A
2026-09-05 20:07:05,1,UNNATURAL_GEOMETRIC_LINE,1.0000,N/A
2026-09-05 20:07:14,1,UNNATURAL_GEOMETRIC_LINE,1.0000,N/A
2026-09-05 20:07:14,1,UNNATURAL_GEOMETRIC_LINE,1.0000,N/A
2026-09-05 20:07:16,1,UNNATURAL_GEOMETRIC_LINE,1.0000,N/A
2026-09-05 20:07:18,1,UNNATURAL_GEOMETRIC_LINE,1.0000,N/A
2026-09-05 20:07:18,1,UNNATURAL_GEOMETRIC_LINE,1.0000,N/A
2026-09-05 20:07:25,1,UNNATURAL_GEOMETRIC_LINE,1.0000,N/A
2026-09-05 20:07:27,1,UNNATURAL_GEOMETRIC_LINE,1.0000,N/A
2026-09-05 20:07:27,1,UNNATURAL_GEOMETRIC_LINE,1.0000,N/A
2026-09-05 20:07:33,1,UNNATURAL_GEOMETRIC_LINE,1.0000,N/A
2026-09-05 20:07:35,1,UNNATURAL_GEOMETRIC_LINE,1.0000,N/A
2026-09-05 20:07:36,1,UNNATURAL_GEOMETRIC_LINE,1.0000,N/A
2026-09-05 20:07:39,1,UNNATURAL_GEOMETRIC_LINE,1.0000,N/A
2026-09-05 20:07:42,1,UNNATURAL_GEOMETRIC_LINE,1.0000,N/A
2026-09-05 20:07:43,1,UNNATURAL_GEOMETRIC_LINE,1.0000,N/A
2026-09-05 20:07:44,1,UNNATURAL_GEOMETRIC_LINE,1.0000,N/A
2026-09-05 20:07:46,1,UNNATURAL_GEOMETRIC_LINE,1.0000,N/A
2026-09-05 20:07:47,1,UNNATURAL_GEOMETRIC_LINE,1.0000,N/A
2026-09-05 20:07:53,1,UNNATURAL_GEOMETRIC_LINE,1.0000,N/A
2026-09-05 20:07:57,1,UNNATURAL_GEOMETRIC_LINE,1.0000,N/A
2026-09-05 20:07:57,1,UNNATURAL_GEOMETRIC_LINE,1.0000,N/A
2026-09-05 20:07:58,1,UNNATURAL_GEOMETRIC_LINE,1.0000,N/A
2026-09-05 20:08:00,1,UNNATURAL_GEOMETRIC_LINE,1.0000,N/A
2026-09-05 20:08:00,1,UNNATURAL_GEOMETRIC_LINE,1.0000,N/A
2026-09-05 20:08:02,1,UNNATURAL_GEOMETRIC_LINE,1.0000,N/A
2026-09-05 20:08:03,1,UNNATURAL_GEOMETRIC_LINE,1.0000,N/A
2026-09-05 20:08:04,1,UNNATURAL_GEOMETRIC_LINE,1.0000,N/A
2026-09-05 20:08:06,1,UNNATURAL_GEOMETRIC_LINE,1.0000,N/A
2026-09-05 20:08:09,1,UNNATURAL_GEOMETRIC_LINE,1.0000,N/A
2026-09-05 20:08:09,1,UNNATURAL_GEOMETRIC_LINE,1.0000,N/A
2026-09-05 20:08:16,1,UNNATURAL_GEOMETRIC_LINE,1.0000,N/A
2026-09-05 20:08:20,1,UNNATURAL_GEOMETRIC_LINE,1.0000,N/A
2026-09-05 20:08:20,1,UNNATURAL_GEOMETRIC_LINE,1.0000,N/A
2026-09-05 20:08:26,1,UNNATURAL_GEOMETRIC_LINE,1.0000,N/A
2026-09-05 20:08:28,1,UNNATURAL_GEOMETRIC_LINE,1.0000,N/A
2026-09-05 20:08:28,1,UNNATURAL_GEOMETRIC_LINE,1.0000,N/A
2026-09-05 20:08:31,1,UNNATURAL_GEOMETRIC_LINE,1.0000,N/A
2026-09-05 20:08:33,1,UNNATURAL_GEOMETRIC_LINE,1.0000,N/A
2026-09-05 20:08:34,1,UNNATURAL_GEOMETRIC_LINE,1.0000,N/A
2026-09-05 20:08:35,1,UNNATURAL_GEOMETRIC_LINE,1.0000,N/A
2026-09-05 20:08:39,1,UNNATURAL_GEOMETRIC_LINE,1.0000,N/A
2026-09-05 20:08:39,1,UNNATURAL_GEOMETRIC_LINE,1.0000,N/A
2026-09-05 20:08:39,1,MECHANICAL_LOCK_NO_TREMOR,1.0000,N/A
2026-09-05 20:08:41,1,UNNATURAL_GEOMETRIC_LINE,1.0000,N/A
2026-09-05 20:08:42,1,UNNATURAL_GEOMETRIC_LINE,1.0000,N/A
2026-09-05 20:08:43,1,UNNATURAL_GEOMETRIC_LINE,1.0000,N/A
2026-09-05 20:08:47,1,UNNATURAL_GEOMETRIC_LINE,1.0000,N/A
2026-09-05 20:08:47,1,UNNATURAL_GEOMETRIC_LINE,1.0000,N/A
2026-09-05 20:08:54,1,UNNATURAL_GEOMETRIC_LINE,1.0000,N/A
2026-09-05 20:08:56,1,UNNATURAL_GEOMETRIC_LINE,1.0000,N/A
2026-09-05 20:08:56,1,UNNATURAL_GEOMETRIC_LINE,1.0000,N/A
2026-09-05 20:08:58,1,UNNATURAL_GEOMETRIC_LINE,1.0000,N/A
2026-09-05 20:09:01,1,UNNATURAL_GEOMETRIC_LINE,1.0000,N/A
2026-09-05 20:09:01,1,UNNATURAL_GEOMETRIC_LINE,1.0000,N/A
2026-09-05 20:09:02,1,UNNATURAL_GEOMETRIC_LINE,1.0000,N/A
2026-09-05 20:09:04,1,UNNATURAL_GEOMETRIC_LINE,1.0000,N/A
2026-09-05 20:09:04,1,UNNATURAL_GEOMETRIC_LINE,1.0000,N/A
2026-09-05 20:09:06,1,UNNATURAL_GEOMETRIC_LINE,1.0000,N/A
2026-09-05 20:09:10,1,UNNATURAL_GEOMETRIC_LINE,1.0000,N/A
2026-09-05 20:09:10,1,UNNATURAL_GEOMETRIC_LINE,1.0000,N/A
2026-09-05 20:09:15,1,UNNATURAL_GEOMETRIC_LINE,1.0000,N/A
2026-09-05 20:09:17,1,UNNATURAL_GEOMETRIC_LINE,1.0000,N/A
2026-09-05 20:09:17,1,UNNATURAL_GEOMETRIC_LINE,1.0000,N/A
2026-09-05 20:09:18,1,UNNATURAL_GEOMETRIC_LINE,1.0000,N/A
2026-09-05 20:09:25,1,UNNATURAL_GEOMETRIC_LINE,1.0000,N/A
2026-09-05 20:09:28,1,UNNATURAL_GEOMETRIC_LINE,1.0000,N/A
2026-09-05 20:09:30,1,UNNATURAL_GEOMETRIC_LINE,1.0000,N/A
2026-09-05 20:09:32,1,UNNATURAL_GEOMETRIC_LINE,1.0000,N/A
2026-09-05 20:09:33,1,UNNATURAL_GEOMETRIC_LINE,1.0000,N/A
2026-09-05 20:09:40,1,UNNATURAL_GEOMETRIC_LINE,1.0000,N/A
2026-09-05 20:09:42,1,UNNATURAL_GEOMETRIC_LINE,1.0000,N/A
2026-09-05 20:09:42,1,UNNATURAL_GEOMETRIC_LINE,1.0000,N/A
2026-09-05 20:09:45,1,UNNATURAL_GEOMETRIC_LINE,1.0000,N/A
2026-09-05 20:09:47,1,UNNATURAL_GEOMETRIC_LINE,1.0000,N/A
2026-09-05 20:09:47,1,UNNATURAL_GEOMETRIC_LINE,1.0000,N/A
2026-09-05 20:09:50,1,UNNATURAL_GEOMETRIC_LINE,1.0000,N/A
2026-09-05 20:09:54,1,UNNATURAL_GEOMETRIC_LINE,1.0000,N/A
2026-09-05 20:09:58,1,UNNATURAL_GEOMETRIC_LINE,1.0000,N/A
2026-09-05 20:09:59,1,UNNATURAL_GEOMETRIC_LINE,1.0000,N/A
2026-09-05 20:10:01,1,UNNATURAL_GEOMETRIC_LINE,1.0000,N/A
2026-09-05 20:10:04,1,UNNATURAL_GEOMETRIC_LINE,1.0000,N/A
2026-09-05 20:10:04,1,UNNATURAL_GEOMETRIC_LINE,1.0000,N/A
2026-09-05 20:10:06,1,UNNATURAL_GEOMETRIC_LINE,1.0000,N/A
2026-09-05 20:10:06,1,UNNATURAL_GEOMETRIC_LINE,1.0000,N/A
2026-09-05 20:10:10,1,UNNATURAL_GEOMETRIC_LINE,1.0000,N/A
2026-09-05 20:10:14,1,UNNATURAL_GEOMETRIC_LINE,1.0000,N/A
2026-09-05 20:10:15,1,UNNATURAL_GEOMETRIC_LINE,1.0000,N/A
2026-09-05 20:10:15,1,UNNATURAL_GEOMETRIC_LINE,1.0000,N/A
2026-09-05 20:10:17,1,UNNATURAL_GEOMETRIC_LINE,1.0000,N/A
2026-09-05 20:10:17,1,UNNATURAL_GEOMETRIC_LINE,1.0000,N/A
2026-09-05 20:10:19,1,UNNATURAL_GEOMETRIC_LINE,1.0000,N/A
2026-09-05 20:10:21,1,UNNATURAL_GEOMETRIC_LINE,1.0000,N/A
2026-09-05 20:10:21,1,UNNATURAL_GEOMETRIC_LINE,1.0000,N/A
2026-09-05 20:10:25,1,UNNATURAL_GEOMETRIC_LINE,1.0000,N/A
2026-09-05 20:10:27,1,UNNATURAL_GEOMETRIC_LINE,1.0000,N/A
2026-09-05 20:10:27,1,UNNATURAL_GEOMETRIC_LINE,1.0000,N/A
2026-09-05 20:10:33,1,UNNATURAL_GEOMETRIC_LINE,1.0000,N/A
2026-09-05 20:10:37,1,UNNATURAL_GEOMETRIC_LINE,1.0000,N/A
2026-09-05 20:10:37,1,UNNATURAL_GEOMETRIC_LINE,1.0000,N/A
2026-09-05 20:10:38,1,UNNATURAL_GEOMETRIC_LINE,1.0000,N/A
2026-09-05 20:10:40,1,UNNATURAL_GEOMETRIC_LINE,1.0000,N/A
2026-09-05 20:10:40,1,UNNATURAL_GEOMETRIC_LINE,1.0000,N/A
2026-09-05 20:10:41,1,UNNATURAL_GEOMETRIC_LINE,1.0000,N/A
2026-09-05 20:10:43,1,UNNATURAL_GEOMETRIC_LINE,1.0000,N/A
2026-09-05 20:10:43,1,UNNATURAL_GEOMETRIC_LINE,1.0000,N/A
2026-09-05 20:10:46,1,UNNATURAL_GEOMETRIC_LINE,1.0000,N/A
2026-09-05 20:10:52,1,UNNATURAL_GEOMETRIC_LINE,1.0000,N/A
2026-09-05 20:10:53,1,UNNATURAL_GEOMETRIC_LINE,1.0000,N/A
2026-09-05 20:10:57,1,UNNATURAL_GEOMETRIC_LINE,1.0000,N/A
2026-09-05 20:11:03,1,UNNATURAL_GEOMETRIC_LINE,1.0000,N/A
2026-09-05 20:11:04,1,UNNATURAL_GEOMETRIC_LINE,1.0000,N/A
2026-09-05 20:11:08,1,UNNATURAL_GEOMETRIC_LINE,1.0000,N/A
2026-09-05 20:11:10,1,UNNATURAL_GEOMETRIC_LINE,1.0000,N/A
2026-09-05 20:11:14,1,UNNATURAL_GEOMETRIC_LINE,1.0000,N/A
2026-09-05 20:11:16,1,UNNATURAL_GEOMETRIC_LINE,1.0000,N/A
2026-09-05 20:11:16,1,UNNATURAL_GEOMETRIC_LINE,1.0000,N/A
2026-09-05 20:11:23,1,UNNATURAL_GEOMETRIC_LINE,1.0000,N/A
2026-09-05 20:11:29,1,UNNATURAL_GEOMETRIC_LINE,1.0000,N/A
2026-09-05 20:11:31,1,UNNATURAL_GEOMETRIC_LINE,1.0000,N/A
2026-09-05 20:11:31,1,UNNATURAL_GEOMETRIC_LINE,1.0000,N/A
2026-09-05 20:11:33,1,UNNATURAL_GEOMETRIC_LINE,1.0000,N/A
2026-09-05 20:11:39,1,UNNATURAL_GEOMETRIC_LINE,1.0000,N/A
2026-09-05 20:11:39,1,UNNATURAL_GEOMETRIC_LINE,1.0000,N/A
2026-09-05 20:11:43,1,UNNATURAL_GEOMETRIC_LINE,1.0000,N/A
2026-09-05 20:11:45,1,UNNATURAL_GEOMETRIC_LINE,1.0000,N/A
2026-09-05 20:11:45,1,UNNATURAL_GEOMETRIC_LINE,1.0000,N/A
2026-09-05 20:11:47,1,UNNATURAL_GEOMETRIC_LINE,1.0000,N/A
2026-09-05 20:11:49,1,UNNATURAL_GEOMETRIC_LINE,1.0000,N/A
2026-09-05 20:11:49,1,UNNATURAL_GEOMETRIC_LINE,1.0000,N/A
2026-09-05 20:11:53,1,UNNATURAL_GEOMETRIC_LINE,1.0000,N/A
2026-09-05 20:11:58,1,UNNATURAL_GEOMETRIC_LINE,1.0000,N/A
2026-09-05 20:11:59,1,UNNATURAL_GEOMETRIC_LINE,1.0000,N/A
2026-09-05 20:12:00,1,UNNATURAL_GEOMETRIC_LINE,1.0000,N/A
2026-09-05 20:12:03,1,UNNATURAL_GEOMETRIC_LINE,1.0000,N/A
2026-09-05 20:12:03,1,UNNATURAL_GEOMETRIC_LINE,1.0000,N/A
2026-09-05 20:12:05,1,UNNATURAL_GEOMETRIC_LINE,1.0000,N/A
2026-09-05 20:12:06,1,UNNATURAL_GEOMETRIC_LINE,1.0000,N/A
2026-09-05 20:12:07,1,UNNATURAL_GEOMETRIC_LINE,1.0000,N/A
2026-09-05 20:12:07,1,MECHANICAL_LOCK_NO_TREMOR,1.0000,N/A
2026-09-05 20:12:09,1,UNNATURAL_GEOMETRIC_LINE,1.0000,N/A
2026-09-05 20:12:09,1,UNNATURAL_GEOMETRIC_LINE,1.0000,N/A
2026-09-05 20:12:13,1,UNNATURAL_GEOMETRIC_LINE,1.0000,N/A
2026-09-05 20:12:18,1,UNNATURAL_GEOMETRIC_LINE,1.0000,N/A
2026-09-05 20:12:23,1,UNNATURAL_GEOMETRIC_LINE,1.0000,N/A
2026-09-05 20:12:25,1,UNNATURAL_GEOMETRIC_LINE,1.0000,N/A
2026-09-05 20:12:25,1,UNNATURAL_GEOMETRIC_LINE,1.0000,N/A
2026-09-05 20:12:26,1,UNNATURAL_GEOMETRIC_LINE,1.0000,N/A
2026-09-05 20:12:28,1,UNNATURAL_GEOMETRIC_LINE,1.0000,N/A
2026-09-05 20:12:28,1,UNNATURAL_GEOMETRIC_LINE,1.0000,N/A
2026-09-05 20:12:30,1,UNNATURAL_GEOMETRIC_LINE,1.0000,N/A
2026-09-05 20:12:32,1,UNNATURAL_GEOMETRIC_LINE,1.0000,N/A
2026-09-05 20:12:32,1,UNNATURAL_GEOMETRIC_LINE,1.0000,N/A
2026-09-05 20:12:37,1,UNNATURAL_GEOMETRIC_LINE,1.0000,N/A
2026-09-05 20:12:39,1,UNNATURAL_GEOMETRIC_LINE,1.0000,N/A
2026-09-05 20:12:39,1,UNNATURAL_GEOMETRIC_LINE,1.0000,N/A
2026-09-05 20:12:42,1,UNNATURAL_GEOMETRIC_LINE,1.0000,N/A
2026-09-05 20:12:46,1,UNNATURAL_GEOMETRIC_LINE,1.0000,N/A
2026-09-05 20:12:46,1,UNNATURAL_GEOMETRIC_LINE,1.0000,N/A
2026-09-05 20:12:49,1,UNNATURAL_GEOMETRIC_LINE,1.0000,N/A
2026-09-05 20:12:52,1,UNNATURAL_GEOMETRIC_LINE,1.0000,N/A
2026-09-05 20:12:52,1,UNNATURAL_GEOMETRIC_LINE,1.0000,N/A
2026-09-05 20:12:54,1,UNNATURAL_GEOMETRIC_LINE,1.0000,N/A
2026-09-05 20:12:56,1,UNNATURAL_GEOMETRIC_LINE,1.0000,N/A
2026-09-05 20:12:56,1,UNNATURAL_GEOMETRIC_LINE,1.0000,N/A
2026-09-05 20:13:04,1,UNNATURAL_GEOMETRIC_LINE,1.0000,N/A
2026-09-05 20:13:06,1,UNNATURAL_GEOMETRIC_LINE,1.0000,N/A
2026-09-05 20:13:06,1,UNNATURAL_GEOMETRIC_LINE,1.0000,N/A
2026-09-05 20:13:09,1,UNNATURAL_GEOMETRIC_LINE,1.0000,N/A
2026-09-05 20:13:12,1,UNNATURAL_GEOMETRIC_LINE,1.0000,N/A
2026-09-05 20:13:12,1,UNNATURAL_GEOMETRIC_LINE,1.0000,N/A
2026-09-05 20:13:13,1,UNNATURAL_GEOMETRIC_LINE,1.0000,N/A
2026-09-05 20:13:15,1,UNNATURAL_GEOMETRIC_LINE,1.0000,N/A
2026-09-05 20:13:15,1,UNNATURAL_GEOMETRIC_LINE,1.0000,N/A
2026-09-05 20:13:22,1,UNNATURAL_GEOMETRIC_LINE,1.0000,N/A
2026-09-05 20:13:23,1,UNNATURAL_GEOMETRIC_LINE,1.0000,N/A
2026-09-05 20:13:24,1,UNNATURAL_GEOMETRIC_LINE,1.0000,N/A
2026-09-05 20:13:25,1,UNNATURAL_GEOMETRIC_LINE,1.0000,N/A
2026-09-05 20:13:26,1,UNNATURAL_GEOMETRIC_LINE,1.0000,N/A
2026-09-05 20:13:27,1,UNNATURAL_GEOMETRIC_LINE,1.0000,N/A
2026-09-05 20:13:30,1,UNNATURAL_GEOMETRIC_LINE,1.0000,N/A
2026-09-05 20:13:38,1,UNNATURAL_GEOMETRIC_LINE,1.0000,N/A
2026-09-05 20:13:38,1,UNNATURAL_GEOMETRIC_LINE,1.0000,N/A
2026-09-05 20:13:40,1,UNNATURAL_GEOMETRIC_LINE,1.0000,N/A
2026-09-05 20:13:42,1,UNNATURAL_GEOMETRIC_LINE,1.0000,N/A
2026-09-05 20:13:42,1,UNNATURAL_GEOMETRIC_LINE,1.0000,N/A
2026-09-05 20:13:43,1,UNNATURAL_GEOMETRIC_LINE,1.0000,N/A
2026-09-05 20:13:52,1,UNNATURAL_GEOMETRIC_LINE,1.0000,N/A
2026-09-05 20:13:52,1,UNNATURAL_GEOMETRIC_LINE,1.0000,N/A
2026-09-05 20:13:55,1,UNNATURAL_GEOMETRIC_LINE,1.0000,N/A
2026-09-05 20:13:58,1,UNNATURAL_GEOMETRIC_LINE,1.0000,N/A
2026-09-05 20:14:01,1,UNNATURAL_GEOMETRIC_LINE,1.0000,N/A
2026-09-05 20:14:03,1,UNNATURAL_GEOMETRIC_LINE,1.0000,N/A
2026-09-05 20:14:03,1,UNNATURAL_GEOMETRIC_LINE,1.0000,N/A
2026-09-05 20:14:07,1,UNNATURAL_GEOMETRIC_LINE,1.0000,N/A
2026-09-05 20:14:10,1,UNNATURAL_GEOMETRIC_LINE,1.0000,N/A
2026-09-05 20:14:10,1,UNNATURAL_GEOMETRIC_LINE,1.0000,N/A
2026-09-05 20:14:11,1,UNNATURAL_GEOMETRIC_LINE,1.0000,N/A
2026-09-05 20:14:13,1,UNNATURAL_GEOMETRIC_LINE,1.0000,N/A
2026-09-05 20:14:13,1,UNNATURAL_GEOMETRIC_LINE,1.0000,N/A
2026-09-05 20:14:16,1,UNNATURAL_GEOMETRIC_LINE,1.0000,N/A
2026-09-05 20:14:22,1,UNNATURAL_GEOMETRIC_LINE,1.0000,N/A
2026-09-05 20:14:23,1,UNNATURAL_GEOMETRIC_LINE,1.0000,N/A
2026-09-05 20:14:25,1,UNNATURAL_GEOMETRIC_LINE,1.0000,N/A
2026-09-05 20:14:27,1,UNNATURAL_GEOMETRIC_LINE,1.0000,N/A
2026-09-05 20:14:29,1,UNNATURAL_GEOMETRIC_LINE,1.0000,N/A
2026-09-05 20:14:29,1,UNNATURAL_GEOMETRIC_LINE,1.0000,N/A
2026-09-05 20:14:32,1,UNNATURAL_GEOMETRIC_LINE,1.0000,N/A
2026-09-05 20:14:34,1,UNNATURAL_GEOMETRIC_LINE,1.0000,N/A
2026-09-05 20:14:35,1,UNNATURAL_GEOMETRIC_LINE,1.0000,N/A
2026-09-05 20:14:37,1,UNNATURAL_GEOMETRIC_LINE,1.0000,N/A
2026-09-05 20:14:38,1,UNNATURAL_GEOMETRIC_LINE,1.0000,N/A
2026-09-05 20:14:39,1,UNNATURAL_GEOMETRIC_LINE,1.0000,N/A
2026-09-05 20:14:40,1,UNNATURAL_GEOMETRIC_LINE,1.0000,N/A
2026-09-05 20:14:42,1,UNNATURAL_GEOMETRIC_LINE,1.0000,N/A
2026-09-05 20:14:42,1,UNNATURAL_GEOMETRIC_LINE,1.0000,N/A
2026-09-05 20:14:50,1,UNNATURAL_GEOMETRIC_LINE,1.0000,N/A
2026-09-05 20:14:52,1,UNNATURAL_GEOMETRIC_LINE,1.0000,N/A
2026-09-05 20:14:53,1,UNNATURAL_GEOMETRIC_LINE,1.0000,N/A
2026-09-05 20:14:53,1,UNNATURAL_GEOMETRIC_LINE,1.0000,N/A
2026-09-05 20:14:55,1,UNNATURAL_GEOMETRIC_LINE,1.0000,N/A
2026-09-05 20:14:56,1,UNNATURAL_GEOMETRIC_LINE,1.0000,N/A
2026-09-05 20:15:03,1,UNNATURAL_GEOMETRIC_LINE,1.0000,N/A
2026-09-05 20:15:06,1,UNNATURAL_GEOMETRIC_LINE,1.0000,N/A
2026-09-05 20:15:06,1,UNNATURAL_GEOMETRIC_LINE,1.0000,N/A
2026-09-05 20:15:07,1,UNNATURAL_GEOMETRIC_LINE,1.0000,N/A
2026-09-05 20:15:12,1,UNNATURAL_GEOMETRIC_LINE,1.0000,N/A
2026-09-05 20:15:13,1,UNNATURAL_GEOMETRIC_LINE,1.0000,N/A
2026-09-05 20:15:16,1,UNNATURAL_GEOMETRIC_LINE,1.0000,N/A
2026-09-05 20:15:18,1,UNNATURAL_GEOMETRIC_LINE,1.0000,N/A
2026-09-05 20:15:18,1,UNNATURAL_GEOMETRIC_LINE,1.0000,N/A
2026-09-05 20:15:20,1,UNNATURAL_GEOMETRIC_LINE,1.0000,N/A
2026-09-05 20:15:21,1,UNNATURAL_GEOMETRIC_LINE,1.0000,N/A
2026-09-05 20:15:22,1,UNNATURAL_GEOMETRIC_LINE,1.0000,N/A
2026-09-05 20:15:30,1,UNNATURAL_GEOMETRIC_LINE,1.0000,N/A
2026-09-05 20:15:33,1,UNNATURAL_GEOMETRIC_LINE,1.0000,N/A
2026-09-05 20:15:35,1,UNNATURAL_GEOMETRIC_LINE,1.0000,N/A
2026-09-05 20:15:38,1,UNNATURAL_GEOMETRIC_LINE,1.0000,N/A
2026-09-05 20:15:38,1,UNNATURAL_GEOMETRIC_LINE,1.0000,N/A
2026-09-05 20:15:43,1,UNNATURAL_GEOMETRIC_LINE,1.0000,N/A
2026-09-05 20:15:51,1,UNNATURAL_GEOMETRIC_LINE,1.0000,N/A
2026-09-05 20:15:52,1,UNNATURAL_GEOMETRIC_LINE,1.0000,N/A
2026-09-05 20:15:55,1,UNNATURAL_GEOMETRIC_LINE,1.0000,N/A
2026-09-05 20:15:58,1,UNNATURAL_GEOMETRIC_LINE,1.0000,N/A
2026-09-05 20:16:02,1,UNNATURAL_GEOMETRIC_LINE,1.0000,N/A
2026-09-05 20:16:03,1,UNNATURAL_GEOMETRIC_LINE,1.0000,N/A
2026-09-05 20:16:14,1,UNNATURAL_GEOMETRIC_LINE,1.0000,N/A
2026-09-05 20:16:16,1,UNNATURAL_GEOMETRIC_LINE,1.0000,N/A
2026-09-05 20:16:16,1,UNNATURAL_GEOMETRIC_LINE,1.0000,N/A
2026-09-05 20:16:17,1,UNNATURAL_GEOMETRIC_LINE,1.0000,N/A
2026-09-05 20:16:22,1,UNNATURAL_GEOMETRIC_LINE,1.0000,N/A
2026-09-05 20:16:23,1,UNNATURAL_GEOMETRIC_LINE,1.0000,N/A
2026-09-05 20:16:27,1,UNNATURAL_GEOMETRIC_LINE,1.0000,N/A
2026-09-05 20:16:28,1,UNNATURAL_GEOMETRIC_LINE,1.0000,N/A
2026-09-05 20:16:31,1,UNNATURAL_GEOMETRIC_LINE,1.0000,N/A
2026-09-05 20:16:33,1,UNNATURAL_GEOMETRIC_LINE,1.0000,N/A
2026-09-05 20:16:34,1,UNNATURAL_GEOMETRIC_LINE,1.0000,N/A
2026-09-05 20:16:37,1,UNNATURAL_GEOMETRIC_LINE,1.0000,N/A
2026-09-05 20:16:39,1,UNNATURAL_GEOMETRIC_LINE,1.0000,N/A
2026-09-05 20:16:40,1,UNNATURAL_GEOMETRIC_LINE,1.0000,N/A
2026-09-05 20:16:42,1,UNNATURAL_GEOMETRIC_LINE,1.0000,N/A
2026-09-05 20:16:44,1,UNNATURAL_GEOMETRIC_LINE,1.0000,N/A
2026-09-05 20:16:44,1,UNNATURAL_GEOMETRIC_LINE,1.0000,N/A
2026-09-05 20:16:45,1,UNNATURAL_GEOMETRIC_LINE,1.0000,N/A
2026-09-05 20:16:48,1,UNNATURAL_GEOMETRIC_LINE,1.0000,N/A
2026-09-05 20:16:48,1,UNNATURAL_GEOMETRIC_LINE,1.0000,N/A
2026-09-05 20:16:50,1,UNNATURAL_GEOMETRIC_LINE,1.0000,N/A
2026-09-05 20:16:52,1,UNNATURAL_GEOMETRIC_LINE,1.0000,N/A
2026-09-05 20:16:53,1,UNNATURAL_GEOMETRIC_LINE,1.0000,N/A
2026-09-05 20:16:53,1,MECHANICAL_LOCK_NO_TREMOR,1.0000,N/A
2026-09-05 20:16:55,1,UNNATURAL_GEOMETRIC_LINE,1.0000,N/A
2026-09-05 20:16:55,1,UNNATURAL_GEOMETRIC_LINE,1.0000,N/A
2026-09-05 20:16:58,1,UNNATURAL_GEOMETRIC_LINE,1.0000,N/A
2026-09-05 20:17:01,1,UNNATURAL_GEOMETRIC_LINE,1.0000,N/A
2026-09-05 20:17:01,1,UNNATURAL_GEOMETRIC_LINE,1.0000,N/A
2026-09-05 20:17:07,1,UNNATURAL_GEOMETRIC_LINE,1.0000,N/A
2026-09-05 20:17:09,1,UNNATURAL_GEOMETRIC_LINE,1.0000,N/A
2026-09-05 20:17:10,1,UNNATURAL_GEOMETRIC_LINE,1.0000,N/A
2026-09-05 20:17:13,1,UNNATURAL_GEOMETRIC_LINE,1.0000,N/A
2026-09-05 20:17:18,1,UNNATURAL_GEOMETRIC_LINE,1.0000,N/A
2026-09-05 20:17:21,1,UNNATURAL_GEOMETRIC_LINE,1.0000,N/A
2026-09-05 20:17:22,1,UNNATURAL_GEOMETRIC_LINE,1.0000,N/A
2026-09-05 20:17:23,1,UNNATURAL_GEOMETRIC_LINE,1.0000,N/A
2026-09-05 20:17:25,1,UNNATURAL_GEOMETRIC_LINE,1.0000,N/A
2026-09-05 20:17:27,1,UNNATURAL_GEOMETRIC_LINE,1.0000,N/A
2026-09-05 20:17:28,1,UNNATURAL_GEOMETRIC_LINE,1.0000,N/A
2026-09-05 20:17:29,1,UNNATURAL_GEOMETRIC_LINE,1.0000,N/A
2026-09-05 20:17:31,1,UNNATURAL_GEOMETRIC_LINE,1.0000,N/A
2026-09-05 20:17:33,1,UNNATURAL_GEOMETRIC_LINE,1.0000,N/A
2026-09-05 20:17:33,1,UNNATURAL_GEOMETRIC_LINE,1.0000,N/A
2026-09-05 20:17:36,1,UNNATURAL_GEOMETRIC_LINE,1.0000,N/A
2026-09-05 20:17:38,1,UNNATURAL_GEOMETRIC_LINE,1.0000,N/A
2026-09-05 20:17:38,1,UNNATURAL_GEOMETRIC_LINE,1.0000,N/A
2026-09-05 20:17:40,1,UNNATURAL_GEOMETRIC_LINE,1.0000,N/A
2026-09-05 20:17:42,1,UNNATURAL_GEOMETRIC_LINE,1.0000,N/A
2026-09-05 20:17:43,1,UNNATURAL_GEOMETRIC_LINE,1.0000,N/A
2026-09-05 20:17:46,1,UNNATURAL_GEOMETRIC_LINE,1.0000,N/A
2026-09-05 20:17:47,1,UNNATURAL_GEOMETRIC_LINE,1.0000,N/A
2026-09-05 20:17:51,1,UNNATURAL_GEOMETRIC_LINE,1.0000,N/A
2026-09-05 20:17:54,1,UNNATURAL_GEOMETRIC_LINE,1.0000,N/A
2026-09-05 20:17:56,1,UNNATURAL_GEOMETRIC_LINE,1.0000,N/A
2026-09-05 20:17:56,1,UNNATURAL_GEOMETRIC_LINE,1.0000,N/A
2026-09-05 20:17:57,1,UNNATURAL_GEOMETRIC_LINE,1.0000,N/A
2026-09-05 20:17:59,1,UNNATURAL_GEOMETRIC_LINE,1.0000,N/A
2026-09-05 20:17:59,1,UNNATURAL_GEOMETRIC_LINE,1.0000,N/A
2026-09-05 20:18:00,1,UNNATURAL_GEOMETRIC_LINE,1.0000,N/A
2026-09-05 20:18:02,1,UNNATURAL_GEOMETRIC_LINE,1.0000,N/A
2026-09-05 20:18:03,1,UNNATURAL_GEOMETRIC_LINE,1.0000,N/A
2026-09-05 20:18:03,1,MECHANICAL_LOCK_NO_TREMOR,1.0000,N/A
2026-09-05 20:18:05,1,UNNATURAL_GEOMETRIC_LINE,1.0000,N/A
2026-09-05 20:18:06,1,UNNATURAL_GEOMETRIC_LINE,1.0000,N/A
2026-09-05 20:18:06,1,UNNATURAL_GEOMETRIC_LINE,1.0000,N/A
2026-09-05 20:18:08,1,UNNATURAL_GEOMETRIC_LINE,1.0000,N/A
2026-09-05 20:18:09,1,UNNATURAL_GEOMETRIC_LINE,1.0000,N/A
2026-09-05 20:18:10,1,UNNATURAL_GEOMETRIC_LINE,1.0000,N/A
2026-09-05 20:18:12,1,UNNATURAL_GEOMETRIC_LINE,1.0000,N/A
2026-09-05 20:18:12,1,UNNATURAL_GEOMETRIC_LINE,1.0000,N/A
2026-09-05 20:18:14,1,UNNATURAL_GEOMETRIC_LINE,1.0000,N/A
2026-09-05 20:18:24,1,UNNATURAL_GEOMETRIC_LINE,1.0000,N/A
2026-09-05 20:18:26,1,UNNATURAL_GEOMETRIC_LINE,1.0000,N/A
2026-09-05 20:18:26,1,UNNATURAL_GEOMETRIC_LINE,1.0000,N/A
2026-09-05 20:18:27,1,UNNATURAL_GEOMETRIC_LINE,1.0000,N/A
2026-09-05 20:18:29,1,UNNATURAL_GEOMETRIC_LINE,1.0000,N/A
2026-09-05 20:18:30,1,UNNATURAL_GEOMETRIC_LINE,1.0000,N/A
2026-09-05 20:18:30,1,UNNATURAL_GEOMETRIC_LINE,1.0000,N/A
2026-09-05 20:18:32,1,UNNATURAL_GEOMETRIC_LINE,1.0000,N/A
2026-09-05 20:18:33,1,UNNATURAL_GEOMETRIC_LINE,1.0000,N/A
2026-09-05 20:18:33,1,UNNATURAL_GEOMETRIC_LINE,1.0000,N/A
2026-09-05 20:18:35,1,UNNATURAL_GEOMETRIC_LINE,1.0000,N/A
2026-09-05 20:18:36,1,UNNATURAL_GEOMETRIC_LINE,1.0000,N/A
2026-09-05 20:18:36,1,UNNATURAL_GEOMETRIC_LINE,1.0000,N/A
2026-09-05 20:18:38,1,UNNATURAL_GEOMETRIC_LINE,1.0000,N/A
2026-09-05 20:18:38,1,UNNATURAL_GEOMETRIC_LINE,1.0000,N/A
2026-09-05 20:18:41,1,UNNATURAL_GEOMETRIC_LINE,1.0000,N/A
2026-09-05 20:18:43,1,UNNATURAL_GEOMETRIC_LINE,1.0000,N/A
2026-09-05 20:18:43,1,UNNATURAL_GEOMETRIC_LINE,1.0000,N/A
2026-09-05 20:18:45,1,UNNATURAL_GEOMETRIC_LINE,1.0000,N/A
2026-09-05 20:18:48,1,UNNATURAL_GEOMETRIC_LINE,1.0000,N/A
2026-09-05 20:18:48,1,UNNATURAL_GEOMETRIC_LINE,1.0000,N/A
2026-09-05 20:18:53,1,UNNATURAL_GEOMETRIC_LINE,1.0000,N/A
2026-09-05 20:18:55,1,UNNATURAL_GEOMETRIC_LINE,1.0000,N/A
2026-09-05 20:18:55,1,UNNATURAL_GEOMETRIC_LINE,1.0000,N/A
2026-09-05 20:19:05,1,UNNATURAL_GEOMETRIC_LINE,1.0000,N/A
2026-09-05 20:19:08,1,UNNATURAL_GEOMETRIC_LINE,1.0000,N/A
2026-09-05 20:19:10,1,UNNATURAL_GEOMETRIC_LINE,1.0000,N/A
2026-09-05 20:19:12,1,UNNATURAL_GEOMETRIC_LINE,1.0000,N/A
2026-09-05 20:19:13,1,UNNATURAL_GEOMETRIC_LINE,1.0000,N/A
2026-09-05 20:19:14,1,UNNATURAL_GEOMETRIC_LINE,1.0000,N/A
2026-09-05 20:19:16,1,UNNATURAL_GEOMETRIC_LINE,1.0000,N/A
2026-09-05 20:19:17,1,UNNATURAL_GEOMETRIC_LINE,1.0000,N/A
2026-09-05 20:19:18,1,UNNATURAL_GEOMETRIC_LINE,1.0000,N/A
2026-09-05 20:19:20,1,UNNATURAL_GEOMETRIC_LINE,1.0000,N/A
2026-09-05 20:19:21,1,UNNATURAL_GEOMETRIC_LINE,1.0000,N/A
2026-09-05 20:19:22,1,UNNATURAL_GEOMETRIC_LINE,1.0000,N/A
2026-09-05 20:19:23,1,UNNATURAL_GEOMETRIC_LINE,1.0000,N/A
2026-09-05 20:19:24,1,UNNATURAL_GEOMETRIC_LINE,1.0000,N/A
2026-09-05 20:19:26,1,UNNATURAL_GEOMETRIC_LINE,1.0000,N/A
2026-09-05 20:19:28,1,UNNATURAL_GEOMETRIC_LINE,1.0000,N/A
2026-09-05 20:19:28,1,UNNATURAL_GEOMETRIC_LINE,1.0000,N/A
2026-09-05 20:19:30,1,UNNATURAL_GEOMETRIC_LINE,1.0000,N/A
2026-09-05 20:19:32,1,UNNATURAL_GEOMETRIC_LINE,1.0000,N/A
2026-09-05 20:19:33,1,UNNATURAL_GEOMETRIC_LINE,1.0000,N/A
2026-09-05 20:19:35,1,UNNATURAL_GEOMETRIC_LINE,1.0000,N/A
2026-09-05 20:19:37,1,UNNATURAL_GEOMETRIC_LINE,1.0000,N/A
2026-09-05 20:19:37,1,UNNATURAL_GEOMETRIC_LINE,1.0000,N/A
2026-09-05 20:19:39,1,UNNATURAL_GEOMETRIC_LINE,1.0000,N/A
2026-09-05 20:19:41,1,UNNATURAL_GEOMETRIC_LINE,1.0000,N/A
2026-09-05 20:19:41,1,UNNATURAL_GEOMETRIC_LINE,1.0000,N/A
2026-09-05 20:19:42,1,UNNATURAL_GEOMETRIC_LINE,1.0000,N/A
2026-09-05 20:19:44,1,UNNATURAL_GEOMETRIC_LINE,1.0000,N/A
2026-09-05 20:19:44,1,UNNATURAL_GEOMETRIC_LINE,1.0000,N/A
2026-09-05 20:19:46,1,UNNATURAL_GEOMETRIC_LINE,1.0000,N/A
2026-09-05 20:19:53,1,UNNATURAL_GEOMETRIC_LINE,1.0000,N/A
2026-09-05 20:19:53,1,UNNATURAL_GEOMETRIC_LINE,1.0000,N/A
2026-09-05 20:19:54,1,UNNATURAL_GEOMETRIC_LINE,1.0000,N/A
2026-09-05 20:19:56,1,UNNATURAL_GEOMETRIC_LINE,1.0000,N/A
2026-09-05 20:19:58,1,UNNATURAL_GEOMETRIC_LINE,1.0000,N/A
2026-09-05 20:19:59,1,UNNATURAL_GEOMETRIC_LINE,1.0000,N/A
2026-09-05 20:20:08,1,UNNATURAL_GEOMETRIC_LINE,1.0000,N/A
2026-09-05 20:20:10,1,UNNATURAL_GEOMETRIC_LINE,1.0000,N/A
2026-09-05 20:20:10,1,UNNATURAL_GEOMETRIC_LINE,1.0000,N/A
2026-09-05 20:20:13,1,UNNATURAL_GEOMETRIC_LINE,1.0000,N/A
2026-09-05 20:20:15,1,UNNATURAL_GEOMETRIC_LINE,1.0000,N/A
2026-09-05 20:20:15,1,UNNATURAL_GEOMETRIC_LINE,1.0000,N/A
2026-09-05 20:20:17,1,UNNATURAL_GEOMETRIC_LINE,1.0000,N/A
2026-09-05 20:20:20,1,UNNATURAL_GEOMETRIC_LINE,1.0000,N/A
2026-09-05 20:20:21,1,UNNATURAL_GEOMETRIC_LINE,1.0000,N/A
2026-09-05 20:20:24,1,UNNATURAL_GEOMETRIC_LINE,1.0000,N/A
2026-09-05 20:20:26,1,UNNATURAL_GEOMETRIC_LINE,1.0000,N/A
2026-09-05 20:20:27,1,UNNATURAL_GEOMETRIC_LINE,1.0000,N/A
2026-09-05 20:20:31,1,UNNATURAL_GEOMETRIC_LINE,1.0000,N/A
2026-09-05 20:20:32,1,UNNATURAL_GEOMETRIC_LINE,1.0000,N/A
2026-09-05 20:20:36,1,UNNATURAL_GEOMETRIC_LINE,1.0000,N/A
2026-09-05 20:20:38,1,UNNATURAL_GEOMETRIC_LINE,1.0000,N/A
2026-09-05 20:20:39,1,UNNATURAL_GEOMETRIC_LINE,1.0000,N/A
2026-09-05 20:20:45,1,UNNATURAL_GEOMETRIC_LINE,1.0000,N/A
2026-09-05 20:20:47,1,UNNATURAL_GEOMETRIC_LINE,1.0000,N/A
2026-09-05 20:20:48,1,UNNATURAL_GEOMETRIC_LINE,1.0000,N/A
2026-09-05 20:20:50,1,UNNATURAL_GEOMETRIC_LINE,1.0000,N/A
2026-09-05 20:20:52,1,UNNATURAL_GEOMETRIC_LINE,1.0000,N/A
2026-09-05 20:20:52,1,UNNATURAL_GEOMETRIC_LINE,1.0000,N/A
2026-09-05 20:20:52,1,MECHANICAL_LOCK_NO_TREMOR,1.0000,N/A
2026-09-05 20:20:56,1,UNNATURAL_GEOMETRIC_LINE,1.0000,N/A
2026-09-05 20:20:56,1,UNNATURAL_GEOMETRIC_LINE,1.0000,N/A
2026-09-05 20:21:00,1,UNNATURAL_GEOMETRIC_LINE,1.0000,N/A
2026-09-05 20:21:02,1,UNNATURAL_GEOMETRIC_LINE,1.0000,N/A
2026-09-05 20:21:03,1,UNNATURAL_GEOMETRIC_LINE,1.0000,N/A
2026-09-05 20:21:04,1,UNNATURAL_GEOMETRIC_LINE,1.0000,N/A
2026-09-05 20:21:06,1,UNNATURAL_GEOMETRIC_LINE,1.0000,N/A
2026-09-05 20:21:06,1,UNNATURAL_GEOMETRIC_LINE,1.0000,N/A
2026-09-05 20:21:07,1,UNNATURAL_GEOMETRIC_LINE,1.0000,N/A
2026-09-05 20:21:11,1,UNNATURAL_GEOMETRIC_LINE,1.0000,N/A
2026-09-05 20:21:14,1,UNNATURAL_GEOMETRIC_LINE,1.0000,N/A
2026-09-05 20:21:16,1,UNNATURAL_GEOMETRIC_LINE,1.0000,N/A
2026-09-05 20:21:17,1,UNNATURAL_GEOMETRIC_LINE,1.0000,N/A
2026-09-05 20:21:18,1,UNNATURAL_GEOMETRIC_LINE,1.0000,N/A
2026-09-05 20:21:21,1,UNNATURAL_GEOMETRIC_LINE,1.0000,N/A
2026-09-05 20:21:21,1,UNNATURAL_GEOMETRIC_LINE,1.0000,N/A
2026-09-05 20:21:31,1,UNNATURAL_GEOMETRIC_LINE,1.0000,N/A
2026-09-05 20:21:36,1,UNNATURAL_GEOMETRIC_LINE,1.0000,N/A
2026-09-05 20:21:36,1,UNNATURAL_GEOMETRIC_LINE,1.0000,N/A
2026-09-05 20:21:37,1,UNNATURAL_GEOMETRIC_LINE,1.0000,N/A
2026-09-05 20:21:39,1,UNNATURAL_GEOMETRIC_LINE,1.0000,N/A
2026-09-05 20:21:39,1,UNNATURAL_GEOMETRIC_LINE,1.0000,N/A
2026-09-05 20:21:42,1,UNNATURAL_GEOMETRIC_LINE,1.0000,N/A
2026-09-05 20:21:47,1,UNNATURAL_GEOMETRIC_LINE,1.0000,N/A
2026-09-05 20:21:47,1,UNNATURAL_GEOMETRIC_LINE,1.0000,N/A
2026-09-05 20:21:52,1,UNNATURAL_GEOMETRIC_LINE,1.0000,N/A
2026-09-05 20:21:54,1,UNNATURAL_GEOMETRIC_LINE,1.0000,N/A
2026-09-05 20:21:54,1,UNNATURAL_GEOMETRIC_LINE,1.0000,N/A
2026-09-05 20:21:59,1,UNNATURAL_GEOMETRIC_LINE,1.0000,N/A
2026-09-05 20:22:02,1,UNNATURAL_GEOMETRIC_LINE,1.0000,N/A
2026-09-05 20:22:03,1,UNNATURAL_GEOMETRIC_LINE,1.0000,N/A
2026-09-05 20:22:06,1,UNNATURAL_GEOMETRIC_LINE,1.0000,N/A
2026-09-05 20:22:10,1,UNNATURAL_GEOMETRIC_LINE,1.0000,N/A
2026-09-05 20:22:12,1,UNNATURAL_GEOMETRIC_LINE,1.0000,N/A
2026-09-05 20:22:12,1,UNNATURAL_GEOMETRIC_LINE,1.0000,N/A
2026-09-05 20:22:13,1,UNNATURAL_GEOMETRIC_LINE,1.0000,N/A
2026-09-05 20:22:16,1,UNNATURAL_GEOMETRIC_LINE,1.0000,N/A
2026-09-05 20:22:18,1,UNNATURAL_GEOMETRIC_LINE,1.0000,N/A
2026-09-05 20:22:19,1,UNNATURAL_GEOMETRIC_LINE,1.0000,N/A
2026-09-05 20:22:23,1,UNNATURAL_GEOMETRIC_LINE,1.0000,N/A
2026-09-05 20:22:23,1,UNNATURAL_GEOMETRIC_LINE,1.0000,N/A
2026-09-05 20:22:26,1,UNNATURAL_GEOMETRIC_LINE,1.0000,N/A
2026-09-05 20:22:29,1,UNNATURAL_GEOMETRIC_LINE,1.0000,N/A
2026-09-05 20:22:30,1,UNNATURAL_GEOMETRIC_LINE,1.0000,N/A
2026-09-05 20:22:33,1,UNNATURAL_GEOMETRIC_LINE,1.0000,N/A
2026-09-05 20:22:35,1,UNNATURAL_GEOMETRIC_LINE,1.0000,N/A
2026-09-05 20:22:35,1,UNNATURAL_GEOMETRIC_LINE,1.0000,N/A
2026-09-05 20:22:43,1,UNNATURAL_GEOMETRIC_LINE,1.0000,N/A
2026-09-05 20:22:45,1,UNNATURAL_GEOMETRIC_LINE,1.0000,N/A
2026-09-05 20:22:46,1,UNNATURAL_GEOMETRIC_LINE,1.0000,N/A
2026-09-05 20:22:51,1,UNNATURAL_GEOMETRIC_LINE,1.0000,N/A
2026-09-05 20:22:53,1,UNNATURAL_GEOMETRIC_LINE,1.0000,N/A
2026-09-05 20:22:53,1,UNNATURAL_GEOMETRIC_LINE,1.0000,N/A
2026-09-05 20:22:57,1,UNNATURAL_GEOMETRIC_LINE,1.0000,N/A
2026-09-05 20:23:00,1,UNNATURAL_GEOMETRIC_LINE,1.0000,N/A
2026-09-05 20:23:00,1,UNNATURAL_GEOMETRIC_LINE,1.0000,N/A
2026-09-05 20:23:01,1,UNNATURAL_GEOMETRIC_LINE,1.0000,N/A
2026-09-05 20:23:03,1,UNNATURAL_GEOMETRIC_LINE,1.0000,N/A
2026-09-05 20:23:04,1,UNNATURAL_GEOMETRIC_LINE,1.0000,N/A
2026-09-05 20:23:08,1,UNNATURAL_GEOMETRIC_LINE,1.0000,N/A
2026-09-05 20:23:10,1,UNNATURAL_GEOMETRIC_LINE,1.0000,N/A
2026-09-05 20:23:11,1,UNNATURAL_GEOMETRIC_LINE,1.0000,N/A
2026-09-05 20:23:12,1,UNNATURAL_GEOMETRIC_LINE,1.0000,N/A
2026-09-05 20:23:15,1,UNNATURAL_GEOMETRIC_LINE,1.0000,N/A
2026-09-05 20:23:15,1,UNNATURAL_GEOMETRIC_LINE,1.0000,N/A
2026-09-05 20:23:19,1,UNNATURAL_GEOMETRIC_LINE,1.0000,N/A
2026-09-05 20:23:21,1,UNNATURAL_GEOMETRIC_LINE,1.0000,N/A
2026-09-05 20:23:21,1,UNNATURAL_GEOMETRIC_LINE,1.0000,N/A
2026-09-05 20:23:23,1,UNNATURAL_GEOMETRIC_LINE,1.0000,N/A
2026-09-05 20:23:26,1,UNNATURAL_GEOMETRIC_LINE,1.0000,N/A
2026-09-05 20:23:26,1,UNNATURAL_GEOMETRIC_LINE,1.0000,N/A
2026-09-05 20:23:27,1,UNNATURAL_GEOMETRIC_LINE,1.0000,N/A
2026-09-05 20:23:31,1,UNNATURAL_GEOMETRIC_LINE,1.0000,N/A
2026-09-05 20:23:32,1,UNNATURAL_GEOMETRIC_LINE,1.0000,N/A
2026-09-05 20:23:32,1,MECHANICAL_LOCK_NO_TREMOR,1.0000,N/A
2026-09-05 20:23:34,1,UNNATURAL_GEOMETRIC_LINE,1.0000,N/A
2026-09-05 20:23:35,1,UNNATURAL_GEOMETRIC_LINE,1.0000,N/A
2026-09-05 20:23:36,1,UNNATURAL_GEOMETRIC_LINE,1.0000,N/A
2026-09-05 20:23:38,1,UNNATURAL_GEOMETRIC_LINE,1.0000,N/A
2026-09-05 20:23:39,1,UNNATURAL_GEOMETRIC_LINE,1.0000,N/A
2026-09-05 20:23:46,1,UNNATURAL_GEOMETRIC_LINE,1.0000,N/A
2026-09-05 20:23:47,1,UNNATURAL_GEOMETRIC_LINE,1.0000,N/A
2026-09-05 20:23:48,1,UNNATURAL_GEOMETRIC_LINE,1.0000,N/A
2026-09-05 20:23:48,1,MECHANICAL_LOCK_NO_TREMOR,1.0000,N/A
2026-09-05 20:23:50,1,UNNATURAL_GEOMETRIC_LINE,1.0000,N/A
2026-09-05 20:23:51,1,UNNATURAL_GEOMETRIC_LINE,1.0000,N/A
2026-09-05 20:23:52,1,UNNATURAL_GEOMETRIC_LINE,1.0000,N/A
2026-09-05 20:23:54,1,UNNATURAL_GEOMETRIC_LINE,1.0000,N/A
2026-09-05 20:23:55,1,UNNATURAL_GEOMETRIC_LINE,1.0000,N/A
2026-09-05 20:23:57,1,UNNATURAL_GEOMETRIC_LINE,1.0000,N/A
2026-09-05 20:23:59,1,UNNATURAL_GEOMETRIC_LINE,1.0000,N/A
2026-09-05 20:24:00,1,UNNATURAL_GEOMETRIC_LINE,1.0000,N/A
2026-09-05 20:24:04,1,UNNATURAL_GEOMETRIC_LINE,1.0000,N/A
2026-09-05 20:24:06,1,UNNATURAL_GEOMETRIC_LINE,1.0000,N/A
2026-09-05 20:24:07,1,UNNATURAL_GEOMETRIC_LINE,1.0000,N/A
2026-09-05 20:24:12,1,UNNATURAL_GEOMETRIC_LINE,1.0000,N/A
2026-09-05 20:24:14,1,UNNATURAL_GEOMETRIC_LINE,1.0000,N/A
2026-09-05 20:24:15,1,UNNATURAL_GEOMETRIC_LINE,1.0000,N/A
2026-09-05 20:24:18,1,UNNATURAL_GEOMETRIC_LINE,1.0000,N/A
2026-09-05 20:24:21,1,UNNATURAL_GEOMETRIC_LINE,1.0000,N/A
2026-09-05 20:24:21,1,UNNATURAL_GEOMETRIC_LINE,1.0000,N/A
2026-09-05 20:24:24,1,UNNATURAL_GEOMETRIC_LINE,1.0000,N/A
2026-09-05 20:24:27,1,UNNATURAL_GEOMETRIC_LINE,1.0000,N/A
2026-09-05 20:24:28,1,UNNATURAL_GEOMETRIC_LINE,1.0000,N/A
2026-09-05 20:24:29,1,UNNATURAL_GEOMETRIC_LINE,1.0000,N/A
2026-09-05 20:24:31,1,UNNATURAL_GEOMETRIC_LINE,1.0000,N/A
2026-09-05 20:24:34,1,UNNATURAL_GEOMETRIC_LINE,1.0000,N/A
2026-09-05 20:24:34,1,UNNATURAL_GEOMETRIC_LINE,1.0000,N/A
2026-09-05 20:24:39,1,UNNATURAL_GEOMETRIC_LINE,1.0000,N/A
2026-09-05 20:24:41,1,UNNATURAL_GEOMETRIC_LINE,1.0000,N/A
2026-09-05 20:24:42,1,UNNATURAL_GEOMETRIC_LINE,1.0000,N/A
2026-09-05 20:24:44,1,UNNATURAL_GEOMETRIC_LINE,1.0000,N/A
2026-09-05 20:24:49,1,UNNATURAL_GEOMETRIC_LINE,1.0000,N/A
2026-09-05 20:24:49,1,UNNATURAL_GEOMETRIC_LINE,1.0000,N/A
2026-09-05 20:24:52,1,UNNATURAL_GEOMETRIC_LINE,1.0000,N/A
2026-09-05 20:24:54,1,UNNATURAL_GEOMETRIC_LINE,1.0000,N/A
2026-09-05 20:24:55,1,UNNATURAL_GEOMETRIC_LINE,1.0000,N/A
2026-09-05 20:24:56,1,UNNATURAL_GEOMETRIC_LINE,1.0000,N/A
2026-09-05 20:25:01,1,UNNATURAL_GEOMETRIC_LINE,1.0000,N/A
2026-09-05 20:25:01,1,UNNATURAL_GEOMETRIC_LINE,1.0000,N/A
2026-09-05 20:25:04,1,UNNATURAL_GEOMETRIC_LINE,1.0000,N/A
2026-09-05 20:25:06,1,UNNATURAL_GEOMETRIC_LINE,1.0000,N/A
2026-09-05 20:25:06,1,UNNATURAL_GEOMETRIC_LINE,1.0000,N/A
2026-09-05 20:25:08,1,UNNATURAL_GEOMETRIC_LINE,1.0000,N/A
2026-09-05 20:25:10,1,UNNATURAL_GEOMETRIC_LINE,1.0000,N/A
2026-09-05 20:25:10,1,UNNATURAL_GEOMETRIC_LINE,1.0000,N/A
2026-09-05 20:25:12,1,UNNATURAL_GEOMETRIC_LINE,1.0000,N/A
2026-09-05 20:25:14,1,UNNATURAL_GEOMETRIC_LINE,1.0000,N/A
2026-09-05 20:25:15,1,UNNATURAL_GEOMETRIC_LINE,1.0000,N/A
2026-09-05 20:25:15,1,UNNATURAL_GEOMETRIC_LINE,1.0000,N/A
2026-09-05 20:25:18,1,UNNATURAL_GEOMETRIC_LINE,1.0000,N/A
2026-09-05 20:25:25,1,UNNATURAL_GEOMETRIC_LINE,1.0000,N/A
2026-09-05 20:25:27,1,UNNATURAL_GEOMETRIC_LINE,1.0000,N/A
2026-09-05 20:25:27,1,UNNATURAL_GEOMETRIC_LINE,1.0000,N/A
2026-09-05 20:25:27,1,MECHANICAL_LOCK_NO_TREMOR,1.0000,N/A
2026-09-05 20:25:30,1,UNNATURAL_GEOMETRIC_LINE,1.0000,N/A
2026-09-05 20:25:32,1,UNNATURAL_GEOMETRIC_LINE,1.0000,N/A
2026-09-05 20:25:33,1,UNNATURAL_GEOMETRIC_LINE,1.0000,N/A
2026-09-05 20:25:36,1,UNNATURAL_GEOMETRIC_LINE,1.0000,N/A
2026-09-05 20:25:37,1,UNNATURAL_GEOMETRIC_LINE,1.0000,N/A
2026-09-05 20:25:38,1,UNNATURAL_GEOMETRIC_LINE,1.0000,N/A
2026-09-05 20:25:40,1,UNNATURAL_GEOMETRIC_LINE,1.0000,N/A
2026-09-05 20:25:41,1,UNNATURAL_GEOMETRIC_LINE,1.0000,N/A
2026-09-05 20:25:42,1,UNNATURAL_GEOMETRIC_LINE,1.0000,N/A
2026-09-05 20:25:46,1,UNNATURAL_GEOMETRIC_LINE,1.0000,N/A
2026-09-05 20:25:48,1,UNNATURAL_GEOMETRIC_LINE,1.0000,N/A
2026-09-05 20:25:48,1,UNNATURAL_GEOMETRIC_LINE,1.0000,N/A
2026-09-05 20:25:54,1,UNNATURAL_GEOMETRIC_LINE,1.0000,N/A
2026-09-05 20:25:58,1,UNNATURAL_GEOMETRIC_LINE,1.0000,N/A
2026-09-05 20:25:58,1,UNNATURAL_GEOMETRIC_LINE,1.0000,N/A
2026-09-05 20:26:00,1,UNNATURAL_GEOMETRIC_LINE,1.0000,N/A
2026-09-05 20:26:00,1,UNNATURAL_GEOMETRIC_LINE,1.0000,N/A
2026-09-05 20:26:04,1,UNNATURAL_GEOMETRIC_LINE,1.0000,N/A
2026-09-05 20:26:05,1,UNNATURAL_GEOMETRIC_LINE,1.0000,N/A
2026-09-05 20:26:06,1,UNNATURAL_GEOMETRIC_LINE,1.0000,N/A
2026-09-05 20:26:13,1,UNNATURAL_GEOMETRIC_LINE,1.0000,N/A
2026-09-05 20:26:16,1,UNNATURAL_GEOMETRIC_LINE,1.0000,N/A
2026-09-05 20:26:17,1,UNNATURAL_GEOMETRIC_LINE,1.0000,N/A
2026-09-05 20:26:17,1,MECHANICAL_LOCK_NO_TREMOR,1.0000,N/A
2026-09-05 20:26:19,1,UNNATURAL_GEOMETRIC_LINE,1.0000,N/A
2026-09-05 20:26:20,1,UNNATURAL_GEOMETRIC_LINE,1.0000,N/A
2026-09-05 20:26:20,1,UNNATURAL_GEOMETRIC_LINE,1.0000,N/A
2026-09-05 20:26:23,1,UNNATURAL_GEOMETRIC_LINE,1.0000,N/A
2026-09-05 20:26:29,1,UNNATURAL_GEOMETRIC_LINE,1.0000,N/A
2026-09-05 20:26:30,1,UNNATURAL_GEOMETRIC_LINE,1.0000,N/A
2026-09-05 20:26:31,1,UNNATURAL_GEOMETRIC_LINE,1.0000,N/A
2026-09-05 20:26:33,1,UNNATURAL_GEOMETRIC_LINE,1.0000,N/A
2026-09-05 20:26:33,1,UNNATURAL_GEOMETRIC_LINE,1.0000,N/A
2026-09-05 20:26:36,1,UNNATURAL_GEOMETRIC_LINE,1.0000,N/A
2026-09-05 20:26:42,1,UNNATURAL_GEOMETRIC_LINE,1.0000,N/A
2026-09-05 20:26:42,1,UNNATURAL_GEOMETRIC_LINE,1.0000,N/A
2026-09-05 20:26:45,1,UNNATURAL_GEOMETRIC_LINE,1.0000,N/A
2026-09-05 20:26:47,1,UNNATURAL_GEOMETRIC_LINE,1.0000,N/A
2026-09-05 20:26:48,1,UNNATURAL_GEOMETRIC_LINE,1.0000,N/A
2026-09-05 20:26:49,1,UNNATURAL_GEOMETRIC_LINE,1.0000,N/A
2026-09-05 20:26:51,1,UNNATURAL_GEOMETRIC_LINE,1.0000,N/A
2026-09-05 20:26:51,1,UNNATURAL_GEOMETRIC_LINE,1.0000,N/A
2026-09-05 20:26:56,1,UNNATURAL_GEOMETRIC_LINE,1.0000,N/A
2026-09-05 20:26:57,1,UNNATURAL_GEOMETRIC_LINE,1.0000,N/A
2026-09-05 20:26:58,1,UNNATURAL_GEOMETRIC_LINE,1.0000,N/A
2026-09-05 20:27:02,1,UNNATURAL_GEOMETRIC_LINE,1.0000,N/A
2026-09-05 20:27:06,1,UNNATURAL_GEOMETRIC_LINE,1.0000,N/A
2026-09-05 20:27:08,1,UNNATURAL_GEOMETRIC_LINE,1.0000,N/A
2026-09-05 20:27:10,1,UNNATURAL_GEOMETRIC_LINE,1.0000,N/A
2026-09-05 20:27:10,1,UNNATURAL_GEOMETRIC_LINE,1.0000,N/A
2026-09-05 20:27:14,1,UNNATURAL_GEOMETRIC_LINE,1.0000,N/A
2026-09-05 20:27:16,1,UNNATURAL_GEOMETRIC_LINE,1.0000,N/A
2026-09-05 20:27:16,1,UNNATURAL_GEOMETRIC_LINE,1.0000,N/A
2026-09-05 20:27:20,1,UNNATURAL_GEOMETRIC_LINE,1.0000,N/A
2026-09-05 20:27:21,1,UNNATURAL_GEOMETRIC_LINE,1.0000,N/A
2026-09-05 20:27:23,1,UNNATURAL_GEOMETRIC_LINE,1.0000,N/A
2026-09-05 20:27:24,1,UNNATURAL_GEOMETRIC_LINE,1.0000,N/A
2026-09-05 20:27:25,1,UNNATURAL_GEOMETRIC_LINE,1.0000,N/A
2026-09-05 20:27:26,1,UNNATURAL_GEOMETRIC_LINE,1.0000,N/A
2026-09-05 20:27:27,1,UNNATURAL_GEOMETRIC_LINE,1.0000,N/A
2026-09-05 20:27:31,1,UNNATURAL_GEOMETRIC_LINE,1.0000,N/A
2026-09-05 20:27:34,1,UNNATURAL_GEOMETRIC_LINE,1.0000,N/A
2026-09-05 20:27:36,1,UNNATURAL_GEOMETRIC_LINE,1.0000,N/A
2026-09-05 20:27:36,1,UNNATURAL_GEOMETRIC_LINE,1.0000,N/A
2026-09-05 20:27:37,1,MECHANICAL_LOCK_NO_TREMOR,1.0000,N/A
2026-09-05 20:27:39,1,UNNATURAL_GEOMETRIC_LINE,1.0000,N/A
2026-09-05 20:27:39,1,UNNATURAL_GEOMETRIC_LINE,1.0000,N/A
2026-09-05 20:27:39,1,MECHANICAL_LOCK_NO_TREMOR,1.0000,N/A
2026-09-05 20:27:41,1,UNNATURAL_GEOMETRIC_LINE,1.0000,N/A
2026-09-05 20:27:41,1,UNNATURAL_GEOMETRIC_LINE,1.0000,N/A
2026-09-05 20:27:43,1,UNNATURAL_GEOMETRIC_LINE,1.0000,N/A
2026-09-05 20:27:46,1,UNNATURAL_GEOMETRIC_LINE,1.0000,N/A
2026-09-05 20:27:47,1,UNNATURAL_GEOMETRIC_LINE,1.0000,N/A
2026-09-05 20:27:50,1,UNNATURAL_GEOMETRIC_LINE,1.0000,N/A
2026-09-05 20:27:51,1,UNNATURAL_GEOMETRIC_LINE,1.0000,N/A
2026-09-05 20:27:52,1,UNNATURAL_GEOMETRIC_LINE,1.0000,N/A
2026-09-05 20:27:53,1,UNNATURAL_GEOMETRIC_LINE,1.0000,N/A
2026-09-05 20:27:59,1,UNNATURAL_GEOMETRIC_LINE,1.0000,N/A
2026-09-05 20:28:06,1,UNNATURAL_GEOMETRIC_LINE,1.0000,N/A
2026-09-05 20:28:11,1,UNNATURAL_GEOMETRIC_LINE,1.0000,N/A
2026-09-05 20:28:11,1,UNNATURAL_GEOMETRIC_LINE,1.0000,N/A
2026-09-05 20:28:12,1,UNNATURAL_GEOMETRIC_LINE,1.0000,N/A
2026-09-05 20:28:14,1,UNNATURAL_GEOMETRIC_LINE,1.0000,N/A
2026-09-05 20:28:15,1,UNNATURAL_GEOMETRIC_LINE,1.0000,N/A
2026-09-05 20:28:16,1,UNNATURAL_GEOMETRIC_LINE,1.0000,N/A
2026-09-05 20:28:20,1,UNNATURAL_GEOMETRIC_LINE,1.0000,N/A
2026-09-05 20:28:20,1,UNNATURAL_GEOMETRIC_LINE,1.0000,N/A
2026-09-05 20:28:25,1,UNNATURAL_GEOMETRIC_LINE,1.0000,N/A
2026-09-05 20:28:27,1,UNNATURAL_GEOMETRIC_LINE,1.0000,N/A
2026-09-05 20:28:34,1,UNNATURAL_GEOMETRIC_LINE,1.0000,N/A
2026-09-05 20:28:35,1,UNNATURAL_GEOMETRIC_LINE,1.0000,N/A
2026-09-05 20:28:36,1,UNNATURAL_GEOMETRIC_LINE,1.0000,N/A
2026-09-05 20:28:39,1,UNNATURAL_GEOMETRIC_LINE,1.0000,N/A
2026-09-05 20:28:39,1,UNNATURAL_GEOMETRIC_LINE,1.0000,N/A
2026-09-05 20:28:43,1,UNNATURAL_GEOMETRIC_LINE,1.0000,N/A
2026-09-05 20:28:45,1,UNNATURAL_GEOMETRIC_LINE,1.0000,N/A
2026-09-05 20:28:45,1,UNNATURAL_GEOMETRIC_LINE,1.0000,N/A
2026-09-05 20:28:47,1,UNNATURAL_GEOMETRIC_LINE,1.0000,N/A
2026-09-05 20:28:49,1,UNNATURAL_GEOMETRIC_LINE,1.0000,N/A
2026-09-05 20:28:49,1,UNNATURAL_GEOMETRIC_LINE,1.0000,N/A
2026-09-05 20:28:52,1,UNNATURAL_GEOMETRIC_LINE,1.0000,N/A
2026-09-05 20:28:55,1,UNNATURAL_GEOMETRIC_LINE,1.0000,N/A
2026-09-05 20:28:55,1,UNNATURAL_GEOMETRIC_LINE,1.0000,N/A
2026-09-05 20:28:58,1,UNNATURAL_GEOMETRIC_LINE,1.0000,N/A
2026-09-05 20:29:00,1,UNNATURAL_GEOMETRIC_LINE,1.0000,N/A
2026-09-05 20:29:00,1,UNNATURAL_GEOMETRIC_LINE,1.0000,N/A
2026-09-05 20:29:03,1,UNNATURAL_GEOMETRIC_LINE,1.0000,N/A
2026-09-05 20:29:09,1,UNNATURAL_GEOMETRIC_LINE,1.0000,N/A
2026-09-05 20:29:13,1,UNNATURAL_GEOMETRIC_LINE,1.0000,N/A
2026-09-05 20:29:13,1,UNNATURAL_GEOMETRIC_LINE,1.0000,N/A
2026-09-05 20:29:14,1,UNNATURAL_GEOMETRIC_LINE,1.0000,N/A
2026-09-05 20:29:15,1,UNNATURAL_GEOMETRIC_LINE,1.0000,N/A
2026-09-05 20:29:16,1,UNNATURAL_GEOMETRIC_LINE,1.0000,N/A
2026-09-05 20:29:23,1,UNNATURAL_GEOMETRIC_LINE,1.0000,N/A
2026-09-05 20:29:26,1,UNNATURAL_GEOMETRIC_LINE,1.0000,N/A
2026-09-05 20:29:26,1,UNNATURAL_GEOMETRIC_LINE,1.0000,N/A
2026-09-05 20:29:27,1,MECHANICAL_LOCK_NO_TREMOR,1.0000,N/A
2026-09-05 20:29:28,1,UNNATURAL_GEOMETRIC_LINE,1.0000,N/A
2026-09-05 20:29:29,1,UNNATURAL_GEOMETRIC_LINE,1.0000,N/A
2026-09-05 20:29:30,1,UNNATURAL_GEOMETRIC_LINE,1.0000,N/A
2026-09-05 20:29:34,1,UNNATURAL_GEOMETRIC_LINE,1.0000,N/A
2026-09-05 20:29:35,1,UNNATURAL_GEOMETRIC_LINE,1.0000,N/A
2026-09-05 20:29:41,1,UNNATURAL_GEOMETRIC_LINE,1.0000,N/A
2026-09-05 20:29:43,1,UNNATURAL_GEOMETRIC_LINE,1.0000,N/A
2026-09-05 20:29:43,1,UNNATURAL_GEOMETRIC_LINE,1.0000,N/A
2026-09-05 20:29:47,1,UNNATURAL_GEOMETRIC_LINE,1.0000,N/A
2026-09-05 20:29:50,1,UNNATURAL_GEOMETRIC_LINE,1.0000,N/A
2026-09-05 20:29:50,1,UNNATURAL_GEOMETRIC_LINE,1.0000,N/A
2026-09-05 20:29:57,1,UNNATURAL_GEOMETRIC_LINE,1.0000,N/A
2026-09-05 20:30:01,1,UNNATURAL_GEOMETRIC_LINE,1.0000,N/A
2026-09-05 20:30:04,1,UNNATURAL_GEOMETRIC_LINE,1.0000,N/A
2026-09-05 20:30:04,1,UNNATURAL_GEOMETRIC_LINE,1.0000,N/A
2026-09-05 20:30:06,1,UNNATURAL_GEOMETRIC_LINE,1.0000,N/A
2026-09-05 20:30:08,1,UNNATURAL_GEOMETRIC_LINE,1.0000,N/A
2026-09-05 20:30:08,1,UNNATURAL_GEOMETRIC_LINE,1.0000,N/A
2026-09-05 20:30:10,1,UNNATURAL_GEOMETRIC_LINE,1.0000,N/A
2026-09-05 20:30:12,1,UNNATURAL_GEOMETRIC_LINE,1.0000,N/A
2026-09-05 20:30:12,1,UNNATURAL_GEOMETRIC_LINE,1.0000,N/A
2026-09-05 20:30:17,1,UNNATURAL_GEOMETRIC_LINE,1.0000,N/A
2026-09-05 20:30:20,1,UNNATURAL_GEOMETRIC_LINE,1.0000,N/A
2026-09-05 20:30:25,1,UNNATURAL_GEOMETRIC_LINE,1.0000,N/A
2026-09-05 20:30:28,1,UNNATURAL_GEOMETRIC_LINE,1.0000,N/A
2026-09-05 20:30:29,1,UNNATURAL_GEOMETRIC_LINE,1.0000,N/A
2026-09-05 20:30:36,1,UNNATURAL_GEOMETRIC_LINE,1.0000,N/A
2026-09-05 20:30:38,1,UNNATURAL_GEOMETRIC_LINE,1.0000,N/A
2026-09-05 20:30:38,1,UNNATURAL_GEOMETRIC_LINE,1.0000,N/A
2026-09-05 20:30:41,1,UNNATURAL_GEOMETRIC_LINE,1.0000,N/A
2026-09-05 20:30:44,1,UNNATURAL_GEOMETRIC_LINE,1.0000,N/A
2026-09-05 20:30:45,1,UNNATURAL_GEOMETRIC_LINE,1.0000,N/A
2026-09-05 20:30:55,1,UNNATURAL_GEOMETRIC_LINE,1.0000,N/A
2026-09-05 20:30:57,1,UNNATURAL_GEOMETRIC_LINE,1.0000,N/A
2026-09-05 20:31:00,1,UNNATURAL_GEOMETRIC_LINE,1.0000,N/A
2026-09-05 20:31:07,1,UNNATURAL_GEOMETRIC_LINE,1.0000,N/A
2026-09-05 20:31:07,1,UNNATURAL_GEOMETRIC_LINE,1.0000,N/A
2026-09-05 20:31:08,1,UNNATURAL_GEOMETRIC_LINE,1.0000,N/A
2026-09-05 20:31:09,1,UNNATURAL_GEOMETRIC_LINE,1.0000,N/A
2026-09-05 20:31:10,1,UNNATURAL_GEOMETRIC_LINE,1.0000,N/A
2026-09-05 20:31:10,1,MECHANICAL_LOCK_NO_TREMOR,1.0000,N/A
2026-09-05 20:31:17,1,UNNATURAL_GEOMETRIC_LINE,1.0000,N/A
2026-09-05 20:31:22,1,UNNATURAL_GEOMETRIC_LINE,1.0000,N/A
2026-09-05 20:31:24,1,UNNATURAL_GEOMETRIC_LINE,1.0000,N/A
2026-09-05 20:31:24,1,UNNATURAL_GEOMETRIC_LINE,1.0000,N/A
2026-09-05 20:31:28,1,UNNATURAL_GEOMETRIC_LINE,1.0000,N/A
2026-09-05 20:31:29,1,UNNATURAL_GEOMETRIC_LINE,1.0000,N/A
2026-09-05 20:31:30,1,UNNATURAL_GEOMETRIC_LINE,1.0000,N/A
2026-09-05 20:31:31,1,UNNATURAL_GEOMETRIC_LINE,1.0000,N/A
2026-09-05 20:31:33,1,UNNATURAL_GEOMETRIC_LINE,1.0000,N/A
2026-09-05 20:31:33,1,UNNATURAL_GEOMETRIC_LINE,1.0000,N/A
2026-09-05 20:31:35,1,UNNATURAL_GEOMETRIC_LINE,1.0000,N/A
2026-09-05 20:31:39,1,UNNATURAL_GEOMETRIC_LINE,1.0000,N/A
2026-09-05 20:31:40,1,UNNATURAL_GEOMETRIC_LINE,1.0000,N/A
2026-09-05 20:31:41,1,UNNATURAL_GEOMETRIC_LINE,1.0000,N/A
2026-09-05 20:31:43,1,UNNATURAL_GEOMETRIC_LINE,1.0000,N/A
2026-09-05 20:31:44,1,UNNATURAL_GEOMETRIC_LINE,1.0000,N/A
2026-09-05 20:31:45,1,UNNATURAL_GEOMETRIC_LINE,1.0000,N/A
2026-09-05 20:31:50,1,UNNATURAL_GEOMETRIC_LINE,1.0000,N/A
2026-09-05 20:31:51,1,UNNATURAL_GEOMETRIC_LINE,1.0000,N/A
2026-09-05 20:31:52,1,UNNATURAL_GEOMETRIC_LINE,1.0000,N/A
2026-09-05 20:31:53,1,UNNATURAL_GEOMETRIC_LINE,1.0000,N/A
2026-09-05 20:31:55,1,UNNATURAL_GEOMETRIC_LINE,1.0000,N/A
2026-09-05 20:31:59,1,UNNATURAL_GEOMETRIC_LINE,1.0000,N/A
2026-09-05 20:31:59,1,UNNATURAL_GEOMETRIC_LINE,1.0000,N/A
2026-09-05 20:32:01,1,UNNATURAL_GEOMETRIC_LINE,1.0000,N/A
2026-09-05 20:32:02,1,UNNATURAL_GEOMETRIC_LINE,1.0000,N/A
2026-09-05 20:32:03,1,UNNATURAL_GEOMETRIC_LINE,1.0000,N/A
2026-09-05 20:32:05,1,UNNATURAL_GEOMETRIC_LINE,1.0000,N/A
2026-09-05 20:32:07,1,UNNATURAL_GEOMETRIC_LINE,1.0000,N/A
2026-09-05 20:32:08,1,UNNATURAL_GEOMETRIC_LINE,1.0000,N/A
2026-09-05 20:32:09,1,UNNATURAL_GEOMETRIC_LINE,1.0000,N/A
2026-09-05 20:32:11,1,UNNATURAL_GEOMETRIC_LINE,1.0000,N/A
2026-09-05 20:32:11,1,UNNATURAL_GEOMETRIC_LINE,1.0000,N/A
2026-09-05 20:32:16,1,UNNATURAL_GEOMETRIC_LINE,1.0000,N/A
2026-09-05 20:32:21,1,UNNATURAL_GEOMETRIC_LINE,1.0000,N/A
2026-09-05 20:32:21,1,UNNATURAL_GEOMETRIC_LINE,1.0000,N/A
2026-09-05 20:32:22,1,UNNATURAL_GEOMETRIC_LINE,1.0000,N/A
2026-09-05 20:32:24,1,UNNATURAL_GEOMETRIC_LINE,1.0000,N/A
2026-09-05 20:32:29,1,UNNATURAL_GEOMETRIC_LINE,1.0000,N/A
2026-09-05 20:32:29,1,UNNATURAL_GEOMETRIC_LINE,1.0000,N/A
2026-09-05 20:32:32,1,UNNATURAL_GEOMETRIC_LINE,1.0000,N/A
2026-09-05 20:32:35,1,UNNATURAL_GEOMETRIC_LINE,1.0000,N/A
2026-09-05 20:32:37,1,UNNATURAL_GEOMETRIC_LINE,1.0000,N/A
2026-09-05 20:32:39,1,UNNATURAL_GEOMETRIC_LINE,1.0000,N/A
2026-09-05 20:32:39,1,UNNATURAL_GEOMETRIC_LINE,1.0000,N/A
2026-09-05 20:32:46,1,UNNATURAL_GEOMETRIC_LINE,1.0000,N/A
2026-09-05 20:32:54,1,UNNATURAL_GEOMETRIC_LINE,1.0000,N/A
2026-09-05 20:32:56,1,UNNATURAL_GEOMETRIC_LINE,1.0000,N/A
2026-09-05 20:32:56,1,UNNATURAL_GEOMETRIC_LINE,1.0000,N/A
2026-09-05 20:32:59,1,UNNATURAL_GEOMETRIC_LINE,1.0000,N/A
2026-09-05 20:33:00,1,UNNATURAL_GEOMETRIC_LINE,1.0000,N/A
2026-09-05 20:33:01,1,UNNATURAL_GEOMETRIC_LINE,1.0000,N/A
2026-09-05 20:33:07,1,UNNATURAL_GEOMETRIC_LINE,1.0000,N/A
2026-09-05 20:33:09,1,UNNATURAL_GEOMETRIC_LINE,1.0000,N/A
2026-09-05 20:33:09,1,UNNATURAL_GEOMETRIC_LINE,1.0000,N/A
2026-09-05 20:33:10,1,UNNATURAL_GEOMETRIC_LINE,1.0000,N/A
2026-09-05 20:33:12,1,UNNATURAL_GEOMETRIC_LINE,1.0000,N/A
2026-09-05 20:33:13,1,UNNATURAL_GEOMETRIC_LINE,1.0000,N/A
2026-09-05 20:33:14,1,UNNATURAL_GEOMETRIC_LINE,1.0000,N/A
2026-09-05 20:33:16,1,UNNATURAL_GEOMETRIC_LINE,1.0000,N/A
2026-09-05 20:33:18,1,UNNATURAL_GEOMETRIC_LINE,1.0000,N/A
2026-09-05 20:33:18,1,UNNATURAL_GEOMETRIC_LINE,1.0000,N/A
2026-09-05 20:33:19,1,UNNATURAL_GEOMETRIC_LINE,1.0000,N/A
2026-09-05 20:33:22,1,UNNATURAL_GEOMETRIC_LINE,1.0000,N/A
2026-09-05 20:33:25,1,UNNATURAL_GEOMETRIC_LINE,1.0000,N/A
2026-09-05 20:33:28,1,UNNATURAL_GEOMETRIC_LINE,1.0000,N/A
2026-09-05 20:33:32,1,UNNATURAL_GEOMETRIC_LINE,1.0000,N/A
2026-09-05 20:33:34,1,UNNATURAL_GEOMETRIC_LINE,1.0000,N/A
2026-09-05 20:33:34,1,UNNATURAL_GEOMETRIC_LINE,1.0000,N/A
2026-09-05 20:33:36,1,UNNATURAL_GEOMETRIC_LINE,1.0000,N/A
2026-09-05 20:33:40,1,UNNATURAL_GEOMETRIC_LINE,1.0000,N/A
2026-09-05 20:33:40,1,UNNATURAL_GEOMETRIC_LINE,1.0000,N/A
2026-09-05 20:33:41,1,UNNATURAL_GEOMETRIC_LINE,1.0000,N/A
2026-09-05 20:33:43,1,UNNATURAL_GEOMETRIC_LINE,1.0000,N/A
2026-09-05 20:33:43,1,UNNATURAL_GEOMETRIC_LINE,1.0000,N/A
2026-09-05 20:33:45,1,UNNATURAL_GEOMETRIC_LINE,1.0000,N/A
2026-09-05 20:33:51,1,UNNATURAL_GEOMETRIC_LINE,1.0000,N/A
2026-09-05 20:33:52,1,UNNATURAL_GEOMETRIC_LINE,1.0000,N/A
2026-09-05 20:33:53,1,UNNATURAL_GEOMETRIC_LINE,1.0000,N/A
2026-09-05 20:33:54,1,UNNATURAL_GEOMETRIC_LINE,1.0000,N/A
2026-09-05 20:33:55,1,UNNATURAL_GEOMETRIC_LINE,1.0000,N/A
2026-09-05 20:33:55,1,UNNATURAL_GEOMETRIC_LINE,1.0000,N/A
2026-09-05 20:33:57,1,UNNATURAL_GEOMETRIC_LINE,1.0000,N/A
2026-09-05 20:33:57,1,UNNATURAL_GEOMETRIC_LINE,1.0000,N/A
2026-09-05 20:33:58,1,UNNATURAL_GEOMETRIC_LINE,1.0000,N/A
2026-09-05 20:34:01,1,UNNATURAL_GEOMETRIC_LINE,1.0000,N/A
2026-09-05 20:34:03,1,UNNATURAL_GEOMETRIC_LINE,1.0000,N/A
2026-09-05 20:34:05,1,UNNATURAL_GEOMETRIC_LINE,1.0000,N/A
2026-09-05 20:34:05,1,UNNATURAL_GEOMETRIC_LINE,1.0000,N/A
2026-09-05 20:34:07,1,UNNATURAL_GEOMETRIC_LINE,1.0000,N/A
2026-09-05 20:34:09,1,UNNATURAL_GEOMETRIC_LINE,1.0000,N/A
2026-09-05 20:34:09,1,UNNATURAL_GEOMETRIC_LINE,1.0000,N/A
2026-09-05 20:34:10,1,MECHANICAL_LOCK_NO_TREMOR,1.0000,N/A
2026-09-05 20:34:13,1,UNNATURAL_GEOMETRIC_LINE,1.0000,N/A
2026-09-05 20:34:13,1,UNNATURAL_GEOMETRIC_LINE,1.0000,N/A
2026-09-05 20:34:16,1,UNNATURAL_GEOMETRIC_LINE,1.0000,N/A
2026-09-05 20:34:18,1,UNNATURAL_GEOMETRIC_LINE,1.0000,N/A
2026-09-05 20:34:18,1,UNNATURAL_GEOMETRIC_LINE,1.0000,N/A
2026-09-05 20:34:18,1,MECHANICAL_LOCK_NO_TREMOR,1.0000,N/A
2026-09-05 20:34:20,1,UNNATURAL_GEOMETRIC_LINE,1.0000,N/A
2026-09-05 20:34:20,1,UNNATURAL_GEOMETRIC_LINE,1.0000,N/A
2026-09-05 20:34:23,1,UNNATURAL_GEOMETRIC_LINE,1.0000,N/A
2026-09-05 20:34:26,1,UNNATURAL_GEOMETRIC_LINE,1.0000,N/A
2026-09-05 20:34:26,1,UNNATURAL_GEOMETRIC_LINE,1.0000,N/A
2026-09-05 20:34:32,1,UNNATURAL_GEOMETRIC_LINE,1.0000,N/A
2026-09-05 20:34:34,1,UNNATURAL_GEOMETRIC_LINE,1.0000,N/A
2026-09-05 20:34:35,1,UNNATURAL_GEOMETRIC_LINE,1.0000,N/A
2026-09-05 20:34:38,1,UNNATURAL_GEOMETRIC_LINE,1.0000,N/A
2026-09-05 20:34:40,1,UNNATURAL_GEOMETRIC_LINE,1.0000,N/A
2026-09-05 20:34:40,1,UNNATURAL_GEOMETRIC_LINE,1.0000,N/A
2026-09-05 20:34:42,1,UNNATURAL_GEOMETRIC_LINE,1.0000,N/A
2026-09-05 20:34:44,1,UNNATURAL_GEOMETRIC_LINE,1.0000,N/A
2026-09-05 20:34:44,1,UNNATURAL_GEOMETRIC_LINE,1.0000,N/A
2026-09-05 20:34:47,1,UNNATURAL_GEOMETRIC_LINE,1.0000,N/A
2026-09-05 20:34:50,1,UNNATURAL_GEOMETRIC_LINE,1.0000,N/A
2026-09-05 20:34:50,1,UNNATURAL_GEOMETRIC_LINE,1.0000,N/A
2026-09-05 20:34:54,1,UNNATURAL_GEOMETRIC_LINE,1.0000,N/A
2026-09-05 20:34:55,1,UNNATURAL_GEOMETRIC_LINE,1.0000,N/A
2026-09-05 20:35:04,1,UNNATURAL_GEOMETRIC_LINE,1.0000,N/A
2026-09-05 20:35:07,1,UNNATURAL_GEOMETRIC_LINE,1.0000,N/A
2026-09-05 20:35:07,1,UNNATURAL_GEOMETRIC_LINE,1.0000,N/A
2026-09-05 20:35:10,1,UNNATURAL_GEOMETRIC_LINE,1.0000,N/A
2026-09-05 20:35:12,1,UNNATURAL_GEOMETRIC_LINE,1.0000,N/A
2026-09-05 20:35:13,1,UNNATURAL_GEOMETRIC_LINE,1.0000,N/A
2026-09-05 20:35:16,1,UNNATURAL_GEOMETRIC_LINE,1.0000,N/A
2026-09-05 20:35:17,1,UNNATURAL_GEOMETRIC_LINE,1.0000,N/A
2026-09-05 20:35:19,1,UNNATURAL_GEOMETRIC_LINE,1.0000,N/A
2026-09-05 20:35:20,1,UNNATURAL_GEOMETRIC_LINE,1.0000,N/A
2026-09-05 20:35:24,1,UNNATURAL_GEOMETRIC_LINE,1.0000,N/A
2026-09-05 20:35:27,1,UNNATURAL_GEOMETRIC_LINE,1.0000,N/A
2026-09-05 20:35:32,1,UNNATURAL_GEOMETRIC_LINE,1.0000,N/A
2026-09-05 20:35:36,1,UNNATURAL_GEOMETRIC_LINE,1.0000,N/A
2026-09-05 20:35:37,1,UNNATURAL_GEOMETRIC_LINE,1.0000,N/A
2026-09-05 20:35:37,1,MECHANICAL_LOCK_NO_TREMOR,1.0000,N/A
2026-09-05 20:35:40,1,UNNATURAL_GEOMETRIC_LINE,1.0000,N/A
2026-09-05 20:35:42,1,UNNATURAL_GEOMETRIC_LINE,1.0000,N/A
2026-09-05 20:35:45,1,UNNATURAL_GEOMETRIC_LINE,1.0000,N/A
2026-09-05 20:35:45,1,UNNATURAL_GEOMETRIC_LINE,1.0000,N/A
2026-09-05 20:35:46,1,UNNATURAL_GEOMETRIC_LINE,1.0000,N/A
2026-09-05 20:35:50,1,UNNATURAL_GEOMETRIC_LINE,1.0000,N/A
2026-09-05 20:35:51,1,UNNATURAL_GEOMETRIC_LINE,1.0000,N/A
2026-09-05 20:35:56,1,UNNATURAL_GEOMETRIC_LINE,1.0000,N/A
2026-09-05 20:35:59,1,UNNATURAL_GEOMETRIC_LINE,1.0000,N/A
2026-09-05 20:35:59,1,UNNATURAL_GEOMETRIC_LINE,1.0000,N/A
2026-09-05 20:36:00,1,UNNATURAL_GEOMETRIC_LINE,1.0000,N/A
2026-09-05 20:36:01,1,UNNATURAL_GEOMETRIC_LINE,1.0000,N/A
2026-09-05 20:36:02,1,UNNATURAL_GEOMETRIC_LINE,1.0000,N/A
2026-09-05 20:36:05,1,UNNATURAL_GEOMETRIC_LINE,1.0000,N/A
2026-09-05 20:36:07,1,UNNATURAL_GEOMETRIC_LINE,1.0000,N/A
2026-09-05 20:36:07,1,UNNATURAL_GEOMETRIC_LINE,1.0000,N/A
2026-09-05 20:36:11,1,UNNATURAL_GEOMETRIC_LINE,1.0000,N/A
2026-09-05 20:36:13,1,UNNATURAL_GEOMETRIC_LINE,1.0000,N/A
2026-09-05 20:36:13,1,UNNATURAL_GEOMETRIC_LINE,1.0000,N/A
2026-09-05 20:36:14,1,MECHANICAL_LOCK_NO_TREMOR,1.0000,N/A
2026-09-05 20:36:20,1,UNNATURAL_GEOMETRIC_LINE,1.0000,N/A
2026-09-05 20:36:26,1,UNNATURAL_GEOMETRIC_LINE,1.0000,N/A
2026-09-05 20:36:28,1,UNNATURAL_GEOMETRIC_LINE,1.0000,N/A
2026-09-05 20:36:28,1,UNNATURAL_GEOMETRIC_LINE,1.0000,N/A
2026-09-05 20:36:31,1,UNNATURAL_GEOMETRIC_LINE,1.0000,N/A
2026-09-05 20:36:34,1,UNNATURAL_GEOMETRIC_LINE,1.0000,N/A
2026-09-05 20:36:35,1,UNNATURAL_GEOMETRIC_LINE,1.0000,N/A
2026-09-05 20:36:35,1,UNNATURAL_GEOMETRIC_LINE,1.0000,N/A
2026-09-05 20:36:38,1,UNNATURAL_GEOMETRIC_LINE,1.0000,N/A
2026-09-05 20:36:39,1,UNNATURAL_GEOMETRIC_LINE,1.0000,N/A
2026-09-05 20:36:39,1,MECHANICAL_LOCK_NO_TREMOR,1.0000,N/A
2026-09-05 20:36:44,1,UNNATURAL_GEOMETRIC_LINE,1.0000,N/A
2026-09-05 20:36:44,1,UNNATURAL_GEOMETRIC_LINE,1.0000,N/A
2026-09-05 20:36:47,1,UNNATURAL_GEOMETRIC_LINE,1.0000,N/A
2026-09-05 20:36:49,1,UNNATURAL_GEOMETRIC_LINE,1.0000,N/A
2026-09-05 20:36:50,1,UNNATURAL_GEOMETRIC_LINE,1.0000,N/A
2026-09-05 20:36:51,1,UNNATURAL_GEOMETRIC_LINE,1.0000,N/A
2026-09-05 20:36:52,1,UNNATURAL_GEOMETRIC_LINE,1.0000,N/A
2026-09-05 20:36:55,1,UNNATURAL_GEOMETRIC_LINE,1.0000,N/A
2026-09-05 20:36:57,1,UNNATURAL_GEOMETRIC_LINE,1.0000,N/A
2026-09-05 20:36:58,1,UNNATURAL_GEOMETRIC_LINE,1.0000,N/A
2026-09-05 20:36:59,1,UNNATURAL_GEOMETRIC_LINE,1.0000,N/A
2026-09-05 20:37:01,1,UNNATURAL_GEOMETRIC_LINE,1.0000,N/A
2026-09-05 20:37:02,1,UNNATURAL_GEOMETRIC_LINE,1.0000,N/A
2026-09-05 20:37:10,1,UNNATURAL_GEOMETRIC_LINE,1.0000,N/A
2026-09-05 20:37:12,1,UNNATURAL_GEOMETRIC_LINE,1.0000,N/A
2026-09-05 20:37:12,1,UNNATURAL_GEOMETRIC_LINE,1.0000,N/A
2026-09-05 20:37:18,1,UNNATURAL_GEOMETRIC_LINE,1.0000,N/A
2026-09-05 20:37:20,1,UNNATURAL_GEOMETRIC_LINE,1.0000,N/A
2026-09-05 20:37:21,1,UNNATURAL_GEOMETRIC_LINE,1.0000,N/A
2026-09-05 20:37:22,1,UNNATURAL_GEOMETRIC_LINE,1.0000,N/A
2026-09-05 20:37:24,1,UNNATURAL_GEOMETRIC_LINE,1.0000,N/A
2026-09-05 20:37:24,1,UNNATURAL_GEOMETRIC_LINE,1.0000,N/A
2026-09-05 20:37:25,1,UNNATURAL_GEOMETRIC_LINE,1.0000,N/A
2026-09-05 20:37:27,1,UNNATURAL_GEOMETRIC_LINE,1.0000,N/A
2026-09-05 20:37:28,1,UNNATURAL_GEOMETRIC_LINE,1.0000,N/A
2026-09-05 20:37:31,1,UNNATURAL_GEOMETRIC_LINE,1.0000,N/A
2026-09-05 20:37:33,1,UNNATURAL_GEOMETRIC_LINE,1.0000,N/A
2026-09-05 20:37:33,1,UNNATURAL_GEOMETRIC_LINE,1.0000,N/A
2026-09-05 20:37:37,1,UNNATURAL_GEOMETRIC_LINE,1.0000,N/A
2026-09-05 20:37:39,1,UNNATURAL_GEOMETRIC_LINE,1.0000,N/A
2026-09-05 20:37:39,1,UNNATURAL_GEOMETRIC_LINE,1.0000,N/A
2026-09-05 20:37:45,1,UNNATURAL_GEOMETRIC_LINE,1.0000,N/A
2026-09-05 20:37:49,1,UNNATURAL_GEOMETRIC_LINE,1.0000,N/A
2026-09-05 20:37:50,1,UNNATURAL_GEOMETRIC_LINE,1.0000,N/A
2026-09-05 20:37:52,1,UNNATURAL_GEOMETRIC_LINE,1.0000,N/A
2026-09-05 20:37:56,1,UNNATURAL_GEOMETRIC_LINE,1.0000,N/A
2026-09-05 20:37:57,1,UNNATURAL_GEOMETRIC_LINE,1.0000,N/A
2026-09-05 20:37:57,1,MECHANICAL_LOCK_NO_TREMOR,1.0000,N/A
2026-09-05 20:37:59,1,UNNATURAL_GEOMETRIC_LINE,1.0000,N/A
2026-09-05 20:38:00,1,UNNATURAL_GEOMETRIC_LINE,1.0000,N/A
2026-09-05 20:38:01,1,UNNATURAL_GEOMETRIC_LINE,1.0000,N/A
2026-09-05 20:38:03,1,UNNATURAL_GEOMETRIC_LINE,1.0000,N/A
2026-09-05 20:38:03,1,UNNATURAL_GEOMETRIC_LINE,1.0000,N/A
2026-09-05 20:38:11,1,UNNATURAL_GEOMETRIC_LINE,1.0000,N/A
2026-09-05 20:38:13,1,UNNATURAL_GEOMETRIC_LINE,1.0000,N/A
2026-09-05 20:38:13,1,UNNATURAL_GEOMETRIC_LINE,1.0000,N/A
2026-09-05 20:38:14,1,MECHANICAL_LOCK_NO_TREMOR,1.0000,N/A
2026-09-05 20:38:16,1,UNNATURAL_GEOMETRIC_LINE,1.0000,N/A
2026-09-05 20:38:16,1,UNNATURAL_GEOMETRIC_LINE,1.0000,N/A
2026-09-05 20:38:16,1,MECHANICAL_LOCK_NO_TREMOR,1.0000,N/A
2026-09-05 20:38:19,1,UNNATURAL_GEOMETRIC_LINE,1.0000,N/A
2026-09-05 20:38:19,1,UNNATURAL_GEOMETRIC_LINE,1.0000,N/A
2026-09-05 20:38:24,1,UNNATURAL_GEOMETRIC_LINE,1.0000,N/A
2026-09-05 20:38:29,1,UNNATURAL_GEOMETRIC_LINE,1.0000,N/A
2026-09-05 20:38:29,1,UNNATURAL_GEOMETRIC_LINE,1.0000,N/A
2026-09-05 20:38:30,1,UNNATURAL_GEOMETRIC_LINE,1.0000,N/A
2026-09-05 20:38:33,1,UNNATURAL_GEOMETRIC_LINE,1.0000,N/A
2026-09-05 20:38:34,1,UNNATURAL_GEOMETRIC_LINE,1.0000,N/A
2026-09-05 20:38:35,1,UNNATURAL_GEOMETRIC_LINE,1.0000,N/A
2026-09-05 20:38:38,1,UNNATURAL_GEOMETRIC_LINE,1.0000,N/A
2026-09-05 20:38:39,1,UNNATURAL_GEOMETRIC_LINE,1.0000,N/A
2026-09-05 20:38:42,1,UNNATURAL_GEOMETRIC_LINE,1.0000,N/A
2026-09-05 20:38:45,1,UNNATURAL_GEOMETRIC_LINE,1.0000,N/A
2026-09-05 20:38:45,1,UNNATURAL_GEOMETRIC_LINE,1.0000,N/A
2026-09-05 20:38:48,1,UNNATURAL_GEOMETRIC_LINE,1.0000,N/A
2026-09-05 20:38:50,1,UNNATURAL_GEOMETRIC_LINE,1.0000,N/A
2026-09-05 20:38:51,1,UNNATURAL_GEOMETRIC_LINE,1.0000,N/A
2026-09-05 20:38:51,1,UNNATURAL_GEOMETRIC_LINE,1.0000,N/A
2026-09-05 20:38:53,1,UNNATURAL_GEOMETRIC_LINE,1.0000,N/A
2026-09-05 20:38:53,1,UNNATURAL_GEOMETRIC_LINE,1.0000,N/A
2026-09-05 20:38:54,1,UNNATURAL_GEOMETRIC_LINE,1.0000,N/A
2026-09-05 20:38:57,1,UNNATURAL_GEOMETRIC_LINE,1.0000,N/A
2026-09-05 20:39:00,1,UNNATURAL_GEOMETRIC_LINE,1.0000,N/A
2026-09-05 20:39:01,1,UNNATURAL_GEOMETRIC_LINE,1.0000,N/A
2026-09-05 20:39:09,1,UNNATURAL_GEOMETRIC_LINE,1.0000,N/A
2026-09-05 20:39:11,1,UNNATURAL_GEOMETRIC_LINE,1.0000,N/A
2026-09-05 20:39:12,1,UNNATURAL_GEOMETRIC_LINE,1.0000,N/A
2026-09-05 20:39:14,1,UNNATURAL_GEOMETRIC_LINE,1.0000,N/A
2026-09-05 20:39:17,1,UNNATURAL_GEOMETRIC_LINE,1.0000,N/A
2026-09-05 20:39:21,1,UNNATURAL_GEOMETRIC_LINE,1.0000,N/A
2026-09-05 20:39:24,1,UNNATURAL_GEOMETRIC_LINE,1.0000,N/A
2026-09-05 20:39:25,1,UNNATURAL_GEOMETRIC_LINE,1.0000,N/A
2026-09-05 20:39:28,1,UNNATURAL_GEOMETRIC_LINE,1.0000,N/A
2026-09-05 20:39:31,1,UNNATURAL_GEOMETRIC_LINE,1.0000,N/A
2026-09-05 20:39:36,1,UNNATURAL_GEOMETRIC_LINE,1.0000,N/A
2026-09-05 20:39:39,1,UNNATURAL_GEOMETRIC_LINE,1.0000,N/A
2026-09-05 20:39:44,1,UNNATURAL_GEOMETRIC_LINE,1.0000,N/A
2026-09-05 20:39:46,1,UNNATURAL_GEOMETRIC_LINE,1.0000,N/A
2026-09-05 20:39:47,1,UNNATURAL_GEOMETRIC_LINE,1.0000,N/A
2026-09-05 20:39:48,1,UNNATURAL_GEOMETRIC_LINE,1.0000,N/A
2026-09-05 20:39:51,1,UNNATURAL_GEOMETRIC_LINE,1.0000,N/A
2026-09-05 20:39:51,1,UNNATURAL_GEOMETRIC_LINE,1.0000,N/A
2026-09-05 20:39:53,1,UNNATURAL_GEOMETRIC_LINE,1.0000,N/A
2026-09-05 20:39:56,1,UNNATURAL_GEOMETRIC_LINE,1.0000,N/A
2026-09-05 20:39:57,1,UNNATURAL_GEOMETRIC_LINE,1.0000,N/A
2026-09-05 20:40:00,1,UNNATURAL_GEOMETRIC_LINE,1.0000,N/A
2026-09-05 20:40:01,1,UNNATURAL_GEOMETRIC_LINE,1.0000,N/A
2026-09-05 20:40:03,1,UNNATURAL_GEOMETRIC_LINE,1.0000,N/A
2026-09-05 20:40:03,1,UNNATURAL_GEOMETRIC_LINE,1.0000,N/A
2026-09-05 20:40:06,1,UNNATURAL_GEOMETRIC_LINE,1.0000,N/A
2026-09-05 20:40:08,1,UNNATURAL_GEOMETRIC_LINE,1.0000,N/A
2026-09-05 20:40:08,1,UNNATURAL_GEOMETRIC_LINE,1.0000,N/A
2026-09-05 20:40:10,1,UNNATURAL_GEOMETRIC_LINE,1.0000,N/A
2026-09-05 20:40:12,1,UNNATURAL_GEOMETRIC_LINE,1.0000,N/A
2026-09-05 20:40:13,1,UNNATURAL_GEOMETRIC_LINE,1.0000,N/A
2026-09-05 20:40:15,1,UNNATURAL_GEOMETRIC_LINE,1.0000,N/A
2026-09-05 20:40:17,1,UNNATURAL_GEOMETRIC_LINE,1.0000,N/A
2026-09-05 20:40:17,1,UNNATURAL_GEOMETRIC_LINE,1.0000,N/A
2026-09-05 20:40:18,1,UNNATURAL_GEOMETRIC_LINE,1.0000,N/A
2026-09-05 20:40:21,1,UNNATURAL_GEOMETRIC_LINE,1.0000,N/A
2026-09-05 20:40:22,1,UNNATURAL_GEOMETRIC_LINE,1.0000,N/A
2026-09-05 20:40:23,1,UNNATURAL_GEOMETRIC_LINE,1.0000,N/A
2026-09-05 20:40:24,1,UNNATURAL_GEOMETRIC_LINE,1.0000,N/A
2026-09-05 20:40:25,1,UNNATURAL_GEOMETRIC_LINE,1.0000,N/A
2026-09-05 20:40:26,1,UNNATURAL_GEOMETRIC_LINE,1.0000,N/A
2026-09-05 20:40:29,1,UNNATURAL_GEOMETRIC_LINE,1.0000,N/A
2026-09-05 20:40:30,1,UNNATURAL_GEOMETRIC_LINE,1.0000,N/A
2026-09-05 20:40:32,1,UNNATURAL_GEOMETRIC_LINE,1.0000,N/A
2026-09-05 20:40:33,1,UNNATURAL_GEOMETRIC_LINE,1.0000,N/A
2026-09-05 20:40:34,1,UNNATURAL_GEOMETRIC_LINE,1.0000,N/A
2026-09-05 20:40:36,1,UNNATURAL_GEOMETRIC_LINE,1.0000,N/A
2026-09-05 20:40:38,1,UNNATURAL_GEOMETRIC_LINE,1.0000,N/A
2026-09-05 20:40:40,1,UNNATURAL_GEOMETRIC_LINE,1.0000,N/A
2026-09-05 20:40:40,1,UNNATURAL_GEOMETRIC_LINE,1.0000,N/A
2026-09-05 20:40:42,1,UNNATURAL_GEOMETRIC_LINE,1.0000,N/A
2026-09-05 20:40:45,1,UNNATURAL_GEOMETRIC_LINE,1.0000,N/A
2026-09-05 20:40:45,1,UNNATURAL_GEOMETRIC_LINE,1.0000,N/A
2026-09-05 20:40:46,1,UNNATURAL_GEOMETRIC_LINE,1.0000,N/A
2026-09-05 20:40:48,1,UNNATURAL_GEOMETRIC_LINE,1.0000,N/A
2026-09-05 20:40:48,1,UNNATURAL_GEOMETRIC_LINE,1.0000,N/A
2026-09-05 20:40:50,1,UNNATURAL_GEOMETRIC_LINE,1.0000,N/A
2026-09-05 20:40:55,1,UNNATURAL_GEOMETRIC_LINE,1.0000,N/A
2026-09-05 20:40:55,1,UNNATURAL_GEOMETRIC_LINE,1.0000,N/A
2026-09-05 20:41:00,1,UNNATURAL_GEOMETRIC_LINE,1.0000,N/A
2026-09-05 20:41:03,1,UNNATURAL_GEOMETRIC_LINE,1.0000,N/A
2026-09-05 20:41:03,1,UNNATURAL_GEOMETRIC_LINE,1.0000,N/A
2026-09-05 20:41:04,1,UNNATURAL_GEOMETRIC_LINE,1.0000,N/A
2026-09-05 20:41:07,1,UNNATURAL_GEOMETRIC_LINE,1.0000,N/A
2026-09-05 20:41:07,1,UNNATURAL_GEOMETRIC_LINE,1.0000,N/A
2026-09-05 20:41:13,1,UNNATURAL_GEOMETRIC_LINE,1.0000,N/A
2026-09-05 20:41:13,1,UNNATURAL_GEOMETRIC_LINE,1.0000,N/A
2026-09-05 20:41:14,1,UNNATURAL_GEOMETRIC_LINE,1.0000,N/A
2026-09-05 20:41:16,1,UNNATURAL_GEOMETRIC_LINE,1.0000,N/A
2026-09-05 20:41:16,1,UNNATURAL_GEOMETRIC_LINE,1.0000,N/A
2026-09-05 20:41:26,1,UNNATURAL_GEOMETRIC_LINE,1.0000,N/A
2026-09-05 20:41:27,1,UNNATURAL_GEOMETRIC_LINE,1.0000,N/A
2026-09-05 20:41:27,1,UNNATURAL_GEOMETRIC_LINE,1.0000,N/A
2026-09-05 20:41:31,1,UNNATURAL_GEOMETRIC_LINE,1.0000,N/A
2026-09-05 20:41:32,1,UNNATURAL_GEOMETRIC_LINE,1.0000,N/A
2026-09-05 20:41:34,1,UNNATURAL_GEOMETRIC_LINE,1.0000,N/A
2026-09-05 20:41:36,1,UNNATURAL_GEOMETRIC_LINE,1.0000,N/A
2026-09-05 20:41:36,1,UNNATURAL_GEOMETRIC_LINE,1.0000,N/A
2026-09-05 20:41:39,1,UNNATURAL_GEOMETRIC_LINE,1.0000,N/A
2026-09-05 20:41:41,1,UNNATURAL_GEOMETRIC_LINE,1.0000,N/A
2026-09-05 20:41:43,1,UNNATURAL_GEOMETRIC_LINE,1.0000,N/A
2026-09-05 20:41:43,1,UNNATURAL_GEOMETRIC_LINE,1.0000,N/A
2026-09-05 20:41:47,1,UNNATURAL_GEOMETRIC_LINE,1.0000,N/A
2026-09-05 20:41:51,1,UNNATURAL_GEOMETRIC_LINE,1.0000,N/A
2026-09-05 20:41:51,1,UNNATURAL_GEOMETRIC_LINE,1.0000,N/A
2026-09-05 20:41:55,1,UNNATURAL_GEOMETRIC_LINE,1.0000,N/A
2026-09-05 20:41:59,1,UNNATURAL_GEOMETRIC_LINE,1.0000,N/A
2026-09-05 20:42:01,1,UNNATURAL_GEOMETRIC_LINE,1.0000,N/A
2026-09-05 20:42:03,1,UNNATURAL_GEOMETRIC_LINE,1.0000,N/A
2026-09-05 20:42:03,1,UNNATURAL_GEOMETRIC_LINE,1.0000,N/A
2026-09-05 20:42:07,1,UNNATURAL_GEOMETRIC_LINE,1.0000,N/A
2026-09-05 20:42:09,1,UNNATURAL_GEOMETRIC_LINE,1.0000,N/A
2026-09-05 20:42:09,1,UNNATURAL_GEOMETRIC_LINE,1.0000,N/A
2026-09-05 20:42:10,1,UNNATURAL_GEOMETRIC_LINE,1.0000,N/A
2026-09-05 20:42:11,1,UNNATURAL_GEOMETRIC_LINE,1.0000,N/A
2026-09-05 20:42:12,1,UNNATURAL_GEOMETRIC_LINE,1.0000,N/A
2026-09-05 20:42:14,1,UNNATURAL_GEOMETRIC_LINE,1.0000,N/A
2026-09-05 20:42:17,1,UNNATURAL_GEOMETRIC_LINE,1.0000,N/A
2026-09-05 20:42:18,1,UNNATURAL_GEOMETRIC_LINE,1.0000,N/A
2026-09-05 20:42:24,1,UNNATURAL_GEOMETRIC_LINE,1.0000,N/A
2026-09-05 20:42:28,1,UNNATURAL_GEOMETRIC_LINE,1.0000,N/A
2026-09-05 20:42:28,1,UNNATURAL_GEOMETRIC_LINE,1.0000,N/A
2026-09-05 20:42:30,1,UNNATURAL_GEOMETRIC_LINE,1.0000,N/A
2026-09-05 20:42:32,1,UNNATURAL_GEOMETRIC_LINE,1.0000,N/A
2026-09-05 20:42:32,1,UNNATURAL_GEOMETRIC_LINE,1.0000,N/A
2026-09-05 20:42:33,1,UNNATURAL_GEOMETRIC_LINE,1.0000,N/A
2026-09-05 20:42:34,1,UNNATURAL_GEOMETRIC_LINE,1.0000,N/A
2026-09-05 20:42:35,1,UNNATURAL_GEOMETRIC_LINE,1.0000,N/A
2026-09-05 20:42:36,1,UNNATURAL_GEOMETRIC_LINE,1.0000,N/A
2026-09-05 20:42:38,1,UNNATURAL_GEOMETRIC_LINE,1.0000,N/A
2026-09-05 20:42:40,1,UNNATURAL_GEOMETRIC_LINE,1.0000,N/A
2026-09-05 20:42:40,1,UNNATURAL_GEOMETRIC_LINE,1.0000,N/A
2026-09-05 20:42:42,1,UNNATURAL_GEOMETRIC_LINE,1.0000,N/A
2026-09-05 20:42:44,1,UNNATURAL_GEOMETRIC_LINE,1.0000,N/A
2026-09-05 20:42:44,1,UNNATURAL_GEOMETRIC_LINE,1.0000,N/A
2026-09-05 20:42:50,1,UNNATURAL_GEOMETRIC_LINE,1.0000,N/A
2026-09-05 20:42:52,1,UNNATURAL_GEOMETRIC_LINE,1.0000,N/A
2026-09-05 20:42:52,1,UNNATURAL_GEOMETRIC_LINE,1.0000,N/A
2026-09-05 20:42:55,1,UNNATURAL_GEOMETRIC_LINE,1.0000,N/A
2026-09-05 20:42:57,1,UNNATURAL_GEOMETRIC_LINE,1.0000,N/A
2026-09-05 20:42:58,1,UNNATURAL_GEOMETRIC_LINE,1.0000,N/A
2026-09-05 20:42:59,1,UNNATURAL_GEOMETRIC_LINE,1.0000,N/A
2026-09-05 20:43:03,1,UNNATURAL_GEOMETRIC_LINE,1.0000,N/A
2026-09-05 20:43:04,1,UNNATURAL_GEOMETRIC_LINE,1.0000,N/A
2026-09-05 20:43:06,1,UNNATURAL_GEOMETRIC_LINE,1.0000,N/A
2026-09-05 20:43:12,1,UNNATURAL_GEOMETRIC_LINE,1.0000,N/A
2026-09-05 20:43:14,1,UNNATURAL_GEOMETRIC_LINE,1.0000,N/A
2026-09-05 20:43:14,1,UNNATURAL_GEOMETRIC_LINE,1.0000,N/A
2026-09-05 20:43:17,1,UNNATURAL_GEOMETRIC_LINE,1.0000,N/A
2026-09-05 20:43:19,1,UNNATURAL_GEOMETRIC_LINE,1.0000,N/A
2026-09-05 20:43:19,1,UNNATURAL_GEOMETRIC_LINE,1.0000,N/A
2026-09-05 20:43:25,1,UNNATURAL_GEOMETRIC_LINE,1.0000,N/A
2026-09-05 20:43:27,1,UNNATURAL_GEOMETRIC_LINE,1.0000,N/A
2026-09-05 20:43:28,1,UNNATURAL_GEOMETRIC_LINE,1.0000,N/A
2026-09-05 20:43:30,1,UNNATURAL_GEOMETRIC_LINE,1.0000,N/A
2026-09-05 20:43:30,1,UNNATURAL_GEOMETRIC_LINE,1.0000,N/A
2026-09-05 20:43:31,1,UNNATURAL_GEOMETRIC_LINE,1.0000,N/A
2026-09-05 20:43:33,1,UNNATURAL_GEOMETRIC_LINE,1.0000,N/A
2026-09-05 20:43:34,1,UNNATURAL_GEOMETRIC_LINE,1.0000,N/A
2026-09-05 20:43:38,1,UNNATURAL_GEOMETRIC_LINE,1.0000,N/A
2026-09-05 20:43:41,1,UNNATURAL_GEOMETRIC_LINE,1.0000,N/A
2026-09-05 20:43:42,1,UNNATURAL_GEOMETRIC_LINE,1.0000,N/A
2026-09-05 20:43:44,1,UNNATURAL_GEOMETRIC_LINE,1.0000,N/A
2026-09-05 20:43:44,1,UNNATURAL_GEOMETRIC_LINE,1.0000,N/A
2026-09-05 20:43:47,1,UNNATURAL_GEOMETRIC_LINE,1.0000,N/A
2026-09-05 20:43:50,1,UNNATURAL_GEOMETRIC_LINE,1.0000,N/A
2026-09-05 20:43:50,1,UNNATURAL_GEOMETRIC_LINE,1.0000,N/A
2026-09-05 20:43:50,1,MECHANICAL_LOCK_NO_TREMOR,1.0000,N/A
2026-09-05 20:43:52,1,UNNATURAL_GEOMETRIC_LINE,1.0000,N/A
2026-09-05 20:43:52,1,UNNATURAL_GEOMETRIC_LINE,1.0000,N/A
2026-09-05 20:43:54,1,UNNATURAL_GEOMETRIC_LINE,1.0000,N/A
2026-09-05 20:43:57,1,UNNATURAL_GEOMETRIC_LINE,1.0000,N/A
2026-09-05 20:43:59,1,UNNATURAL_GEOMETRIC_LINE,1.0000,N/A
2026-09-05 20:43:59,1,UNNATURAL_GEOMETRIC_LINE,1.0000,N/A
2026-09-05 20:44:00,1,MECHANICAL_LOCK_NO_TREMOR,1.0000,N/A
2026-09-05 20:44:02,1,UNNATURAL_GEOMETRIC_LINE,1.0000,N/A
2026-09-05 20:44:02,1,UNNATURAL_GEOMETRIC_LINE,1.0000,N/A
2026-09-05 20:44:07,1,UNNATURAL_GEOMETRIC_LINE,1.0000,N/A
2026-09-05 20:44:09,1,UNNATURAL_GEOMETRIC_LINE,1.0000,N/A
2026-09-05 20:44:09,1,UNNATURAL_GEOMETRIC_LINE,1.0000,N/A
2026-09-05 20:44:16,1,UNNATURAL_GEOMETRIC_LINE,1.0000,N/A
2026-09-05 20:44:20,1,UNNATURAL_GEOMETRIC_LINE,1.0000,N/A
2026-09-05 20:44:22,1,UNNATURAL_GEOMETRIC_LINE,1.0000,N/A
2026-09-05 20:44:25,1,UNNATURAL_GEOMETRIC_LINE,1.0000,N/A
2026-09-05 20:44:25,1,UNNATURAL_GEOMETRIC_LINE,1.0000,N/A
2026-09-05 20:44:26,1,UNNATURAL_GEOMETRIC_LINE,1.0000,N/A
2026-09-05 20:44:28,1,UNNATURAL_GEOMETRIC_LINE,1.0000,N/A
2026-09-05 20:44:28,1,UNNATURAL_GEOMETRIC_LINE,1.0000,N/A
2026-09-05 20:44:30,1,UNNATURAL_GEOMETRIC_LINE,1.0000,N/A
2026-09-05 20:44:34,1,UNNATURAL_GEOMETRIC_LINE,1.0000,N/A
2026-09-05 20:44:34,1,UNNATURAL_GEOMETRIC_LINE,1.0000,N/A
2026-09-05 20:44:40,1,UNNATURAL_GEOMETRIC_LINE,1.0000,N/A
2026-09-05 20:44:42,1,UNNATURAL_GEOMETRIC_LINE,1.0000,N/A
2026-09-05 20:44:43,1,UNNATURAL_GEOMETRIC_LINE,1.0000,N/A
2026-09-05 20:44:46,1,UNNATURAL_GEOMETRIC_LINE,1.0000,N/A
2026-09-05 20:44:49,1,UNNATURAL_GEOMETRIC_LINE,1.0000,N/A
2026-09-05 20:44:49,1,UNNATURAL_GEOMETRIC_LINE,1.0000,N/A
2026-09-05 20:44:51,1,UNNATURAL_GEOMETRIC_LINE,1.0000,N/A
2026-09-05 20:45:00,1,UNNATURAL_GEOMETRIC_LINE,1.0000,N/A
2026-09-05 20:45:00,1,UNNATURAL_GEOMETRIC_LINE,1.0000,N/A
2026-09-05 20:45:05,1,UNNATURAL_GEOMETRIC_LINE,1.0000,N/A
2026-09-05 20:45:11,1,UNNATURAL_GEOMETRIC_LINE,1.0000,N/A
2026-09-05 20:45:11,1,UNNATURAL_GEOMETRIC_LINE,1.0000,N/A
2026-09-05 20:45:14,1,UNNATURAL_GEOMETRIC_LINE,1.0000,N/A
2026-09-05 20:45:17,1,UNNATURAL_GEOMETRIC_LINE,1.0000,N/A
2026-09-05 20:45:19,1,UNNATURAL_GEOMETRIC_LINE,1.0000,N/A
2026-09-05 20:45:21,1,UNNATURAL_GEOMETRIC_LINE,1.0000,N/A
2026-09-05 20:45:21,1,UNNATURAL_GEOMETRIC_LINE,1.0000,N/A
2026-09-05 20:45:22,1,UNNATURAL_GEOMETRIC_LINE,1.0000,N/A
2026-09-05 20:45:25,1,UNNATURAL_GEOMETRIC_LINE,1.0000,N/A
2026-09-05 20:45:25,1,UNNATURAL_GEOMETRIC_LINE,1.0000,N/A
2026-09-05 20:45:28,1,UNNATURAL_GEOMETRIC_LINE,1.0000,N/A
2026-09-05 20:45:29,1,UNNATURAL_GEOMETRIC_LINE,1.0000,N/A
2026-09-05 20:45:33,1,UNNATURAL_GEOMETRIC_LINE,1.0000,N/A
2026-09-05 20:45:38,1,UNNATURAL_GEOMETRIC_LINE,1.0000,N/A
2026-09-05 20:45:38,1,UNNATURAL_GEOMETRIC_LINE,1.0000,N/A
2026-09-05 20:45:42,1,UNNATURAL_GEOMETRIC_LINE,1.0000,N/A
2026-09-05 20:45:44,1,UNNATURAL_GEOMETRIC_LINE,1.0000,N/A
2026-09-05 20:45:44,1,UNNATURAL_GEOMETRIC_LINE,1.0000,N/A
2026-09-05 20:45:48,1,UNNATURAL_GEOMETRIC_LINE,1.0000,N/A
2026-09-05 20:45:50,1,UNNATURAL_GEOMETRIC_LINE,1.0000,N/A
2026-09-05 20:45:50,1,UNNATURAL_GEOMETRIC_LINE,1.0000,N/A
2026-09-05 20:45:53,1,UNNATURAL_GEOMETRIC_LINE,1.0000,N/A
2026-09-05 20:45:55,1,UNNATURAL_GEOMETRIC_LINE,1.0000,N/A
2026-09-05 20:45:55,1,UNNATURAL_GEOMETRIC_LINE,1.0000,N/A
2026-09-05 20:45:56,1,UNNATURAL_GEOMETRIC_LINE,1.0000,N/A
2026-09-05 20:45:58,1,UNNATURAL_GEOMETRIC_LINE,1.0000,N/A
2026-09-05 20:45:58,1,UNNATURAL_GEOMETRIC_LINE,1.0000,N/A
2026-09-05 20:46:02,1,UNNATURAL_GEOMETRIC_LINE,1.0000,N/A
2026-09-05 20:46:04,1,UNNATURAL_GEOMETRIC_LINE,1.0000,N/A
2026-09-05 20:46:04,1,UNNATURAL_GEOMETRIC_LINE,1.0000,N/A
2026-09-05 20:46:06,1,UNNATURAL_GEOMETRIC_LINE,1.0000,N/A
2026-09-05 20:46:08,1,UNNATURAL_GEOMETRIC_LINE,1.0000,N/A
2026-09-05 20:46:09,1,UNNATURAL_GEOMETRIC_LINE,1.0000,N/A
2026-09-05 20:46:12,1,UNNATURAL_GEOMETRIC_LINE,1.0000,N/A
2026-09-05 20:46:14,1,UNNATURAL_GEOMETRIC_LINE,1.0000,N/A
2026-09-05 20:46:15,1,UNNATURAL_GEOMETRIC_LINE,1.0000,N/A
2026-09-05 20:46:16,1,UNNATURAL_GEOMETRIC_LINE,1.0000,N/A
2026-09-05 20:46:18,1,UNNATURAL_GEOMETRIC_LINE,1.0000,N/A
2026-09-05 20:46:18,1,UNNATURAL_GEOMETRIC_LINE,1.0000,N/A
2026-09-05 20:46:31,1,UNNATURAL_GEOMETRIC_LINE,1.0000,N/A
2026-09-05 20:46:34,1,UNNATURAL_GEOMETRIC_LINE,1.0000,N/A
2026-09-05 20:46:34,1,UNNATURAL_GEOMETRIC_LINE,1.0000,N/A
2026-09-05 20:46:36,1,UNNATURAL_GEOMETRIC_LINE,1.0000,N/A
2026-09-05 20:46:38,1,UNNATURAL_GEOMETRIC_LINE,1.0000,N/A
2026-09-05 20:47:00,1,UNNATURAL_GEOMETRIC_LINE,1.0000,N/A
2026-09-05 20:47:03,1,UNNATURAL_GEOMETRIC_LINE,1.0000,N/A
2026-09-05 20:47:04,1,UNNATURAL_GEOMETRIC_LINE,1.0000,N/A
2026-09-05 20:47:07,1,UNNATURAL_GEOMETRIC_LINE,1.0000,N/A
2026-09-05 20:47:08,1,UNNATURAL_GEOMETRIC_LINE,1.0000,N/A
2026-09-05 20:47:10,1,UNNATURAL_GEOMETRIC_LINE,1.0000,N/A
2026-09-05 20:47:10,1,UNNATURAL_GEOMETRIC_LINE,1.0000,N/A
2026-09-05 20:47:13,1,UNNATURAL_GEOMETRIC_LINE,1.0000,N/A
2026-09-05 20:47:15,1,UNNATURAL_GEOMETRIC_LINE,1.0000,N/A
2026-09-05 20:47:15,1,UNNATURAL_GEOMETRIC_LINE,1.0000,N/A
2026-09-05 20:47:18,1,UNNATURAL_GEOMETRIC_LINE,1.0000,N/A
2026-09-05 20:47:20,1,UNNATURAL_GEOMETRIC_LINE,1.0000,N/A
2026-09-05 20:47:20,1,UNNATURAL_GEOMETRIC_LINE,1.0000,N/A
2026-09-05 20:47:22,1,UNNATURAL_GEOMETRIC_LINE,1.0000,N/A
2026-09-05 20:47:23,1,UNNATURAL_GEOMETRIC_LINE,1.0000,N/A
2026-09-05 20:47:24,1,UNNATURAL_GEOMETRIC_LINE,1.0000,N/A
2026-09-05 20:47:26,1,UNNATURAL_GEOMETRIC_LINE,1.0000,N/A
2026-09-05 20:47:29,1,UNNATURAL_GEOMETRIC_LINE,1.0000,N/A
2026-09-05 20:47:31,1,UNNATURAL_GEOMETRIC_LINE,1.0000,N/A
2026-09-05 20:47:31,1,UNNATURAL_GEOMETRIC_LINE,1.0000,N/A
2026-09-05 20:47:33,1,UNNATURAL_GEOMETRIC_LINE,1.0000,N/A
2026-09-05 20:47:35,1,UNNATURAL_GEOMETRIC_LINE,1.0000,N/A
2026-09-05 20:47:35,1,UNNATURAL_GEOMETRIC_LINE,1.0000,N/A
2026-09-05 20:47:41,1,UNNATURAL_GEOMETRIC_LINE,1.0000,N/A
2026-09-05 20:47:47,1,UNNATURAL_GEOMETRIC_LINE,1.0000,N/A
2026-09-05 20:47:50,1,UNNATURAL_GEOMETRIC_LINE,1.0000,N/A
2026-09-05 20:47:50,1,UNNATURAL_GEOMETRIC_LINE,1.0000,N/A
2026-09-05 20:47:53,1,UNNATURAL_GEOMETRIC_LINE,1.0000,N/A
2026-09-05 20:47:55,1,UNNATURAL_GEOMETRIC_LINE,1.0000,N/A
2026-09-05 20:47:55,1,UNNATURAL_GEOMETRIC_LINE,1.0000,N/A
2026-09-05 20:47:56,1,UNNATURAL_GEOMETRIC_LINE,1.0000,N/A
2026-09-05 20:48:01,1,UNNATURAL_GEOMETRIC_LINE,1.0000,N/A
2026-09-05 20:48:02,1,UNNATURAL_GEOMETRIC_LINE,1.0000,N/A
2026-09-05 20:48:04,1,UNNATURAL_GEOMETRIC_LINE,1.0000,N/A
2026-09-05 20:48:06,1,UNNATURAL_GEOMETRIC_LINE,1.0000,N/A
2026-09-05 20:48:06,1,UNNATURAL_GEOMETRIC_LINE,1.0000,N/A
2026-09-05 20:48:07,1,UNNATURAL_GEOMETRIC_LINE,1.0000,N/A
2026-09-05 20:48:09,1,UNNATURAL_GEOMETRIC_LINE,1.0000,N/A
2026-09-05 20:48:09,1,UNNATURAL_GEOMETRIC_LINE,1.0000,N/A
2026-09-05 20:48:11,1,UNNATURAL_GEOMETRIC_LINE,1.0000,N/A
2026-09-05 20:48:12,1,UNNATURAL_GEOMETRIC_LINE,1.0000,N/A
2026-09-05 20:48:13,1,UNNATURAL_GEOMETRIC_LINE,1.0000,N/A
2026-09-05 20:48:16,1,UNNATURAL_GEOMETRIC_LINE,1.0000,N/A
2026-09-05 20:48:18,1,UNNATURAL_GEOMETRIC_LINE,1.0000,N/A
2026-09-05 20:48:18,1,UNNATURAL_GEOMETRIC_LINE,1.0000,N/A
2026-09-05 20:48:19,1,UNNATURAL_GEOMETRIC_LINE,1.0000,N/A
2026-09-05 20:48:21,1,UNNATURAL_GEOMETRIC_LINE,1.0000,N/A
2026-09-05 20:48:21,1,UNNATURAL_GEOMETRIC_LINE,1.0000,N/A
2026-09-05 20:48:25,1,UNNATURAL_GEOMETRIC_LINE,1.0000,N/A
2026-09-05 20:48:27,1,UNNATURAL_GEOMETRIC_LINE,1.0000,N/A
2026-09-05 20:48:27,1,UNNATURAL_GEOMETRIC_LINE,1.0000,N/A
2026-09-05 20:48:29,1,UNNATURAL_GEOMETRIC_LINE,1.0000,N/A
2026-09-05 20:48:34,1,UNNATURAL_GEOMETRIC_LINE,1.0000,N/A
2026-09-05 20:48:35,1,UNNATURAL_GEOMETRIC_LINE,1.0000,N/A
2026-09-05 20:48:36,1,UNNATURAL_GEOMETRIC_LINE,1.0000,N/A
2026-09-05 20:48:38,1,UNNATURAL_GEOMETRIC_LINE,1.0000,N/A
2026-09-05 20:48:38,1,UNNATURAL_GEOMETRIC_LINE,1.0000,N/A
2026-09-05 20:48:42,1,UNNATURAL_GEOMETRIC_LINE,1.0000,N/A
2026-09-05 20:48:44,1,UNNATURAL_GEOMETRIC_LINE,1.0000,N/A
2026-09-05 20:48:44,1,UNNATURAL_GEOMETRIC_LINE,1.0000,N/A
2026-09-05 20:48:49,1,UNNATURAL_GEOMETRIC_LINE,1.0000,N/A
2026-09-05 20:48:52,1,UNNATURAL_GEOMETRIC_LINE,1.0000,N/A
2026-09-05 20:48:53,1,UNNATURAL_GEOMETRIC_LINE,1.0000,N/A
2026-09-05 20:48:54,1,UNNATURAL_GEOMETRIC_LINE,1.0000,N/A
2026-09-05 20:48:56,1,UNNATURAL_GEOMETRIC_LINE,1.0000,N/A
2026-09-05 20:48:56,1,UNNATURAL_GEOMETRIC_LINE,1.0000,N/A
2026-09-05 20:49:00,1,UNNATURAL_GEOMETRIC_LINE,1.0000,N/A
2026-09-05 20:49:02,1,UNNATURAL_GEOMETRIC_LINE,1.0000,N/A
2026-09-05 20:49:03,1,UNNATURAL_GEOMETRIC_LINE,1.0000,N/A
2026-09-05 20:49:05,1,UNNATURAL_GEOMETRIC_LINE,1.0000,N/A
2026-09-05 20:49:07,1,UNNATURAL_GEOMETRIC_LINE,1.0000,N/A
2026-09-05 20:49:08,1,UNNATURAL_GEOMETRIC_LINE,1.0000,N/A
2026-09-05 20:49:11,1,UNNATURAL_GEOMETRIC_LINE,1.0000,N/A
2026-09-05 20:49:14,1,UNNATURAL_GEOMETRIC_LINE,1.0000,N/A
2026-09-05 20:49:14,1,UNNATURAL_GEOMETRIC_LINE,1.0000,N/A
2026-09-05 20:49:20,1,UNNATURAL_GEOMETRIC_LINE,1.0000,N/A
2026-09-05 20:49:22,1,UNNATURAL_GEOMETRIC_LINE,1.0000,N/A
2026-09-05 20:49:22,1,UNNATURAL_GEOMETRIC_LINE,1.0000,N/A
2026-09-05 20:49:25,1,UNNATURAL_GEOMETRIC_LINE,1.0000,N/A
2026-09-05 20:49:27,1,UNNATURAL_GEOMETRIC_LINE,1.0000,N/A
2026-09-05 20:49:27,1,UNNATURAL_GEOMETRIC_LINE,1.0000,N/A
2026-09-05 20:49:28,1,UNNATURAL_GEOMETRIC_LINE,1.0000,N/A
2026-09-05 20:49:31,1,UNNATURAL_GEOMETRIC_LINE,1.0000,N/A
2026-09-05 20:49:31,1,UNNATURAL_GEOMETRIC_LINE,1.0000,N/A
2026-09-05 20:49:33,1,UNNATURAL_GEOMETRIC_LINE,1.0000,N/A
2026-09-05 20:49:33,1,UNNATURAL_GEOMETRIC_LINE,1.0000,N/A
2026-09-05 20:49:43,1,UNNATURAL_GEOMETRIC_LINE,1.0000,N/A
2026-09-05 20:49:46,1,UNNATURAL_GEOMETRIC_LINE,1.0000,N/A
2026-09-05 20:49:46,1,UNNATURAL_GEOMETRIC_LINE,1.0000,N/A
2026-09-05 20:49:48,1,UNNATURAL_GEOMETRIC_LINE,1.0000,N/A
2026-09-05 20:49:50,1,UNNATURAL_GEOMETRIC_LINE,1.0000,N/A
2026-09-05 20:49:51,1,UNNATURAL_GEOMETRIC_LINE,1.0000,N/A
2026-09-05 20:49:55,1,UNNATURAL_GEOMETRIC_LINE,1.0000,N/A
2026-09-05 20:49:57,1,UNNATURAL_GEOMETRIC_LINE,1.0000,N/A
2026-09-05 20:49:57,1,UNNATURAL_GEOMETRIC_LINE,1.0000,N/A
2026-09-05 20:49:57,1,MECHANICAL_LOCK_NO_TREMOR,1.0000,N/A
2026-09-05 20:50:00,1,UNNATURAL_GEOMETRIC_LINE,1.0000,N/A
2026-09-05 20:50:02,1,UNNATURAL_GEOMETRIC_LINE,1.0000,N/A
2026-09-05 20:50:04,1,UNNATURAL_GEOMETRIC_LINE,1.0000,N/A
2026-09-05 20:50:04,1,UNNATURAL_GEOMETRIC_LINE,1.0000,N/A
2026-09-05 20:50:10,1,UNNATURAL_GEOMETRIC_LINE,1.0000,N/A
2026-09-05 20:50:13,1,UNNATURAL_GEOMETRIC_LINE,1.0000,N/A
2026-09-05 20:50:13,1,UNNATURAL_GEOMETRIC_LINE,1.0000,N/A
2026-09-05 20:50:16,1,UNNATURAL_GEOMETRIC_LINE,1.0000,N/A
2026-09-05 20:50:17,1,UNNATURAL_GEOMETRIC_LINE,1.0000,N/A
2026-09-05 20:50:18,1,UNNATURAL_GEOMETRIC_LINE,1.0000,N/A
2026-09-05 20:50:19,1,UNNATURAL_GEOMETRIC_LINE,1.0000,N/A
2026-09-05 20:50:23,1,UNNATURAL_GEOMETRIC_LINE,1.0000,N/A
2026-09-05 20:50:23,1,UNNATURAL_GEOMETRIC_LINE,1.0000,N/A
2026-09-05 20:50:31,1,UNNATURAL_GEOMETRIC_LINE,1.0000,N/A
2026-09-05 20:50:38,1,UNNATURAL_GEOMETRIC_LINE,1.0000,N/A
2026-09-05 20:50:45,1,UNNATURAL_GEOMETRIC_LINE,1.0000,N/A
2026-09-05 20:50:46,1,UNNATURAL_GEOMETRIC_LINE,1.0000,N/A
2026-09-05 20:50:47,1,UNNATURAL_GEOMETRIC_LINE,1.0000,N/A
2026-09-05 20:50:52,1,UNNATURAL_GEOMETRIC_LINE,1.0000,N/A
2026-09-05 20:50:57,1,UNNATURAL_GEOMETRIC_LINE,1.0000,N/A
2026-09-05 20:50:58,1,UNNATURAL_GEOMETRIC_LINE,1.0000,N/A
2026-09-05 20:51:01,1,UNNATURAL_GEOMETRIC_LINE,1.0000,N/A
2026-09-05 20:51:02,1,UNNATURAL_GEOMETRIC_LINE,1.0000,N/A
2026-09-05 20:51:05,1,UNNATURAL_GEOMETRIC_LINE,1.0000,N/A
2026-09-05 20:51:07,1,UNNATURAL_GEOMETRIC_LINE,1.0000,N/A
2026-09-05 20:51:07,1,UNNATURAL_GEOMETRIC_LINE,1.0000,N/A
2026-09-05 20:51:08,1,UNNATURAL_GEOMETRIC_LINE,1.0000,N/A
2026-09-05 20:51:12,1,UNNATURAL_GEOMETRIC_LINE,1.0000,N/A
2026-09-05 20:51:13,1,UNNATURAL_GEOMETRIC_LINE,1.0000,N/A
2026-09-05 20:51:13,1,UNNATURAL_GEOMETRIC_LINE,1.0000,N/A
2026-09-05 20:51:16,1,UNNATURAL_GEOMETRIC_LINE,1.0000,N/A
2026-09-05 20:51:17,1,UNNATURAL_GEOMETRIC_LINE,1.0000,N/A
2026-09-05 20:51:24,1,UNNATURAL_GEOMETRIC_LINE,1.0000,N/A
2026-09-05 20:51:27,1,UNNATURAL_GEOMETRIC_LINE,1.0000,N/A
2026-09-05 20:51:27,1,UNNATURAL_GEOMETRIC_LINE,1.0000,N/A
2026-09-05 20:51:29,1,UNNATURAL_GEOMETRIC_LINE,1.0000,N/A
2026-09-05 20:51:31,1,UNNATURAL_GEOMETRIC_LINE,1.0000,N/A
2026-09-05 20:51:33,1,UNNATURAL_GEOMETRIC_LINE,1.0000,N/A
2026-09-05 20:51:34,1,UNNATURAL_GEOMETRIC_LINE,1.0000,N/A
2026-09-05 20:51:34,1,UNNATURAL_GEOMETRIC_LINE,1.0000,N/A
2026-09-05 20:51:37,1,UNNATURAL_GEOMETRIC_LINE,1.0000,N/A
2026-09-05 20:51:38,1,UNNATURAL_GEOMETRIC_LINE,1.0000,N/A
2026-09-05 20:51:39,1,UNNATURAL_GEOMETRIC_LINE,1.0000,N/A
2026-09-05 20:51:41,1,UNNATURAL_GEOMETRIC_LINE,1.0000,N/A
2026-09-05 20:51:41,1,UNNATURAL_GEOMETRIC_LINE,1.0000,N/A
2026-09-05 20:51:45,1,UNNATURAL_GEOMETRIC_LINE,1.0000,N/A
2026-09-05 20:51:47,1,UNNATURAL_GEOMETRIC_LINE,1.0000,N/A
2026-09-05 20:51:47,1,UNNATURAL_GEOMETRIC_LINE,1.0000,N/A
2026-09-05 20:51:48,1,UNNATURAL_GEOMETRIC_LINE,1.0000,N/A
2026-09-05 20:51:52,1,UNNATURAL_GEOMETRIC_LINE,1.0000,N/A
2026-09-05 20:51:53,1,UNNATURAL_GEOMETRIC_LINE,1.0000,N/A
2026-09-05 20:51:55,1,UNNATURAL_GEOMETRIC_LINE,1.0000,N/A
2026-09-05 20:51:59,1,UNNATURAL_GEOMETRIC_LINE,1.0000,N/A
2026-09-05 20:51:59,1,UNNATURAL_GEOMETRIC_LINE,1.0000,N/A
2026-09-05 20:52:01,1,UNNATURAL_GEOMETRIC_LINE,1.0000,N/A
2026-09-05 20:52:04,1,UNNATURAL_GEOMETRIC_LINE,1.0000,N/A
2026-09-05 20:52:06,1,UNNATURAL_GEOMETRIC_LINE,1.0000,N/A
2026-09-05 20:52:06,1,UNNATURAL_GEOMETRIC_LINE,1.0000,N/A
2026-09-05 20:52:09,1,UNNATURAL_GEOMETRIC_LINE,1.0000,N/A
2026-09-05 20:52:12,1,UNNATURAL_GEOMETRIC_LINE,1.0000,N/A
2026-09-05 20:52:12,1,UNNATURAL_GEOMETRIC_LINE,1.0000,N/A
2026-09-05 20:52:15,1,UNNATURAL_GEOMETRIC_LINE,1.0000,N/A
2026-09-05 20:52:23,1,UNNATURAL_GEOMETRIC_LINE,1.0000,N/A
2026-09-05 20:52:23,1,UNNATURAL_GEOMETRIC_LINE,1.0000,N/A
2026-09-05 20:52:25,1,UNNATURAL_GEOMETRIC_LINE,1.0000,N/A
2026-09-05 20:52:27,1,UNNATURAL_GEOMETRIC_LINE,1.0000,N/A
2026-09-05 20:52:27,1,UNNATURAL_GEOMETRIC_LINE,1.0000,N/A
2026-09-05 20:52:31,1,UNNATURAL_GEOMETRIC_LINE,1.0000,N/A
2026-09-05 20:52:34,1,UNNATURAL_GEOMETRIC_LINE,1.0000,N/A
2026-09-05 20:52:34,1,UNNATURAL_GEOMETRIC_LINE,1.0000,N/A
2026-09-05 20:52:35,1,UNNATURAL_GEOMETRIC_LINE,1.0000,N/A
2026-09-05 20:52:36,1,UNNATURAL_GEOMETRIC_LINE,1.0000,N/A
2026-09-05 20:52:37,1,UNNATURAL_GEOMETRIC_LINE,1.0000,N/A
2026-09-05 20:52:37,1,UNNATURAL_GEOMETRIC_LINE,1.0000,N/A
2026-09-05 20:52:39,1,UNNATURAL_GEOMETRIC_LINE,1.0000,N/A
2026-09-05 20:52:40,1,UNNATURAL_GEOMETRIC_LINE,1.0000,N/A
2026-09-05 20:52:41,1,UNNATURAL_GEOMETRIC_LINE,1.0000,N/A
2026-09-05 20:52:44,1,UNNATURAL_GEOMETRIC_LINE,1.0000,N/A
2026-09-05 20:52:45,1,UNNATURAL_GEOMETRIC_LINE,1.0000,N/A
2026-09-05 20:52:51,1,UNNATURAL_GEOMETRIC_LINE,1.0000,N/A
2026-09-05 20:52:53,1,UNNATURAL_GEOMETRIC_LINE,1.0000,N/A
2026-09-05 20:52:53,1,UNNATURAL_GEOMETRIC_LINE,1.0000,N/A
2026-09-05 20:52:58,1,UNNATURAL_GEOMETRIC_LINE,1.0000,N/A
2026-09-05 20:53:03,1,UNNATURAL_GEOMETRIC_LINE,1.0000,N/A
2026-09-05 20:53:09,1,UNNATURAL_GEOMETRIC_LINE,1.0000,N/A
2026-09-05 20:53:11,1,UNNATURAL_GEOMETRIC_LINE,1.0000,N/A
2026-09-05 20:53:11,1,UNNATURAL_GEOMETRIC_LINE,1.0000,N/A
2026-09-05 20:53:21,1,UNNATURAL_GEOMETRIC_LINE,1.0000,N/A
2026-09-05 20:53:23,1,UNNATURAL_GEOMETRIC_LINE,1.0000,N/A
2026-09-05 20:53:23,1,UNNATURAL_GEOMETRIC_LINE,1.0000,N/A
2026-09-05 20:53:26,1,UNNATURAL_GEOMETRIC_LINE,1.0000,N/A
2026-09-05 20:53:29,1,UNNATURAL_GEOMETRIC_LINE,1.0000,N/A
2026-09-05 20:53:29,1,UNNATURAL_GEOMETRIC_LINE,1.0000,N/A
2026-09-05 20:53:35,1,UNNATURAL_GEOMETRIC_LINE,1.0000,N/A
2026-09-05 20:53:39,1,UNNATURAL_GEOMETRIC_LINE,1.0000,N/A
2026-09-05 20:53:39,1,UNNATURAL_GEOMETRIC_LINE,1.0000,N/A
2026-09-05 20:53:48,1,UNNATURAL_GEOMETRIC_LINE,1.0000,N/A
2026-09-05 20:53:50,1,UNNATURAL_GEOMETRIC_LINE,1.0000,N/A
2026-09-05 20:53:50,1,UNNATURAL_GEOMETRIC_LINE,1.0000,N/A
2026-09-05 20:53:52,1,UNNATURAL_GEOMETRIC_LINE,1.0000,N/A
2026-09-05 20:53:54,1,UNNATURAL_GEOMETRIC_LINE,1.0000,N/A
2026-09-05 20:53:54,1,UNNATURAL_GEOMETRIC_LINE,1.0000,N/A
2026-09-05 20:53:56,1,UNNATURAL_GEOMETRIC_LINE,1.0000,N/A
2026-09-05 20:53:58,1,UNNATURAL_GEOMETRIC_LINE,1.0000,N/A
2026-09-05 20:53:58,1,UNNATURAL_GEOMETRIC_LINE,1.0000,N/A
2026-09-05 20:54:04,1,UNNATURAL_GEOMETRIC_LINE,1.0000,N/A
2026-09-05 20:54:06,1,UNNATURAL_GEOMETRIC_LINE,1.0000,N/A
2026-09-05 20:54:06,1,UNNATURAL_GEOMETRIC_LINE,1.0000,N/A
2026-09-05 20:54:10,1,UNNATURAL_GEOMETRIC_LINE,1.0000,N/A
2026-09-05 20:54:10,1,UNNATURAL_GEOMETRIC_LINE,1.0000,N/A
2026-09-05 20:54:14,1,UNNATURAL_GEOMETRIC_LINE,1.0000,N/A
2026-09-05 20:54:20,1,UNNATURAL_GEOMETRIC_LINE,1.0000,N/A
2026-09-05 20:54:24,1,UNNATURAL_GEOMETRIC_LINE,1.0000,N/A
2026-09-05 20:54:28,1,UNNATURAL_GEOMETRIC_LINE,1.0000,N/A
2026-09-05 20:54:29,1,UNNATURAL_GEOMETRIC_LINE,1.0000,N/A
2026-09-05 20:54:33,1,UNNATURAL_GEOMETRIC_LINE,1.0000,N/A
2026-09-05 20:54:35,1,UNNATURAL_GEOMETRIC_LINE,1.0000,N/A
2026-09-05 20:54:35,1,UNNATURAL_GEOMETRIC_LINE,1.0000,N/A
2026-09-05 20:54:36,1,UNNATURAL_GEOMETRIC_LINE,1.0000,N/A
2026-09-05 20:54:40,1,UNNATURAL_GEOMETRIC_LINE,1.0000,N/A
2026-09-05 20:54:42,1,UNNATURAL_GEOMETRIC_LINE,1.0000,N/A
2026-09-05 20:54:44,1,UNNATURAL_GEOMETRIC_LINE,1.0000,N/A
2026-09-05 20:54:45,1,UNNATURAL_GEOMETRIC_LINE,1.0000,N/A
2026-09-05 20:54:46,1,UNNATURAL_GEOMETRIC_LINE,1.0000,N/A
2026-09-05 20:54:50,1,UNNATURAL_GEOMETRIC_LINE,1.0000,N/A
2026-09-05 20:54:50,1,UNNATURAL_GEOMETRIC_LINE,1.0000,N/A
2026-09-05 20:54:52,1,UNNATURAL_GEOMETRIC_LINE,1.0000,N/A
2026-09-05 20:54:54,1,UNNATURAL_GEOMETRIC_LINE,1.0000,N/A
2026-09-05 20:54:54,1,UNNATURAL_GEOMETRIC_LINE,1.0000,N/A
2026-09-05 20:54:55,1,UNNATURAL_GEOMETRIC_LINE,1.0000,N/A
2026-09-05 20:54:57,1,UNNATURAL_GEOMETRIC_LINE,1.0000,N/A
2026-09-05 20:54:57,1,UNNATURAL_GEOMETRIC_LINE,1.0000,N/A
2026-09-05 20:54:59,1,UNNATURAL_GEOMETRIC_LINE,1.0000,N/A
2026-09-05 20:55:01,1,UNNATURAL_GEOMETRIC_LINE,1.0000,N/A
2026-09-05 20:55:01,1,UNNATURAL_GEOMETRIC_LINE,1.0000,N/A
2026-09-05 20:55:03,1,UNNATURAL_GEOMETRIC_LINE,1.0000,N/A
2026-09-05 20:55:04,1,UNNATURAL_GEOMETRIC_LINE,1.0000,N/A
2026-09-05 20:55:05,1,UNNATURAL_GEOMETRIC_LINE,1.0000,N/A
2026-09-05 20:55:07,1,UNNATURAL_GEOMETRIC_LINE,1.0000,N/A
2026-09-05 20:55:09,1,UNNATURAL_GEOMETRIC_LINE,1.0000,N/A
2026-09-05 20:55:09,1,UNNATURAL_GEOMETRIC_LINE,1.0000,N/A
2026-09-05 20:55:10,1,UNNATURAL_GEOMETRIC_LINE,1.0000,N/A
2026-09-05 20:55:12,1,UNNATURAL_GEOMETRIC_LINE,1.0000,N/A
2026-09-05 20:55:13,1,UNNATURAL_GEOMETRIC_LINE,1.0000,N/A
2026-09-05 20:55:19,1,UNNATURAL_GEOMETRIC_LINE,1.0000,N/A
2026-09-05 20:55:22,1,UNNATURAL_GEOMETRIC_LINE,1.0000,N/A
2026-09-05 20:55:23,1,UNNATURAL_GEOMETRIC_LINE,1.0000,N/A
2026-09-05 20:55:35,1,UNNATURAL_GEOMETRIC_LINE,1.0000,N/A
2026-09-05 20:55:39,1,UNNATURAL_GEOMETRIC_LINE,1.0000,N/A
2026-09-05 20:55:39,1,UNNATURAL_GEOMETRIC_LINE,1.0000,N/A
2026-09-05 20:55:48,1,UNNATURAL_GEOMETRIC_LINE,1.0000,N/A
2026-09-05 20:55:50,1,UNNATURAL_GEOMETRIC_LINE,1.0000,N/A
2026-09-05 20:55:51,1,UNNATURAL_GEOMETRIC_LINE,1.0000,N/A
2026-09-05 20:55:51,1,UNNATURAL_GEOMETRIC_LINE,1.0000,N/A
2026-09-05 20:55:53,1,UNNATURAL_GEOMETRIC_LINE,1.0000,N/A
2026-09-05 20:55:53,1,UNNATURAL_GEOMETRIC_LINE,1.0000,N/A
2026-09-05 20:55:56,1,UNNATURAL_GEOMETRIC_LINE,1.0000,N/A
2026-09-05 20:55:57,1,UNNATURAL_GEOMETRIC_LINE,1.0000,N/A
2026-09-05 20:55:58,1,UNNATURAL_GEOMETRIC_LINE,1.0000,N/A
2026-09-05 20:55:59,1,UNNATURAL_GEOMETRIC_LINE,1.0000,N/A
2026-09-05 20:56:03,1,UNNATURAL_GEOMETRIC_LINE,1.0000,N/A
2026-09-05 20:56:06,1,UNNATURAL_GEOMETRIC_LINE,1.0000,N/A
2026-09-05 20:56:09,1,UNNATURAL_GEOMETRIC_LINE,1.0000,N/A
2026-09-05 20:56:10,1,UNNATURAL_GEOMETRIC_LINE,1.0000,N/A
2026-09-05 20:56:12,1,UNNATURAL_GEOMETRIC_LINE,1.0000,N/A
2026-09-05 20:56:14,1,UNNATURAL_GEOMETRIC_LINE,1.0000,N/A
2026-09-05 20:56:14,1,UNNATURAL_GEOMETRIC_LINE,1.0000,N/A
2026-09-05 20:56:19,1,UNNATURAL_GEOMETRIC_LINE,1.0000,N/A
2026-09-05 20:56:22,1,UNNATURAL_GEOMETRIC_LINE,1.0000,N/A
2026-09-05 20:56:24,1,UNNATURAL_GEOMETRIC_LINE,1.0000,N/A
2026-09-05 20:56:28,1,UNNATURAL_GEOMETRIC_LINE,1.0000,N/A
2026-09-05 20:56:28,1,UNNATURAL_GEOMETRIC_LINE,1.0000,N/A
2026-09-05 20:56:30,1,UNNATURAL_GEOMETRIC_LINE,1.0000,N/A
2026-09-05 20:56:32,1,UNNATURAL_GEOMETRIC_LINE,1.0000,N/A
2026-09-05 20:56:32,1,UNNATURAL_GEOMETRIC_LINE,1.0000,N/A
2026-09-05 20:56:35,1,UNNATURAL_GEOMETRIC_LINE,1.0000,N/A
2026-09-05 20:56:36,1,UNNATURAL_GEOMETRIC_LINE,1.0000,N/A
2026-09-05 20:56:37,1,UNNATURAL_GEOMETRIC_LINE,1.0000,N/A
2026-09-05 20:56:40,1,UNNATURAL_GEOMETRIC_LINE,1.0000,N/A
2026-09-05 20:56:43,1,UNNATURAL_GEOMETRIC_LINE,1.0000,N/A
2026-09-05 20:56:43,1,UNNATURAL_GEOMETRIC_LINE,1.0000,N/A
2026-09-05 20:56:46,1,UNNATURAL_GEOMETRIC_LINE,1.0000,N/A
2026-09-05 20:56:48,1,UNNATURAL_GEOMETRIC_LINE,1.0000,N/A
2026-09-05 20:56:48,1,UNNATURAL_GEOMETRIC_LINE,1.0000,N/A
2026-09-05 20:56:50,1,UNNATURAL_GEOMETRIC_LINE,1.0000,N/A
2026-09-05 20:56:52,1,UNNATURAL_GEOMETRIC_LINE,1.0000,N/A
2026-09-05 20:56:54,1,UNNATURAL_GEOMETRIC_LINE,1.0000,N/A
2026-09-05 20:56:55,1,UNNATURAL_GEOMETRIC_LINE,1.0000,N/A
2026-09-05 20:56:59,1,UNNATURAL_GEOMETRIC_LINE,1.0000,N/A
2026-09-05 20:57:01,1,UNNATURAL_GEOMETRIC_LINE,1.0000,N/A
2026-09-05 20:57:02,1,UNNATURAL_GEOMETRIC_LINE,1.0000,N/A
2026-09-05 20:57:04,1,UNNATURAL_GEOMETRIC_LINE,1.0000,N/A
2026-09-05 20:57:06,1,UNNATURAL_GEOMETRIC_LINE,1.0000,N/A
2026-09-05 20:57:07,1,UNNATURAL_GEOMETRIC_LINE,1.0000,N/A
2026-09-05 20:57:09,1,UNNATURAL_GEOMETRIC_LINE,1.0000,N/A
2026-09-05 20:57:11,1,UNNATURAL_GEOMETRIC_LINE,1.0000,N/A
2026-09-05 20:57:11,1,UNNATURAL_GEOMETRIC_LINE,1.0000,N/A
2026-09-05 20:57:12,1,UNNATURAL_GEOMETRIC_LINE,1.0000,N/A
2026-09-05 20:57:14,1,UNNATURAL_GEOMETRIC_LINE,1.0000,N/A
2026-09-05 20:57:15,1,UNNATURAL_GEOMETRIC_LINE,1.0000,N/A
2026-09-05 20:57:16,1,UNNATURAL_GEOMETRIC_LINE,1.0000,N/A
2026-09-05 20:57:18,1,UNNATURAL_GEOMETRIC_LINE,1.0000,N/A
2026-09-05 20:57:19,1,UNNATURAL_GEOMETRIC_LINE,1.0000,N/A
2026-09-05 20:57:20,1,UNNATURAL_GEOMETRIC_LINE,1.0000,N/A
2026-09-05 20:57:22,1,UNNATURAL_GEOMETRIC_LINE,1.0000,N/A
2026-09-05 20:57:23,1,UNNATURAL_GEOMETRIC_LINE,1.0000,N/A
2026-09-05 20:57:33,1,UNNATURAL_GEOMETRIC_LINE,1.0000,N/A
2026-09-05 20:57:34,1,UNNATURAL_GEOMETRIC_LINE,1.0000,N/A
2026-09-05 20:57:35,1,UNNATURAL_GEOMETRIC_LINE,1.0000,N/A
2026-09-05 20:57:36,1,UNNATURAL_GEOMETRIC_LINE,1.0000,N/A
2026-09-05 20:57:37,1,UNNATURAL_GEOMETRIC_LINE,1.0000,N/A
2026-09-05 20:57:38,1,UNNATURAL_GEOMETRIC_LINE,1.0000,N/A
2026-09-05 20:57:41,1,UNNATURAL_GEOMETRIC_LINE,1.0000,N/A
2026-09-05 20:57:43,1,UNNATURAL_GEOMETRIC_LINE,1.0000,N/A
2026-09-05 20:57:43,1,UNNATURAL_GEOMETRIC_LINE,1.0000,N/A
2026-09-05 20:57:44,1,UNNATURAL_GEOMETRIC_LINE,1.0000,N/A
2026-09-05 20:57:46,1,UNNATURAL_GEOMETRIC_LINE,1.0000,N/A
2026-09-05 20:57:46,1,UNNATURAL_GEOMETRIC_LINE,1.0000,N/A
2026-09-05 20:57:48,1,UNNATURAL_GEOMETRIC_LINE,1.0000,N/A
2026-09-05 20:57:51,1,UNNATURAL_GEOMETRIC_LINE,1.0000,N/A
2026-09-05 20:57:51,1,UNNATURAL_GEOMETRIC_LINE,1.0000,N/A
2026-09-05 20:57:52,1,UNNATURAL_GEOMETRIC_LINE,1.0000,N/A
2026-09-05 20:57:54,1,UNNATURAL_GEOMETRIC_LINE,1.0000,N/A
2026-09-05 20:57:55,1,UNNATURAL_GEOMETRIC_LINE,1.0000,N/A
2026-09-05 20:57:55,1,UNNATURAL_GEOMETRIC_LINE,1.0000,N/A
2026-09-05 20:58:00,1,UNNATURAL_GEOMETRIC_LINE,1.0000,N/A
2026-09-05 20:58:00,1,UNNATURAL_GEOMETRIC_LINE,1.0000,N/A
2026-09-05 20:58:02,1,UNNATURAL_GEOMETRIC_LINE,1.0000,N/A
2026-09-05 20:58:06,1,UNNATURAL_GEOMETRIC_LINE,1.0000,N/A
2026-09-05 20:58:06,1,UNNATURAL_GEOMETRIC_LINE,1.0000,N/A
2026-09-05 20:58:07,1,UNNATURAL_GEOMETRIC_LINE,1.0000,N/A
2026-09-05 20:58:08,1,UNNATURAL_GEOMETRIC_LINE,1.0000,N/A
2026-09-05 20:58:09,1,UNNATURAL_GEOMETRIC_LINE,1.0000,N/A
2026-09-05 20:58:15,1,UNNATURAL_GEOMETRIC_LINE,1.0000,N/A
2026-09-05 20:58:16,1,UNNATURAL_GEOMETRIC_LINE,1.0000,N/A
2026-09-05 20:58:17,1,UNNATURAL_GEOMETRIC_LINE,1.0000,N/A
2026-09-05 20:58:20,1,UNNATURAL_GEOMETRIC_LINE,1.0000,N/A
2026-09-05 20:58:23,1,UNNATURAL_GEOMETRIC_LINE,1.0000,N/A
2026-09-05 20:58:28,1,UNNATURAL_GEOMETRIC_LINE,1.0000,N/A
2026-09-05 20:58:30,1,UNNATURAL_GEOMETRIC_LINE,1.0000,N/A
2026-09-05 20:58:30,1,UNNATURAL_GEOMETRIC_LINE,1.0000,N/A
2026-09-05 20:58:38,1,UNNATURAL_GEOMETRIC_LINE,1.0000,N/A
2026-09-05 20:58:40,1,UNNATURAL_GEOMETRIC_LINE,1.0000,N/A
2026-09-05 20:58:42,1,UNNATURAL_GEOMETRIC_LINE,1.0000,N/A
2026-09-05 20:58:42,1,UNNATURAL_GEOMETRIC_LINE,1.0000,N/A
2026-09-05 20:58:44,1,UNNATURAL_GEOMETRIC_LINE,1.0000,N/A
2026-09-05 20:58:46,1,UNNATURAL_GEOMETRIC_LINE,1.0000,N/A
2026-09-05 20:58:47,1,UNNATURAL_GEOMETRIC_LINE,1.0000,N/A
2026-09-05 20:58:52,1,UNNATURAL_GEOMETRIC_LINE,1.0000,N/A
2026-09-05 20:58:55,1,UNNATURAL_GEOMETRIC_LINE,1.0000,N/A
2026-09-05 20:58:56,1,UNNATURAL_GEOMETRIC_LINE,1.0000,N/A
2026-09-05 20:58:57,1,UNNATURAL_GEOMETRIC_LINE,1.0000,N/A
2026-09-05 20:59:00,1,UNNATURAL_GEOMETRIC_LINE,1.0000,N/A
2026-09-05 20:59:00,1,UNNATURAL_GEOMETRIC_LINE,1.0000,N/A
2026-09-05 20:59:02,1,UNNATURAL_GEOMETRIC_LINE,1.0000,N/A
2026-09-05 20:59:05,1,UNNATURAL_GEOMETRIC_LINE,1.0000,N/A
2026-09-05 20:59:05,1,UNNATURAL_GEOMETRIC_LINE,1.0000,N/A
2026-09-05 20:59:06,1,UNNATURAL_GEOMETRIC_LINE,1.0000,N/A
2026-09-05 20:59:10,1,UNNATURAL_GEOMETRIC_LINE,1.0000,N/A
2026-09-05 20:59:10,1,UNNATURAL_GEOMETRIC_LINE,1.0000,N/A
2026-09-05 20:59:19,1,UNNATURAL_GEOMETRIC_LINE,1.0000,N/A
2026-09-05 20:59:21,1,UNNATURAL_GEOMETRIC_LINE,1.0000,N/A
2026-09-05 20:59:22,1,UNNATURAL_GEOMETRIC_LINE,1.0000,N/A
2026-09-05 20:59:23,1,UNNATURAL_GEOMETRIC_LINE,1.0000,N/A
2026-09-05 20:59:26,1,UNNATURAL_GEOMETRIC_LINE,1.0000,N/A
2026-09-05 20:59:27,1,UNNATURAL_GEOMETRIC_LINE,1.0000,N/A
2026-09-05 20:59:29,1,UNNATURAL_GEOMETRIC_LINE,1.0000,N/A
2026-09-05 20:59:29,1,UNNATURAL_GEOMETRIC_LINE,1.0000,N/A
2026-09-05 20:59:31,1,UNNATURAL_GEOMETRIC_LINE,1.0000,N/A
2026-09-05 20:59:33,1,UNNATURAL_GEOMETRIC_LINE,1.0000,N/A
2026-09-05 20:59:34,1,UNNATURAL_GEOMETRIC_LINE,1.0000,N/A
2026-09-05 20:59:35,1,UNNATURAL_GEOMETRIC_LINE,1.0000,N/A
2026-09-05 20:59:37,1,UNNATURAL_GEOMETRIC_LINE,1.0000,N/A
2026-09-05 20:59:37,1,UNNATURAL_GEOMETRIC_LINE,1.0000,N/A
2026-09-05 20:59:39,1,UNNATURAL_GEOMETRIC_LINE,1.0000,N/A
2026-09-05 20:59:42,1,UNNATURAL_GEOMETRIC_LINE,1.0000,N/A
2026-09-05 20:59:47,1,UNNATURAL_GEOMETRIC_LINE,1.0000,N/A
2026-09-05 20:59:51,1,UNNATURAL_GEOMETRIC_LINE,1.0000,N/A
2026-09-05 20:59:52,1,UNNATURAL_GEOMETRIC_LINE,1.0000,N/A
2026-09-05 21:00:01,1,UNNATURAL_GEOMETRIC_LINE,1.0000,N/A
2026-09-05 21:00:05,1,UNNATURAL_GEOMETRIC_LINE,1.0000,N/A
2026-09-05 21:00:06,1,UNNATURAL_GEOMETRIC_LINE,1.0000,N/A
2026-09-05 21:00:07,1,UNNATURAL_GEOMETRIC_LINE,1.0000,N/A
2026-09-05 21:00:12,1,UNNATURAL_GEOMETRIC_LINE,1.0000,N/A
2026-09-05 21:00:14,1,UNNATURAL_GEOMETRIC_LINE,1.0000,N/A
2026-09-05 21:00:21,1,UNNATURAL_GEOMETRIC_LINE,1.0000,N/A
2026-09-05 21:00:22,1,UNNATURAL_GEOMETRIC_LINE,1.0000,N/A
2026-09-05 21:00:22,1,UNNATURAL_GEOMETRIC_LINE,1.0000,N/A
2026-09-05 21:00:24,1,UNNATURAL_GEOMETRIC_LINE,1.0000,N/A
2026-09-05 21:00:25,1,UNNATURAL_GEOMETRIC_LINE,1.0000,N/A
2026-09-05 21:00:25,1,UNNATURAL_GEOMETRIC_LINE,1.0000,N/A
2026-09-05 21:00:28,1,UNNATURAL_GEOMETRIC_LINE,1.0000,N/A
2026-09-05 21:00:29,1,UNNATURAL_GEOMETRIC_LINE,1.0000,N/A
2026-09-05 21:00:31,1,UNNATURAL_GEOMETRIC_LINE,1.0000,N/A
2026-09-05 21:00:33,1,UNNATURAL_GEOMETRIC_LINE,1.0000,N/A
2026-09-05 21:00:43,1,UNNATURAL_GEOMETRIC_LINE,1.0000,N/A
2026-09-05 21:00:45,1,UNNATURAL_GEOMETRIC_LINE,1.0000,N/A
2026-09-05 21:00:46,1,UNNATURAL_GEOMETRIC_LINE,1.0000,N/A
2026-09-05 21:00:47,1,UNNATURAL_GEOMETRIC_LINE,1.0000,N/A
2026-09-05 21:00:45,1,UNNATURAL_GEOMETRIC_LINE,1.0000,N/A
2026-09-05 21:00:46,1,UNNATURAL_GEOMETRIC_LINE,1.0000,N/A
2026-09-05 21:00:47,1,UNNATURAL_GEOMETRIC_LINE,1.0000,N/A
2026-09-05 21:00:49,1,UNNATURAL_GEOMETRIC_LINE,1.0000,N/A
2026-09-05 21:00:50,1,UNNATURAL_GEOMETRIC_LINE,1.0000,N/A
2026-09-05 21:00:51,1,UNNATURAL_GEOMETRIC_LINE,1.0000,N/A
2026-09-05 21:00:53,1,UNNATURAL_GEOMETRIC_LINE,1.0000,N/A
2026-09-05 21:00:53,1,UNNATURAL_GEOMETRIC_LINE,1.0000,N/A
2026-09-05 21:00:57,1,UNNATURAL_GEOMETRIC_LINE,1.0000,N/A
2026-09-05 21:01:00,1,UNNATURAL_GEOMETRIC_LINE,1.0000,N/A
2026-09-05 21:01:03,1,UNNATURAL_GEOMETRIC_LINE,1.0000,N/A
2026-09-05 21:01:05,1,UNNATURAL_GEOMETRIC_LINE,1.0000,N/A
2026-09-05 21:01:05,1,UNNATURAL_GEOMETRIC_LINE,1.0000,N/A
2026-09-05 21:01:06,1,UNNATURAL_GEOMETRIC_LINE,1.0000,N/A
2026-09-05 21:01:10,1,UNNATURAL_GEOMETRIC_LINE,1.0000,N/A
2026-09-05 21:01:11,1,UNNATURAL_GEOMETRIC_LINE,1.0000,N/A
2026-09-05 21:01:12,1,UNNATURAL_GEOMETRIC_LINE,1.0000,N/A
2026-09-05 21:01:14,1,UNNATURAL_GEOMETRIC_LINE,1.0000,N/A
2026-09-05 21:01:20,1,UNNATURAL_GEOMETRIC_LINE,1.0000,N/A
2026-09-05 21:01:22,1,UNNATURAL_GEOMETRIC_LINE,1.0000,N/A
2026-09-05 21:01:22,1,UNNATURAL_GEOMETRIC_LINE,1.0000,N/A
2026-09-05 21:01:23,1,UNNATURAL_GEOMETRIC_LINE,1.0000,N/A
2026-09-05 21:01:25,1,UNNATURAL_GEOMETRIC_LINE,1.0000,N/A
2026-09-05 21:01:26,1,UNNATURAL_GEOMETRIC_LINE,1.0000,N/A
2026-09-05 21:01:31,1,UNNATURAL_GEOMETRIC_LINE,1.0000,N/A
2026-09-05 21:01:37,1,UNNATURAL_GEOMETRIC_LINE,1.0000,N/A
2026-09-05 21:01:39,1,UNNATURAL_GEOMETRIC_LINE,1.0000,N/A
2026-09-05 21:01:39,1,UNNATURAL_GEOMETRIC_LINE,1.0000,N/A
2026-09-05 21:01:43,1,UNNATURAL_GEOMETRIC_LINE,1.0000,N/A
2026-09-05 21:01:46,1,UNNATURAL_GEOMETRIC_LINE,1.0000,N/A
2026-09-05 21:01:48,1,UNNATURAL_GEOMETRIC_LINE,1.0000,N/A
2026-09-05 21:01:48,1,UNNATURAL_GEOMETRIC_LINE,1.0000,N/A
2026-09-05 21:01:49,1,UNNATURAL_GEOMETRIC_LINE,1.0000,N/A
2026-09-05 21:01:51,1,UNNATURAL_GEOMETRIC_LINE,1.0000,N/A
2026-09-05 21:01:51,1,UNNATURAL_GEOMETRIC_LINE,1.0000,N/A
2026-09-05 21:01:54,1,UNNATURAL_GEOMETRIC_LINE,1.0000,N/A
2026-09-05 21:01:56,1,UNNATURAL_GEOMETRIC_LINE,1.0000,N/A
2026-09-05 21:01:56,1,UNNATURAL_GEOMETRIC_LINE,1.0000,N/A
2026-09-05 21:01:59,1,UNNATURAL_GEOMETRIC_LINE,1.0000,N/A
2026-09-05 21:02:01,1,UNNATURAL_GEOMETRIC_LINE,1.0000,N/A
2026-09-05 21:02:02,1,UNNATURAL_GEOMETRIC_LINE,1.0000,N/A
2026-09-05 21:02:02,1,UNNATURAL_GEOMETRIC_LINE,1.0000,N/A
2026-09-05 21:02:05,1,UNNATURAL_GEOMETRIC_LINE,1.0000,N/A
2026-09-05 21:02:09,1,UNNATURAL_GEOMETRIC_LINE,1.0000,N/A
2026-09-05 21:02:12,1,UNNATURAL_GEOMETRIC_LINE,1.0000,N/A
2026-09-05 21:02:12,1,UNNATURAL_GEOMETRIC_LINE,1.0000,N/A
2026-09-05 21:02:14,1,UNNATURAL_GEOMETRIC_LINE,1.0000,N/A
2026-09-05 21:02:17,1,UNNATURAL_GEOMETRIC_LINE,1.0000,N/A
2026-09-05 21:02:18,1,UNNATURAL_GEOMETRIC_LINE,1.0000,N/A
2026-09-05 21:02:25,1,UNNATURAL_GEOMETRIC_LINE,1.0000,N/A
2026-09-05 21:02:25,1,UNNATURAL_GEOMETRIC_LINE,1.0000,N/A
2026-09-05 21:02:26,1,UNNATURAL_GEOMETRIC_LINE,1.0000,N/A
2026-09-05 21:02:28,1,UNNATURAL_GEOMETRIC_LINE,1.0000,N/A
2026-09-05 21:02:29,1,UNNATURAL_GEOMETRIC_LINE,1.0000,N/A
2026-09-05 21:02:30,1,UNNATURAL_GEOMETRIC_LINE,1.0000,N/A
2026-09-05 21:02:35,1,UNNATURAL_GEOMETRIC_LINE,1.0000,N/A
2026-09-05 21:02:36,1,UNNATURAL_GEOMETRIC_LINE,1.0000,N/A
2026-09-05 21:02:36,1,UNNATURAL_GEOMETRIC_LINE,1.0000,N/A
2026-09-05 21:02:38,1,UNNATURAL_GEOMETRIC_LINE,1.0000,N/A
2026-09-05 21:02:39,1,UNNATURAL_GEOMETRIC_LINE,1.0000,N/A
2026-09-05 21:02:39,1,UNNATURAL_GEOMETRIC_LINE,1.0000,N/A
2026-09-05 21:02:44,1,UNNATURAL_GEOMETRIC_LINE,1.0000,N/A
2026-09-05 21:02:44,1,UNNATURAL_GEOMETRIC_LINE,1.0000,N/A
2026-09-05 21:02:51,1,UNNATURAL_GEOMETRIC_LINE,1.0000,N/A
2026-09-05 21:02:53,1,UNNATURAL_GEOMETRIC_LINE,1.0000,N/A
2026-09-05 21:02:53,1,UNNATURAL_GEOMETRIC_LINE,1.0000,N/A
2026-09-05 21:02:55,1,UNNATURAL_GEOMETRIC_LINE,1.0000,N/A
2026-09-05 21:02:57,1,UNNATURAL_GEOMETRIC_LINE,1.0000,N/A
2026-09-05 21:02:57,1,UNNATURAL_GEOMETRIC_LINE,1.0000,N/A
2026-09-05 21:03:01,1,UNNATURAL_GEOMETRIC_LINE,1.0000,N/A
2026-09-05 21:03:03,1,UNNATURAL_GEOMETRIC_LINE,1.0000,N/A
2026-09-05 21:03:03,1,UNNATURAL_GEOMETRIC_LINE,1.0000,N/A
2026-09-05 21:03:04,1,UNNATURAL_GEOMETRIC_LINE,1.0000,N/A
2026-09-05 21:03:06,1,UNNATURAL_GEOMETRIC_LINE,1.0000,N/A
2026-09-05 21:03:07,1,UNNATURAL_GEOMETRIC_LINE,1.0000,N/A
2026-09-05 21:03:19,1,UNNATURAL_GEOMETRIC_LINE,1.0000,N/A
2026-09-05 21:03:24,1,UNNATURAL_GEOMETRIC_LINE,1.0000,N/A
2026-09-05 21:03:26,1,UNNATURAL_GEOMETRIC_LINE,1.0000,N/A
2026-09-05 21:03:27,1,UNNATURAL_GEOMETRIC_LINE,1.0000,N/A
2026-09-05 21:03:28,1,UNNATURAL_GEOMETRIC_LINE,1.0000,N/A
2026-09-05 21:03:30,1,UNNATURAL_GEOMETRIC_LINE,1.0000,N/A
2026-09-05 21:03:30,1,UNNATURAL_GEOMETRIC_LINE,1.0000,N/A
2026-09-05 21:03:34,1,UNNATURAL_GEOMETRIC_LINE,1.0000,N/A
2026-09-05 21:03:37,1,UNNATURAL_GEOMETRIC_LINE,1.0000,N/A
2026-09-05 21:03:38,1,UNNATURAL_GEOMETRIC_LINE,1.0000,N/A
2026-09-05 21:03:42,1,UNNATURAL_GEOMETRIC_LINE,1.0000,N/A
2026-09-05 21:03:43,1,UNNATURAL_GEOMETRIC_LINE,1.0000,N/A
2026-09-05 21:03:43,1,MECHANICAL_LOCK_NO_TREMOR,1.0000,N/A
2026-09-05 21:03:48,1,UNNATURAL_GEOMETRIC_LINE,1.0000,N/A
2026-09-05 21:03:49,1,UNNATURAL_GEOMETRIC_LINE,1.0000,N/A
2026-09-05 21:03:49,1,UNNATURAL_GEOMETRIC_LINE,1.0000,N/A
2026-09-05 21:03:51,1,UNNATURAL_GEOMETRIC_LINE,1.0000,N/A
2026-09-05 21:03:52,1,UNNATURAL_GEOMETRIC_LINE,1.0000,N/A
2026-09-05 21:03:53,1,UNNATURAL_GEOMETRIC_LINE,1.0000,N/A
2026-09-05 21:03:57,1,UNNATURAL_GEOMETRIC_LINE,1.0000,N/A
2026-09-05 21:03:57,1,UNNATURAL_GEOMETRIC_LINE,1.0000,N/A
2026-09-05 21:04:05,1,UNNATURAL_GEOMETRIC_LINE,1.0000,N/A
2026-09-05 21:04:06,1,UNNATURAL_GEOMETRIC_LINE,1.0000,N/A
2026-09-05 21:04:07,1,UNNATURAL_GEOMETRIC_LINE,1.0000,N/A
2026-09-05 21:04:08,1,UNNATURAL_GEOMETRIC_LINE,1.0000,N/A
2026-09-05 21:04:11,1,UNNATURAL_GEOMETRIC_LINE,1.0000,N/A
2026-09-05 21:04:11,1,UNNATURAL_GEOMETRIC_LINE,1.0000,N/A
2026-09-05 21:04:13,1,UNNATURAL_GEOMETRIC_LINE,1.0000,N/A
2026-09-05 21:04:15,1,UNNATURAL_GEOMETRIC_LINE,1.0000,N/A
2026-09-05 21:04:19,1,UNNATURAL_GEOMETRIC_LINE,1.0000,N/A
2026-09-05 21:04:19,1,UNNATURAL_GEOMETRIC_LINE,1.0000,N/A
2026-09-05 21:04:22,1,UNNATURAL_GEOMETRIC_LINE,1.0000,N/A
2026-09-05 21:04:26,1,UNNATURAL_GEOMETRIC_LINE,1.0000,N/A
2026-09-05 21:04:27,1,UNNATURAL_GEOMETRIC_LINE,1.0000,N/A
2026-09-05 21:04:29,1,UNNATURAL_GEOMETRIC_LINE,1.0000,N/A
2026-09-05 21:04:33,1,UNNATURAL_GEOMETRIC_LINE,1.0000,N/A
2026-09-05 21:04:33,1,UNNATURAL_GEOMETRIC_LINE,1.0000,N/A
2026-09-05 21:04:34,1,UNNATURAL_GEOMETRIC_LINE,1.0000,N/A
2026-09-05 21:04:35,1,UNNATURAL_GEOMETRIC_LINE,1.0000,N/A
2026-09-05 21:04:36,1,UNNATURAL_GEOMETRIC_LINE,1.0000,N/A
2026-09-05 21:04:37,1,UNNATURAL_GEOMETRIC_LINE,1.0000,N/A
2026-09-05 21:04:39,1,UNNATURAL_GEOMETRIC_LINE,1.0000,N/A
2026-09-05 21:04:40,1,UNNATURAL_GEOMETRIC_LINE,1.0000,N/A
2026-09-05 21:04:40,1,MECHANICAL_LOCK_NO_TREMOR,1.0000,N/A
2026-09-05 21:04:42,1,UNNATURAL_GEOMETRIC_LINE,1.0000,N/A
2026-09-05 21:04:42,1,UNNATURAL_GEOMETRIC_LINE,1.0000,N/A
2026-09-05 21:04:46,1,UNNATURAL_GEOMETRIC_LINE,1.0000,N/A
2026-09-05 21:04:49,1,UNNATURAL_GEOMETRIC_LINE,1.0000,N/A
2026-09-05 21:04:53,1,UNNATURAL_GEOMETRIC_LINE,1.0000,N/A
2026-09-05 21:04:54,1,UNNATURAL_GEOMETRIC_LINE,1.0000,N/A
2026-09-05 21:04:55,1,UNNATURAL_GEOMETRIC_LINE,1.0000,N/A
2026-09-05 21:04:56,1,UNNATURAL_GEOMETRIC_LINE,1.0000,N/A
2026-09-05 21:04:56,1,MECHANICAL_LOCK_NO_TREMOR,1.0000,N/A
2026-09-05 21:04:58,1,UNNATURAL_GEOMETRIC_LINE,1.0000,N/A
2026-09-05 21:04:59,1,UNNATURAL_GEOMETRIC_LINE,1.0000,N/A
2026-09-05 21:05:00,1,UNNATURAL_GEOMETRIC_LINE,1.0000,N/A
2026-09-05 21:05:03,1,UNNATURAL_GEOMETRIC_LINE,1.0000,N/A
2026-09-05 21:05:06,1,UNNATURAL_GEOMETRIC_LINE,1.0000,N/A
2026-09-05 21:05:08,1,UNNATURAL_GEOMETRIC_LINE,1.0000,N/A
2026-09-05 21:05:09,1,UNNATURAL_GEOMETRIC_LINE,1.0000,N/A
2026-09-05 21:05:10,1,UNNATURAL_GEOMETRIC_LINE,1.0000,N/A
2026-09-05 21:05:13,1,UNNATURAL_GEOMETRIC_LINE,1.0000,N/A
2026-09-05 21:05:15,1,UNNATURAL_GEOMETRIC_LINE,1.0000,N/A
2026-09-05 21:05:17,1,UNNATURAL_GEOMETRIC_LINE,1.0000,N/A
2026-09-05 21:05:17,1,UNNATURAL_GEOMETRIC_LINE,1.0000,N/A
2026-09-05 21:05:19,1,UNNATURAL_GEOMETRIC_LINE,1.0000,N/A
2026-09-05 21:05:21,1,UNNATURAL_GEOMETRIC_LINE,1.0000,N/A
2026-09-05 21:05:22,1,UNNATURAL_GEOMETRIC_LINE,1.0000,N/A
2026-09-05 21:05:23,1,UNNATURAL_GEOMETRIC_LINE,1.0000,N/A
2026-09-05 21:05:25,1,UNNATURAL_GEOMETRIC_LINE,1.0000,N/A
2026-09-05 21:05:26,1,UNNATURAL_GEOMETRIC_LINE,1.0000,N/A
2026-09-05 21:05:26,1,MECHANICAL_LOCK_NO_TREMOR,1.0000,N/A
2026-09-05 21:05:28,1,UNNATURAL_GEOMETRIC_LINE,1.0000,N/A
2026-09-05 21:05:29,1,UNNATURAL_GEOMETRIC_LINE,1.0000,N/A
2026-09-05 21:05:31,1,UNNATURAL_GEOMETRIC_LINE,1.0000,N/A
2026-09-05 21:05:33,1,UNNATURAL_GEOMETRIC_LINE,1.0000,N/A
2026-09-05 21:05:34,1,UNNATURAL_GEOMETRIC_LINE,1.0000,N/A
2026-09-05 21:05:38,1,UNNATURAL_GEOMETRIC_LINE,1.0000,N/A
2026-09-05 21:05:40,1,UNNATURAL_GEOMETRIC_LINE,1.0000,N/A
2026-09-05 21:05:40,1,UNNATURAL_GEOMETRIC_LINE,1.0000,N/A
2026-09-05 21:05:41,1,UNNATURAL_GEOMETRIC_LINE,1.0000,N/A
2026-09-05 21:05:43,1,UNNATURAL_GEOMETRIC_LINE,1.0000,N/A
2026-09-05 21:05:43,1,UNNATURAL_GEOMETRIC_LINE,1.0000,N/A
2026-09-05 21:05:45,1,UNNATURAL_GEOMETRIC_LINE,1.0000,N/A
2026-09-05 21:05:48,1,UNNATURAL_GEOMETRIC_LINE,1.0000,N/A
2026-09-05 21:05:50,1,UNNATURAL_GEOMETRIC_LINE,1.0000,N/A
2026-09-05 21:05:50,1,UNNATURAL_GEOMETRIC_LINE,1.0000,N/A
2026-09-05 21:05:52,1,UNNATURAL_GEOMETRIC_LINE,1.0000,N/A
2026-09-05 21:05:58,1,UNNATURAL_GEOMETRIC_LINE,1.0000,N/A
2026-09-05 21:05:58,1,UNNATURAL_GEOMETRIC_LINE,1.0000,N/A
2026-09-05 21:06:03,1,UNNATURAL_GEOMETRIC_LINE,1.0000,N/A
2026-09-05 21:06:06,1,UNNATURAL_GEOMETRIC_LINE,1.0000,N/A
2026-09-05 21:06:09,1,UNNATURAL_GEOMETRIC_LINE,1.0000,N/A
2026-09-05 21:06:11,1,UNNATURAL_GEOMETRIC_LINE,1.0000,N/A
2026-09-05 21:06:12,1,UNNATURAL_GEOMETRIC_LINE,1.0000,N/A
2026-09-05 21:06:13,1,UNNATURAL_GEOMETRIC_LINE,1.0000,N/A
2026-09-05 21:06:19,1,UNNATURAL_GEOMETRIC_LINE,1.0000,N/A
2026-09-05 21:06:24,1,UNNATURAL_GEOMETRIC_LINE,1.0000,N/A
2026-09-05 21:06:28,1,UNNATURAL_GEOMETRIC_LINE,1.0000,N/A
2026-09-05 21:06:28,1,UNNATURAL_GEOMETRIC_LINE,1.0000,N/A
2026-09-05 21:06:39,1,UNNATURAL_GEOMETRIC_LINE,1.0000,N/A
2026-09-05 21:06:42,1,UNNATURAL_GEOMETRIC_LINE,1.0000,N/A
2026-09-05 21:06:44,1,UNNATURAL_GEOMETRIC_LINE,1.0000,N/A
2026-09-05 21:06:46,1,UNNATURAL_GEOMETRIC_LINE,1.0000,N/A
2026-09-05 21:06:47,1,UNNATURAL_GEOMETRIC_LINE,1.0000,N/A
2026-09-05 21:06:50,1,UNNATURAL_GEOMETRIC_LINE,1.0000,N/A
2026-09-05 21:06:53,1,UNNATURAL_GEOMETRIC_LINE,1.0000,N/A
2026-09-05 21:06:53,1,UNNATURAL_GEOMETRIC_LINE,1.0000,N/A
2026-09-05 21:06:55,1,UNNATURAL_GEOMETRIC_LINE,1.0000,N/A
2026-09-05 21:06:57,1,UNNATURAL_GEOMETRIC_LINE,1.0000,N/A
2026-09-05 21:06:58,1,UNNATURAL_GEOMETRIC_LINE,1.0000,N/A
2026-09-05 21:07:01,1,UNNATURAL_GEOMETRIC_LINE,1.0000,N/A
2026-09-05 21:07:03,1,UNNATURAL_GEOMETRIC_LINE,1.0000,N/A
2026-09-05 21:07:03,1,UNNATURAL_GEOMETRIC_LINE,1.0000,N/A
2026-09-05 21:07:06,1,UNNATURAL_GEOMETRIC_LINE,1.0000,N/A
2026-09-05 21:07:10,1,UNNATURAL_GEOMETRIC_LINE,1.0000,N/A
2026-09-05 21:07:12,1,UNNATURAL_GEOMETRIC_LINE,1.0000,N/A
2026-09-05 21:07:12,1,UNNATURAL_GEOMETRIC_LINE,1.0000,N/A
2026-09-05 21:07:20,1,UNNATURAL_GEOMETRIC_LINE,1.0000,N/A
2026-09-05 21:07:22,1,UNNATURAL_GEOMETRIC_LINE,1.0000,N/A
2026-09-05 21:07:23,1,UNNATURAL_GEOMETRIC_LINE,1.0000,N/A
2026-09-05 21:07:33,1,UNNATURAL_GEOMETRIC_LINE,1.0000,N/A
2026-09-05 21:07:35,1,UNNATURAL_GEOMETRIC_LINE,1.0000,N/A
2026-09-05 21:07:35,1,UNNATURAL_GEOMETRIC_LINE,1.0000,N/A
2026-09-05 21:07:38,1,UNNATURAL_GEOMETRIC_LINE,1.0000,N/A
2026-09-05 21:07:41,1,UNNATURAL_GEOMETRIC_LINE,1.0000,N/A
2026-09-05 21:07:42,1,UNNATURAL_GEOMETRIC_LINE,1.0000,N/A
2026-09-05 21:07:43,1,UNNATURAL_GEOMETRIC_LINE,1.0000,N/A
2026-09-05 21:07:49,1,UNNATURAL_GEOMETRIC_LINE,1.0000,N/A
2026-09-05 21:07:50,1,UNNATURAL_GEOMETRIC_LINE,1.0000,N/A
2026-09-05 21:07:53,1,UNNATURAL_GEOMETRIC_LINE,1.0000,N/A
2026-09-05 21:07:55,1,UNNATURAL_GEOMETRIC_LINE,1.0000,N/A
2026-09-05 21:07:56,1,UNNATURAL_GEOMETRIC_LINE,1.0000,N/A
2026-09-05 21:07:56,1,MECHANICAL_LOCK_NO_TREMOR,1.0000,N/A
2026-09-05 21:07:58,1,UNNATURAL_GEOMETRIC_LINE,1.0000,N/A
2026-09-05 21:07:59,1,UNNATURAL_GEOMETRIC_LINE,1.0000,N/A
2026-09-05 21:08:04,1,UNNATURAL_GEOMETRIC_LINE,1.0000,N/A
2026-09-05 21:08:06,1,UNNATURAL_GEOMETRIC_LINE,1.0000,N/A
2026-09-05 21:08:07,1,UNNATURAL_GEOMETRIC_LINE,1.0000,N/A
2026-09-05 21:08:08,1,UNNATURAL_GEOMETRIC_LINE,1.0000,N/A
2026-09-05 21:08:18,1,UNNATURAL_GEOMETRIC_LINE,1.0000,N/A
2026-09-05 21:08:21,1,UNNATURAL_GEOMETRIC_LINE,1.0000,N/A
2026-09-05 21:08:26,1,UNNATURAL_GEOMETRIC_LINE,1.0000,N/A
2026-09-05 21:08:27,1,UNNATURAL_GEOMETRIC_LINE,1.0000,N/A
2026-09-05 21:08:30,1,UNNATURAL_GEOMETRIC_LINE,1.0000,N/A
2026-09-05 21:08:32,1,UNNATURAL_GEOMETRIC_LINE,1.0000,N/A
2026-09-05 21:08:32,1,UNNATURAL_GEOMETRIC_LINE,1.0000,N/A
2026-09-05 21:08:33,1,UNNATURAL_GEOMETRIC_LINE,1.0000,N/A
2026-09-05 21:08:37,1,UNNATURAL_GEOMETRIC_LINE,1.0000,N/A
2026-09-05 21:08:38,1,UNNATURAL_GEOMETRIC_LINE,1.0000,N/A
2026-09-05 21:08:40,1,UNNATURAL_GEOMETRIC_LINE,1.0000,N/A
2026-09-05 21:08:43,1,UNNATURAL_GEOMETRIC_LINE,1.0000,N/A
2026-09-05 21:08:43,1,UNNATURAL_GEOMETRIC_LINE,1.0000,N/A
2026-09-05 21:08:45,1,UNNATURAL_GEOMETRIC_LINE,1.0000,N/A
2026-09-05 21:08:48,1,UNNATURAL_GEOMETRIC_LINE,1.0000,N/A
2026-09-05 21:08:49,1,UNNATURAL_GEOMETRIC_LINE,1.0000,N/A
2026-09-05 21:08:52,1,UNNATURAL_GEOMETRIC_LINE,1.0000,N/A
2026-09-05 21:08:54,1,UNNATURAL_GEOMETRIC_LINE,1.0000,N/A
2026-09-05 21:08:54,1,UNNATURAL_GEOMETRIC_LINE,1.0000,N/A
2026-09-05 21:08:55,1,UNNATURAL_GEOMETRIC_LINE,1.0000,N/A
2026-09-05 21:08:58,1,UNNATURAL_GEOMETRIC_LINE,1.0000,N/A
2026-09-05 21:08:59,1,UNNATURAL_GEOMETRIC_LINE,1.0000,N/A
2026-09-05 21:09:03,1,UNNATURAL_GEOMETRIC_LINE,1.0000,N/A
2026-09-05 21:09:12,1,UNNATURAL_GEOMETRIC_LINE,1.0000,N/A
2026-09-05 21:09:13,1,UNNATURAL_GEOMETRIC_LINE,1.0000,N/A
2026-09-05 21:09:14,1,UNNATURAL_GEOMETRIC_LINE,1.0000,N/A
2026-09-05 21:09:18,1,UNNATURAL_GEOMETRIC_LINE,1.0000,N/A
2026-09-05 21:09:20,1,UNNATURAL_GEOMETRIC_LINE,1.0000,N/A
2026-09-05 21:09:20,1,UNNATURAL_GEOMETRIC_LINE,1.0000,N/A
2026-09-05 21:09:22,1,UNNATURAL_GEOMETRIC_LINE,1.0000,N/A
2026-09-05 21:09:24,1,UNNATURAL_GEOMETRIC_LINE,1.0000,N/A
2026-09-05 21:09:24,1,UNNATURAL_GEOMETRIC_LINE,1.0000,N/A
2026-09-05 21:09:27,1,UNNATURAL_GEOMETRIC_LINE,1.0000,N/A
2026-09-05 21:09:29,1,UNNATURAL_GEOMETRIC_LINE,1.0000,N/A
2026-09-05 21:09:29,1,UNNATURAL_GEOMETRIC_LINE,1.0000,N/A
2026-09-05 21:09:30,1,MECHANICAL_LOCK_NO_TREMOR,1.0000,N/A
2026-09-05 21:09:32,1,UNNATURAL_GEOMETRIC_LINE,1.0000,N/A
2026-09-05 21:09:32,1,UNNATURAL_GEOMETRIC_LINE,1.0000,N/A
2026-09-05 21:09:33,1,UNNATURAL_GEOMETRIC_LINE,1.0000,N/A
2026-09-05 21:09:37,1,UNNATURAL_GEOMETRIC_LINE,1.0000,N/A
2026-09-05 21:09:41,1,UNNATURAL_GEOMETRIC_LINE,1.0000,N/A
2026-09-05 21:09:41,1,UNNATURAL_GEOMETRIC_LINE,1.0000,N/A
2026-09-05 21:09:46,1,UNNATURAL_GEOMETRIC_LINE,1.0000,N/A
2026-09-05 21:09:48,1,UNNATURAL_GEOMETRIC_LINE,1.0000,N/A
2026-09-05 21:09:48,1,UNNATURAL_GEOMETRIC_LINE,1.0000,N/A
2026-09-05 21:09:52,1,UNNATURAL_GEOMETRIC_LINE,1.0000,N/A
2026-09-05 21:09:55,1,UNNATURAL_GEOMETRIC_LINE,1.0000,N/A
2026-09-05 21:09:56,1,UNNATURAL_GEOMETRIC_LINE,1.0000,N/A
2026-09-05 21:09:57,1,UNNATURAL_GEOMETRIC_LINE,1.0000,N/A
2026-09-05 21:09:59,1,UNNATURAL_GEOMETRIC_LINE,1.0000,N/A
2026-09-05 21:09:59,1,UNNATURAL_GEOMETRIC_LINE,1.0000,N/A
2026-09-05 21:10:01,1,UNNATURAL_GEOMETRIC_LINE,1.0000,N/A
2026-09-05 21:10:02,1,UNNATURAL_GEOMETRIC_LINE,1.0000,N/A
2026-09-05 21:10:03,1,UNNATURAL_GEOMETRIC_LINE,1.0000,N/A
2026-09-05 21:10:04,1,UNNATURAL_GEOMETRIC_LINE,1.0000,N/A
2026-09-05 21:10:06,1,UNNATURAL_GEOMETRIC_LINE,1.0000,N/A
2026-09-05 21:10:06,1,UNNATURAL_GEOMETRIC_LINE,1.0000,N/A
2026-09-05 21:10:10,1,UNNATURAL_GEOMETRIC_LINE,1.0000,N/A
2026-09-05 21:10:12,1,UNNATURAL_GEOMETRIC_LINE,1.0000,N/A
2026-09-05 21:10:12,1,UNNATURAL_GEOMETRIC_LINE,1.0000,N/A
2026-09-05 21:10:15,1,UNNATURAL_GEOMETRIC_LINE,1.0000,N/A
2026-09-05 21:10:18,1,UNNATURAL_GEOMETRIC_LINE,1.0000,N/A
2026-09-05 21:10:19,1,UNNATURAL_GEOMETRIC_LINE,1.0000,N/A
2026-09-05 21:10:21,1,UNNATURAL_GEOMETRIC_LINE,1.0000,N/A
2026-09-05 21:10:23,1,UNNATURAL_GEOMETRIC_LINE,1.0000,N/A
2026-09-05 21:10:29,1,UNNATURAL_GEOMETRIC_LINE,1.0000,N/A
2026-09-05 21:10:29,1,UNNATURAL_GEOMETRIC_LINE,1.0000,N/A
2026-09-05 21:10:31,1,UNNATURAL_GEOMETRIC_LINE,1.0000,N/A
2026-09-05 21:10:33,1,UNNATURAL_GEOMETRIC_LINE,1.0000,N/A
2026-09-05 21:10:33,1,UNNATURAL_GEOMETRIC_LINE,1.0000,N/A
2026-09-05 21:10:36,1,UNNATURAL_GEOMETRIC_LINE,1.0000,N/A
2026-09-05 21:10:42,1,UNNATURAL_GEOMETRIC_LINE,1.0000,N/A
2026-09-05 21:10:42,1,UNNATURAL_GEOMETRIC_LINE,1.0000,N/A
2026-09-05 21:10:46,1,UNNATURAL_GEOMETRIC_LINE,1.0000,N/A
2026-09-05 21:10:49,1,UNNATURAL_GEOMETRIC_LINE,1.0000,N/A
2026-09-05 21:10:49,1,UNNATURAL_GEOMETRIC_LINE,1.0000,N/A
2026-09-05 21:10:51,1,UNNATURAL_GEOMETRIC_LINE,1.0000,N/A
2026-09-05 21:10:58,1,UNNATURAL_GEOMETRIC_LINE,1.0000,N/A
2026-09-05 21:10:59,1,UNNATURAL_GEOMETRIC_LINE,1.0000,N/A
2026-09-05 21:11:00,1,UNNATURAL_GEOMETRIC_LINE,1.0000,N/A
2026-09-05 21:11:02,1,UNNATURAL_GEOMETRIC_LINE,1.0000,N/A
2026-09-05 21:11:02,1,UNNATURAL_GEOMETRIC_LINE,1.0000,N/A
2026-09-05 21:11:05,1,UNNATURAL_GEOMETRIC_LINE,1.0000,N/A
2026-09-05 21:11:07,1,UNNATURAL_GEOMETRIC_LINE,1.0000,N/A
2026-09-05 21:11:08,1,UNNATURAL_GEOMETRIC_LINE,1.0000,N/A
2026-09-05 21:11:11,1,UNNATURAL_GEOMETRIC_LINE,1.0000,N/A
2026-09-05 21:11:13,1,UNNATURAL_GEOMETRIC_LINE,1.0000,N/A
2026-09-05 21:11:14,1,UNNATURAL_GEOMETRIC_LINE,1.0000,N/A
2026-09-05 21:11:20,1,UNNATURAL_GEOMETRIC_LINE,1.0000,N/A
2026-09-05 21:11:22,1,UNNATURAL_GEOMETRIC_LINE,1.0000,N/A
2026-09-05 21:11:22,1,UNNATURAL_GEOMETRIC_LINE,1.0000,N/A
2026-09-05 21:11:24,1,UNNATURAL_GEOMETRIC_LINE,1.0000,N/A
2026-09-05 21:11:26,1,UNNATURAL_GEOMETRIC_LINE,1.0000,N/A
2026-09-05 21:11:26,1,UNNATURAL_GEOMETRIC_LINE,1.0000,N/A
2026-09-05 21:11:28,1,UNNATURAL_GEOMETRIC_LINE,1.0000,N/A
2026-09-05 21:11:30,1,UNNATURAL_GEOMETRIC_LINE,1.0000,N/A
2026-09-05 21:11:31,1,UNNATURAL_GEOMETRIC_LINE,1.0000,N/A
2026-09-05 21:11:35,1,UNNATURAL_GEOMETRIC_LINE,1.0000,N/A
2026-09-05 21:11:37,1,UNNATURAL_GEOMETRIC_LINE,1.0000,N/A
2026-09-05 21:11:37,1,UNNATURAL_GEOMETRIC_LINE,1.0000,N/A
2026-09-05 21:11:42,1,UNNATURAL_GEOMETRIC_LINE,1.0000,N/A
2026-09-05 21:11:45,1,UNNATURAL_GEOMETRIC_LINE,1.0000,N/A
2026-09-05 21:11:45,1,UNNATURAL_GEOMETRIC_LINE,1.0000,N/A
2026-09-05 21:11:47,1,UNNATURAL_GEOMETRIC_LINE,1.0000,N/A
2026-09-05 21:11:48,1,UNNATURAL_GEOMETRIC_LINE,1.0000,N/A
2026-09-05 21:11:51,1,UNNATURAL_GEOMETRIC_LINE,1.0000,N/A
2026-09-05 21:11:54,1,UNNATURAL_GEOMETRIC_LINE,1.0000,N/A
2026-09-05 21:11:57,1,UNNATURAL_GEOMETRIC_LINE,1.0000,N/A
2026-09-05 21:12:02,1,UNNATURAL_GEOMETRIC_LINE,1.0000,N/A
2026-09-05 21:12:09,1,UNNATURAL_GEOMETRIC_LINE,1.0000,N/A
2026-09-05 21:12:11,1,UNNATURAL_GEOMETRIC_LINE,1.0000,N/A
2026-09-05 21:12:12,1,UNNATURAL_GEOMETRIC_LINE,1.0000,N/A
2026-09-05 21:12:12,1,MECHANICAL_LOCK_NO_TREMOR,1.0000,N/A
2026-09-05 21:12:14,1,UNNATURAL_GEOMETRIC_LINE,1.0000,N/A
2026-09-05 21:12:15,1,UNNATURAL_GEOMETRIC_LINE,1.0000,N/A
2026-09-05 21:12:19,1,UNNATURAL_GEOMETRIC_LINE,1.0000,N/A
2026-09-05 21:12:21,1,UNNATURAL_GEOMETRIC_LINE,1.0000,N/A
2026-09-05 21:12:21,1,UNNATURAL_GEOMETRIC_LINE,1.0000,N/A
2026-09-05 21:12:22,1,MECHANICAL_LOCK_NO_TREMOR,1.0000,N/A
2026-09-05 21:12:25,1,UNNATURAL_GEOMETRIC_LINE,1.0000,N/A
2026-09-05 21:12:29,1,UNNATURAL_GEOMETRIC_LINE,1.0000,N/A
2026-09-05 21:12:33,1,UNNATURAL_GEOMETRIC_LINE,1.0000,N/A
2026-09-05 21:12:33,1,UNNATURAL_GEOMETRIC_LINE,1.0000,N/A
2026-09-05 21:12:36,1,UNNATURAL_GEOMETRIC_LINE,1.0000,N/A
2026-09-05 21:12:38,1,UNNATURAL_GEOMETRIC_LINE,1.0000,N/A
2026-09-05 21:12:39,1,UNNATURAL_GEOMETRIC_LINE,1.0000,N/A
2026-09-05 21:12:40,1,UNNATURAL_GEOMETRIC_LINE,1.0000,N/A
2026-09-05 21:12:43,1,UNNATURAL_GEOMETRIC_LINE,1.0000,N/A
2026-09-05 21:12:44,1,UNNATURAL_GEOMETRIC_LINE,1.0000,N/A
2026-09-05 21:12:44,1,MECHANICAL_LOCK_NO_TREMOR,1.0000,N/A
2026-09-05 21:12:46,1,UNNATURAL_GEOMETRIC_LINE,1.0000,N/A
2026-09-05 21:12:47,1,UNNATURAL_GEOMETRIC_LINE,1.0000,N/A
2026-09-05 21:12:58,1,UNNATURAL_GEOMETRIC_LINE,1.0000,N/A
2026-09-05 21:13:00,1,UNNATURAL_GEOMETRIC_LINE,1.0000,N/A
2026-09-05 21:13:01,1,UNNATURAL_GEOMETRIC_LINE,1.0000,N/A
2026-09-05 21:13:16,1,UNNATURAL_GEOMETRIC_LINE,1.0000,N/A
2026-09-05 21:13:18,1,UNNATURAL_GEOMETRIC_LINE,1.0000,N/A
2026-09-05 21:13:18,1,UNNATURAL_GEOMETRIC_LINE,1.0000,N/A
2026-09-05 21:13:22,1,UNNATURAL_GEOMETRIC_LINE,1.0000,N/A
2026-09-05 21:13:25,1,UNNATURAL_GEOMETRIC_LINE,1.0000,N/A
2026-09-05 21:13:25,1,UNNATURAL_GEOMETRIC_LINE,1.0000,N/A
2026-09-05 21:13:27,1,UNNATURAL_GEOMETRIC_LINE,1.0000,N/A
2026-09-05 21:13:29,1,UNNATURAL_GEOMETRIC_LINE,1.0000,N/A
2026-09-05 21:13:30,1,UNNATURAL_GEOMETRIC_LINE,1.0000,N/A
2026-09-05 21:13:30,1,UNNATURAL_GEOMETRIC_LINE,1.0000,N/A
2026-09-05 21:13:32,1,UNNATURAL_GEOMETRIC_LINE,1.0000,N/A
2026-09-05 21:13:33,1,UNNATURAL_GEOMETRIC_LINE,1.0000,N/A
2026-09-05 21:13:34,1,UNNATURAL_GEOMETRIC_LINE,1.0000,N/A
2026-09-05 21:13:37,1,UNNATURAL_GEOMETRIC_LINE,1.0000,N/A
2026-09-05 21:13:38,1,UNNATURAL_GEOMETRIC_LINE,1.0000,N/A
2026-09-05 21:13:44,1,UNNATURAL_GEOMETRIC_LINE,1.0000,N/A
2026-09-05 21:13:46,1,UNNATURAL_GEOMETRIC_LINE,1.0000,N/A
2026-09-05 21:13:48,1,UNNATURAL_GEOMETRIC_LINE,1.0000,N/A
2026-09-05 21:13:48,1,UNNATURAL_GEOMETRIC_LINE,1.0000,N/A
2026-09-05 21:13:49,1,UNNATURAL_GEOMETRIC_LINE,1.0000,N/A
2026-09-05 21:13:51,1,UNNATURAL_GEOMETRIC_LINE,1.0000,N/A
2026-09-05 21:13:51,1,UNNATURAL_GEOMETRIC_LINE,1.0000,N/A
2026-09-05 21:13:53,1,UNNATURAL_GEOMETRIC_LINE,1.0000,N/A
2026-09-05 21:13:58,1,UNNATURAL_GEOMETRIC_LINE,1.0000,N/A
2026-09-05 21:13:58,1,UNNATURAL_GEOMETRIC_LINE,1.0000,N/A
2026-09-05 21:14:00,1,UNNATURAL_GEOMETRIC_LINE,1.0000,N/A
2026-09-05 21:14:02,1,UNNATURAL_GEOMETRIC_LINE,1.0000,N/A
2026-09-05 21:14:02,1,UNNATURAL_GEOMETRIC_LINE,1.0000,N/A
2026-09-05 21:14:04,1,UNNATURAL_GEOMETRIC_LINE,1.0000,N/A
2026-09-05 21:14:07,1,UNNATURAL_GEOMETRIC_LINE,1.0000,N/A
2026-09-05 21:14:08,1,UNNATURAL_GEOMETRIC_LINE,1.0000,N/A
2026-09-05 21:14:09,1,UNNATURAL_GEOMETRIC_LINE,1.0000,N/A
2026-09-05 21:14:10,1,UNNATURAL_GEOMETRIC_LINE,1.0000,N/A
2026-09-05 21:14:11,1,UNNATURAL_GEOMETRIC_LINE,1.0000,N/A
2026-09-05 21:14:11,1,MECHANICAL_LOCK_NO_TREMOR,1.0000,N/A
2026-09-05 21:14:16,1,UNNATURAL_GEOMETRIC_LINE,1.0000,N/A
2026-09-05 21:14:16,1,UNNATURAL_GEOMETRIC_LINE,1.0000,N/A
2026-09-05 21:14:18,1,UNNATURAL_GEOMETRIC_LINE,1.0000,N/A
2026-09-05 21:14:20,1,UNNATURAL_GEOMETRIC_LINE,1.0000,N/A
2026-09-05 21:14:20,1,UNNATURAL_GEOMETRIC_LINE,1.0000,N/A
2026-09-05 21:14:21,1,UNNATURAL_GEOMETRIC_LINE,1.0000,N/A
2026-09-05 21:14:26,1,UNNATURAL_GEOMETRIC_LINE,1.0000,N/A
2026-09-05 21:14:27,1,UNNATURAL_GEOMETRIC_LINE,1.0000,N/A
2026-09-05 21:14:33,1,UNNATURAL_GEOMETRIC_LINE,1.0000,N/A
2026-09-05 21:14:35,1,UNNATURAL_GEOMETRIC_LINE,1.0000,N/A
2026-09-05 21:14:36,1,UNNATURAL_GEOMETRIC_LINE,1.0000,N/A
2026-09-05 21:14:38,1,UNNATURAL_GEOMETRIC_LINE,1.0000,N/A
2026-09-05 21:14:40,1,UNNATURAL_GEOMETRIC_LINE,1.0000,N/A
2026-09-05 21:14:41,1,UNNATURAL_GEOMETRIC_LINE,1.0000,N/A
2026-09-05 21:14:42,1,UNNATURAL_GEOMETRIC_LINE,1.0000,N/A
2026-09-05 21:14:44,1,UNNATURAL_GEOMETRIC_LINE,1.0000,N/A
2026-09-05 21:14:45,1,UNNATURAL_GEOMETRIC_LINE,1.0000,N/A
2026-09-05 21:14:51,1,UNNATURAL_GEOMETRIC_LINE,1.0000,N/A
2026-09-05 21:14:53,1,UNNATURAL_GEOMETRIC_LINE,1.0000,N/A
2026-09-05 21:14:55,1,UNNATURAL_GEOMETRIC_LINE,1.0000,N/A
2026-09-05 21:14:56,1,UNNATURAL_GEOMETRIC_LINE,1.0000,N/A
2026-09-05 21:15:02,1,UNNATURAL_GEOMETRIC_LINE,1.0000,N/A
2026-09-05 21:15:04,1,UNNATURAL_GEOMETRIC_LINE,1.0000,N/A
2026-09-05 21:15:05,1,UNNATURAL_GEOMETRIC_LINE,1.0000,N/A
2026-09-05 21:15:06,1,UNNATURAL_GEOMETRIC_LINE,1.0000,N/A
2026-09-05 21:15:08,1,UNNATURAL_GEOMETRIC_LINE,1.0000,N/A
2026-09-05 21:15:08,1,UNNATURAL_GEOMETRIC_LINE,1.0000,N/A
2026-09-05 21:15:18,1,UNNATURAL_GEOMETRIC_LINE,1.0000,N/A
2026-09-05 21:15:21,1,UNNATURAL_GEOMETRIC_LINE,1.0000,N/A
2026-09-05 21:15:22,1,UNNATURAL_GEOMETRIC_LINE,1.0000,N/A
2026-09-05 21:15:23,1,UNNATURAL_GEOMETRIC_LINE,1.0000,N/A
2026-09-05 21:15:25,1,UNNATURAL_GEOMETRIC_LINE,1.0000,N/A
2026-09-05 21:15:26,1,UNNATURAL_GEOMETRIC_LINE,1.0000,N/A
2026-09-05 21:15:33,1,UNNATURAL_GEOMETRIC_LINE,1.0000,N/A
2026-09-05 21:15:35,1,UNNATURAL_GEOMETRIC_LINE,1.0000,N/A
2026-09-05 21:15:35,1,UNNATURAL_GEOMETRIC_LINE,1.0000,N/A
2026-09-05 21:15:37,1,UNNATURAL_GEOMETRIC_LINE,1.0000,N/A
2026-09-05 21:15:40,1,UNNATURAL_GEOMETRIC_LINE,1.0000,N/A
2026-09-05 21:15:41,1,UNNATURAL_GEOMETRIC_LINE,1.0000,N/A
2026-09-05 21:15:41,1,MECHANICAL_LOCK_NO_TREMOR,1.0000,N/A
2026-09-05 21:15:44,1,UNNATURAL_GEOMETRIC_LINE,1.0000,N/A
2026-09-05 21:15:50,1,UNNATURAL_GEOMETRIC_LINE,1.0000,N/A
2026-09-05 21:15:50,1,UNNATURAL_GEOMETRIC_LINE,1.0000,N/A
2026-09-05 21:15:53,1,UNNATURAL_GEOMETRIC_LINE,1.0000,N/A
2026-09-05 21:15:55,1,UNNATURAL_GEOMETRIC_LINE,1.0000,N/A
2026-09-05 21:15:55,1,UNNATURAL_GEOMETRIC_LINE,1.0000,N/A
2026-09-05 21:15:58,1,UNNATURAL_GEOMETRIC_LINE,1.0000,N/A
2026-09-05 21:16:00,1,UNNATURAL_GEOMETRIC_LINE,1.0000,N/A
2026-09-05 21:16:00,1,UNNATURAL_GEOMETRIC_LINE,1.0000,N/A
2026-09-05 21:16:02,1,UNNATURAL_GEOMETRIC_LINE,1.0000,N/A
2026-09-05 21:16:05,1,UNNATURAL_GEOMETRIC_LINE,1.0000,N/A
2026-09-05 21:16:06,1,UNNATURAL_GEOMETRIC_LINE,1.0000,N/A
2026-09-05 21:16:14,1,UNNATURAL_GEOMETRIC_LINE,1.0000,N/A
2026-09-05 21:16:16,1,UNNATURAL_GEOMETRIC_LINE,1.0000,N/A
2026-09-05 21:16:17,1,UNNATURAL_GEOMETRIC_LINE,1.0000,N/A
2026-09-05 21:16:18,1,UNNATURAL_GEOMETRIC_LINE,1.0000,N/A
2026-09-05 21:16:20,1,UNNATURAL_GEOMETRIC_LINE,1.0000,N/A
2026-09-05 21:16:21,1,UNNATURAL_GEOMETRIC_LINE,1.0000,N/A
2026-09-05 21:16:21,1,UNNATURAL_GEOMETRIC_LINE,1.0000,N/A
2026-09-05 21:16:23,1,UNNATURAL_GEOMETRIC_LINE,1.0000,N/A
2026-09-05 21:16:24,1,UNNATURAL_GEOMETRIC_LINE,1.0000,N/A
2026-09-05 21:16:25,1,UNNATURAL_GEOMETRIC_LINE,1.0000,N/A
2026-09-05 21:16:27,1,UNNATURAL_GEOMETRIC_LINE,1.0000,N/A
2026-09-05 21:16:27,1,UNNATURAL_GEOMETRIC_LINE,1.0000,N/A
2026-09-05 21:16:30,1,UNNATURAL_GEOMETRIC_LINE,1.0000,N/A
2026-09-05 21:16:32,1,UNNATURAL_GEOMETRIC_LINE,1.0000,N/A
2026-09-05 21:16:37,1,UNNATURAL_GEOMETRIC_LINE,1.0000,N/A
2026-09-05 21:16:40,1,UNNATURAL_GEOMETRIC_LINE,1.0000,N/A
2026-09-05 21:16:40,1,UNNATURAL_GEOMETRIC_LINE,1.0000,N/A
2026-09-05 21:16:42,1,UNNATURAL_GEOMETRIC_LINE,1.0000,N/A
2026-09-05 21:16:44,1,UNNATURAL_GEOMETRIC_LINE,1.0000,N/A
2026-09-05 21:16:45,1,UNNATURAL_GEOMETRIC_LINE,1.0000,N/A
2026-09-05 21:16:47,1,UNNATURAL_GEOMETRIC_LINE,1.0000,N/A
2026-09-05 21:16:49,1,UNNATURAL_GEOMETRIC_LINE,1.0000,N/A
2026-09-05 21:16:49,1,UNNATURAL_GEOMETRIC_LINE,1.0000,N/A
2026-09-05 21:16:50,1,MECHANICAL_LOCK_NO_TREMOR,1.0000,N/A
2026-09-05 21:16:52,1,UNNATURAL_GEOMETRIC_LINE,1.0000,N/A
2026-09-05 21:16:52,1,UNNATURAL_GEOMETRIC_LINE,1.0000,N/A
2026-09-05 21:16:57,1,UNNATURAL_GEOMETRIC_LINE,1.0000,N/A
2026-09-05 21:17:01,1,UNNATURAL_GEOMETRIC_LINE,1.0000,N/A
2026-09-05 21:17:02,1,UNNATURAL_GEOMETRIC_LINE,1.0000,N/A
2026-09-05 21:17:04,1,UNNATURAL_GEOMETRIC_LINE,1.0000,N/A
2026-09-05 21:17:09,1,UNNATURAL_GEOMETRIC_LINE,1.0000,N/A
2026-09-05 21:17:10,1,UNNATURAL_GEOMETRIC_LINE,1.0000,N/A
2026-09-05 21:17:12,1,UNNATURAL_GEOMETRIC_LINE,1.0000,N/A
2026-09-05 21:17:12,1,UNNATURAL_GEOMETRIC_LINE,1.0000,N/A
2026-09-05 21:17:15,1,UNNATURAL_GEOMETRIC_LINE,1.0000,N/A
2026-09-05 21:17:18,1,UNNATURAL_GEOMETRIC_LINE,1.0000,N/A
2026-09-05 21:17:18,1,UNNATURAL_GEOMETRIC_LINE,1.0000,N/A
2026-09-05 21:17:22,1,UNNATURAL_GEOMETRIC_LINE,1.0000,N/A
2026-09-05 21:17:26,1,UNNATURAL_GEOMETRIC_LINE,1.0000,N/A
2026-09-05 21:17:26,1,UNNATURAL_GEOMETRIC_LINE,1.0000,N/A
2026-09-05 21:17:28,1,UNNATURAL_GEOMETRIC_LINE,1.0000,N/A
2026-09-05 21:17:30,1,UNNATURAL_GEOMETRIC_LINE,1.0000,N/A
2026-09-05 21:17:31,1,UNNATURAL_GEOMETRIC_LINE,1.0000,N/A
2026-09-05 21:17:32,1,UNNATURAL_GEOMETRIC_LINE,1.0000,N/A
2026-09-05 21:17:38,1,UNNATURAL_GEOMETRIC_LINE,1.0000,N/A
2026-09-05 21:17:42,1,UNNATURAL_GEOMETRIC_LINE,1.0000,N/A
2026-09-05 21:17:43,1,UNNATURAL_GEOMETRIC_LINE,1.0000,N/A
2026-09-05 21:17:45,1,UNNATURAL_GEOMETRIC_LINE,1.0000,N/A
2026-09-05 21:17:49,1,UNNATURAL_GEOMETRIC_LINE,1.0000,N/A
2026-09-05 21:17:50,1,UNNATURAL_GEOMETRIC_LINE,1.0000,N/A
2026-09-05 21:17:50,1,MECHANICAL_LOCK_NO_TREMOR,1.0000,N/A
2026-09-05 21:17:55,1,UNNATURAL_GEOMETRIC_LINE,1.0000,N/A
2026-09-05 21:17:58,1,UNNATURAL_GEOMETRIC_LINE,1.0000,N/A
2026-09-05 21:18:00,1,UNNATURAL_GEOMETRIC_LINE,1.0000,N/A
2026-09-05 21:18:00,1,UNNATURAL_GEOMETRIC_LINE,1.0000,N/A
2026-09-05 21:18:03,1,UNNATURAL_GEOMETRIC_LINE,1.0000,N/A
2026-09-05 21:18:06,1,UNNATURAL_GEOMETRIC_LINE,1.0000,N/A
2026-09-05 21:18:07,1,UNNATURAL_GEOMETRIC_LINE,1.0000,N/A
2026-09-05 21:18:15,1,UNNATURAL_GEOMETRIC_LINE,1.0000,N/A
2026-09-05 21:18:18,1,UNNATURAL_GEOMETRIC_LINE,1.0000,N/A
2026-09-05 21:18:19,1,UNNATURAL_GEOMETRIC_LINE,1.0000,N/A
2026-09-05 21:18:20,1,UNNATURAL_GEOMETRIC_LINE,1.0000,N/A
2026-09-05 21:18:21,1,UNNATURAL_GEOMETRIC_LINE,1.0000,N/A
2026-09-05 21:18:22,1,UNNATURAL_GEOMETRIC_LINE,1.0000,N/A
2026-09-05 21:18:24,1,UNNATURAL_GEOMETRIC_LINE,1.0000,N/A
2026-09-05 21:18:25,1,UNNATURAL_GEOMETRIC_LINE,1.0000,N/A
2026-09-05 21:18:26,1,UNNATURAL_GEOMETRIC_LINE,1.0000,N/A
2026-09-05 21:18:27,1,UNNATURAL_GEOMETRIC_LINE,1.0000,N/A
2026-09-05 21:18:33,1,UNNATURAL_GEOMETRIC_LINE,1.0000,N/A
2026-09-05 21:18:33,1,UNNATURAL_GEOMETRIC_LINE,1.0000,N/A
2026-09-05 21:18:36,1,UNNATURAL_GEOMETRIC_LINE,1.0000,N/A
2026-09-05 21:18:37,1,UNNATURAL_GEOMETRIC_LINE,1.0000,N/A
2026-09-05 21:18:48,1,UNNATURAL_GEOMETRIC_LINE,1.0000,N/A
2026-09-05 21:18:50,1,UNNATURAL_GEOMETRIC_LINE,1.0000,N/A
2026-09-05 21:18:50,1,UNNATURAL_GEOMETRIC_LINE,1.0000,N/A
2026-09-05 21:18:55,1,UNNATURAL_GEOMETRIC_LINE,1.0000,N/A
2026-09-05 21:18:59,1,UNNATURAL_GEOMETRIC_LINE,1.0000,N/A
2026-09-05 21:19:07,1,UNNATURAL_GEOMETRIC_LINE,1.0000,N/A
2026-09-05 21:19:08,1,UNNATURAL_GEOMETRIC_LINE,1.0000,N/A
2026-09-05 21:19:09,1,UNNATURAL_GEOMETRIC_LINE,1.0000,N/A
2026-09-05 21:19:13,1,UNNATURAL_GEOMETRIC_LINE,1.0000,N/A
2026-09-05 21:19:13,1,UNNATURAL_GEOMETRIC_LINE,1.0000,N/A
2026-09-05 21:19:17,1,UNNATURAL_GEOMETRIC_LINE,1.0000,N/A
2026-09-05 21:19:20,1,UNNATURAL_GEOMETRIC_LINE,1.0000,N/A
2026-09-05 21:19:22,1,UNNATURAL_GEOMETRIC_LINE,1.0000,N/A
2026-09-05 21:19:26,1,UNNATURAL_GEOMETRIC_LINE,1.0000,N/A
2026-09-05 21:19:27,1,UNNATURAL_GEOMETRIC_LINE,1.0000,N/A
2026-09-05 21:19:29,1,UNNATURAL_GEOMETRIC_LINE,1.0000,N/A
2026-09-05 21:19:31,1,UNNATURAL_GEOMETRIC_LINE,1.0000,N/A
2026-09-05 21:19:31,1,UNNATURAL_GEOMETRIC_LINE,1.0000,N/A
2026-09-05 21:19:34,1,UNNATURAL_GEOMETRIC_LINE,1.0000,N/A
2026-09-05 21:19:35,1,UNNATURAL_GEOMETRIC_LINE,1.0000,N/A
2026-09-05 21:19:36,1,UNNATURAL_GEOMETRIC_LINE,1.0000,N/A
2026-09-05 21:19:38,1,UNNATURAL_GEOMETRIC_LINE,1.0000,N/A
2026-09-05 21:19:39,1,UNNATURAL_GEOMETRIC_LINE,1.0000,N/A
2026-09-05 21:19:40,1,UNNATURAL_GEOMETRIC_LINE,1.0000,N/A
2026-09-05 21:19:41,1,UNNATURAL_GEOMETRIC_LINE,1.0000,N/A
2026-09-05 21:19:43,1,UNNATURAL_GEOMETRIC_LINE,1.0000,N/A
2026-09-05 21:19:44,1,UNNATURAL_GEOMETRIC_LINE,1.0000,N/A
2026-09-05 21:19:53,1,UNNATURAL_GEOMETRIC_LINE,1.0000,N/A
2026-09-05 21:19:58,1,UNNATURAL_GEOMETRIC_LINE,1.0000,N/A
2026-09-05 21:20:03,1,UNNATURAL_GEOMETRIC_LINE,1.0000,N/A
2026-09-05 21:20:07,1,UNNATURAL_GEOMETRIC_LINE,1.0000,N/A
2026-09-05 21:20:07,1,UNNATURAL_GEOMETRIC_LINE,1.0000,N/A
2026-09-05 21:20:08,1,UNNATURAL_GEOMETRIC_LINE,1.0000,N/A
2026-09-05 21:20:12,1,UNNATURAL_GEOMETRIC_LINE,1.0000,N/A
2026-09-05 21:20:17,1,UNNATURAL_GEOMETRIC_LINE,1.0000,N/A
2026-09-05 21:20:17,1,UNNATURAL_GEOMETRIC_LINE,1.0000,N/A
2026-09-05 21:20:21,1,UNNATURAL_GEOMETRIC_LINE,1.0000,N/A
2026-09-05 21:20:25,1,UNNATURAL_GEOMETRIC_LINE,1.0000,N/A
2026-09-05 21:20:26,1,UNNATURAL_GEOMETRIC_LINE,1.0000,N/A
2026-09-05 21:20:34,1,UNNATURAL_GEOMETRIC_LINE,1.0000,N/A
2026-09-05 21:20:38,1,UNNATURAL_GEOMETRIC_LINE,1.0000,N/A
2026-09-05 21:20:38,1,UNNATURAL_GEOMETRIC_LINE,1.0000,N/A
2026-09-05 21:20:41,1,UNNATURAL_GEOMETRIC_LINE,1.0000,N/A
2026-09-05 21:20:47,1,UNNATURAL_GEOMETRIC_LINE,1.0000,N/A
2026-09-05 21:20:48,1,UNNATURAL_GEOMETRIC_LINE,1.0000,N/A
2026-09-05 21:20:56,1,UNNATURAL_GEOMETRIC_LINE,1.0000,N/A
2026-09-05 21:20:58,1,UNNATURAL_GEOMETRIC_LINE,1.0000,N/A
2026-09-05 21:20:59,1,UNNATURAL_GEOMETRIC_LINE,1.0000,N/A
2026-09-05 21:21:01,1,UNNATURAL_GEOMETRIC_LINE,1.0000,N/A
2026-09-05 21:21:03,1,UNNATURAL_GEOMETRIC_LINE,1.0000,N/A
2026-09-05 21:21:04,1,UNNATURAL_GEOMETRIC_LINE,1.0000,N/A
2026-09-05 21:21:06,1,UNNATURAL_GEOMETRIC_LINE,1.0000,N/A
2026-09-05 21:21:06,1,UNNATURAL_GEOMETRIC_LINE,1.0000,N/A
2026-09-05 21:21:09,1,UNNATURAL_GEOMETRIC_LINE,1.0000,N/A
2026-09-05 21:21:11,1,UNNATURAL_GEOMETRIC_LINE,1.0000,N/A
2026-09-05 21:21:12,1,UNNATURAL_GEOMETRIC_LINE,1.0000,N/A
2026-09-05 21:21:15,1,UNNATURAL_GEOMETRIC_LINE,1.0000,N/A
2026-09-05 21:21:17,1,UNNATURAL_GEOMETRIC_LINE,1.0000,N/A
2026-09-05 21:21:18,1,UNNATURAL_GEOMETRIC_LINE,1.0000,N/A
2026-09-05 21:21:19,1,UNNATURAL_GEOMETRIC_LINE,1.0000,N/A
2026-09-05 21:21:21,1,UNNATURAL_GEOMETRIC_LINE,1.0000,N/A
2026-09-05 21:21:22,1,UNNATURAL_GEOMETRIC_LINE,1.0000,N/A
2026-09-05 21:21:26,1,UNNATURAL_GEOMETRIC_LINE,1.0000,N/A
2026-09-05 21:21:29,1,UNNATURAL_GEOMETRIC_LINE,1.0000,N/A
2026-09-05 21:21:29,1,UNNATURAL_GEOMETRIC_LINE,1.0000,N/A
2026-09-05 21:21:35,1,UNNATURAL_GEOMETRIC_LINE,1.0000,N/A
2026-09-05 21:21:37,1,UNNATURAL_GEOMETRIC_LINE,1.0000,N/A
2026-09-05 21:21:37,1,UNNATURAL_GEOMETRIC_LINE,1.0000,N/A
2026-09-05 21:21:38,1,MECHANICAL_LOCK_NO_TREMOR,1.0000,N/A
2026-09-05 21:21:40,1,UNNATURAL_GEOMETRIC_LINE,1.0000,N/A
2026-09-05 21:21:42,1,UNNATURAL_GEOMETRIC_LINE,1.0000,N/A
2026-09-05 21:21:43,1,UNNATURAL_GEOMETRIC_LINE,1.0000,N/A
2026-09-05 21:21:43,1,UNNATURAL_GEOMETRIC_LINE,1.0000,N/A
2026-09-05 21:21:47,1,UNNATURAL_GEOMETRIC_LINE,1.0000,N/A
2026-09-05 21:21:47,1,UNNATURAL_GEOMETRIC_LINE,1.0000,N/A
2026-09-05 21:21:55,1,UNNATURAL_GEOMETRIC_LINE,1.0000,N/A
2026-09-05 21:21:55,1,UNNATURAL_GEOMETRIC_LINE,1.0000,N/A
2026-09-05 21:21:56,1,UNNATURAL_GEOMETRIC_LINE,1.0000,N/A
2026-09-05 21:22:00,1,UNNATURAL_GEOMETRIC_LINE,1.0000,N/A
2026-09-05 21:22:00,1,UNNATURAL_GEOMETRIC_LINE,1.0000,N/A
2026-09-05 21:22:02,1,UNNATURAL_GEOMETRIC_LINE,1.0000,N/A
2026-09-05 21:22:04,1,UNNATURAL_GEOMETRIC_LINE,1.0000,N/A
2026-09-05 21:22:04,1,UNNATURAL_GEOMETRIC_LINE,1.0000,N/A
2026-09-05 21:22:12,1,UNNATURAL_GEOMETRIC_LINE,1.0000,N/A
2026-09-05 21:22:17,1,UNNATURAL_GEOMETRIC_LINE,1.0000,N/A
2026-09-05 21:22:21,1,UNNATURAL_GEOMETRIC_LINE,1.0000,N/A
2026-09-05 21:22:26,1,UNNATURAL_GEOMETRIC_LINE,1.0000,N/A
2026-09-05 21:22:27,1,UNNATURAL_GEOMETRIC_LINE,1.0000,N/A
2026-09-05 21:22:38,1,UNNATURAL_GEOMETRIC_LINE,1.0000,N/A
2026-09-05 21:22:42,1,UNNATURAL_GEOMETRIC_LINE,1.0000,N/A
2026-09-05 21:22:44,1,UNNATURAL_GEOMETRIC_LINE,1.0000,N/A
2026-09-05 21:22:46,1,UNNATURAL_GEOMETRIC_LINE,1.0000,N/A
2026-09-05 21:22:46,1,UNNATURAL_GEOMETRIC_LINE,1.0000,N/A
2026-09-05 21:22:49,1,UNNATURAL_GEOMETRIC_LINE,1.0000,N/A
2026-09-05 21:22:53,1,UNNATURAL_GEOMETRIC_LINE,1.0000,N/A
2026-09-05 21:22:54,1,UNNATURAL_GEOMETRIC_LINE,1.0000,N/A
2026-09-05 21:23:02,1,UNNATURAL_GEOMETRIC_LINE,1.0000,N/A
2026-09-05 21:23:04,1,UNNATURAL_GEOMETRIC_LINE,1.0000,N/A
2026-09-05 21:23:04,1,UNNATURAL_GEOMETRIC_LINE,1.0000,N/A
2026-09-05 21:23:11,1,UNNATURAL_GEOMETRIC_LINE,1.0000,N/A
2026-09-05 21:23:13,1,UNNATURAL_GEOMETRIC_LINE,1.0000,N/A
2026-09-05 21:23:13,1,UNNATURAL_GEOMETRIC_LINE,1.0000,N/A
2026-09-05 21:23:17,1,UNNATURAL_GEOMETRIC_LINE,1.0000,N/A
2026-09-05 21:23:20,1,UNNATURAL_GEOMETRIC_LINE,1.0000,N/A
2026-09-05 21:23:23,1,UNNATURAL_GEOMETRIC_LINE,1.0000,N/A
2026-09-05 21:23:23,1,UNNATURAL_GEOMETRIC_LINE,1.0000,N/A
2026-09-05 21:23:24,1,UNNATURAL_GEOMETRIC_LINE,1.0000,N/A
2026-09-05 21:23:26,1,UNNATURAL_GEOMETRIC_LINE,1.0000,N/A
2026-09-05 21:23:27,1,UNNATURAL_GEOMETRIC_LINE,1.0000,N/A
2026-09-05 21:23:29,1,UNNATURAL_GEOMETRIC_LINE,1.0000,N/A
2026-09-05 21:23:32,1,UNNATURAL_GEOMETRIC_LINE,1.0000,N/A
2026-09-05 21:23:33,1,UNNATURAL_GEOMETRIC_LINE,1.0000,N/A
2026-09-05 21:23:34,1,UNNATURAL_GEOMETRIC_LINE,1.0000,N/A
2026-09-05 21:23:41,1,UNNATURAL_GEOMETRIC_LINE,1.0000,N/A
2026-09-05 21:23:42,1,UNNATURAL_GEOMETRIC_LINE,1.0000,N/A
2026-09-05 21:23:45,1,UNNATURAL_GEOMETRIC_LINE,1.0000,N/A
2026-09-05 21:23:46,1,UNNATURAL_GEOMETRIC_LINE,1.0000,N/A
2026-09-05 21:23:47,1,UNNATURAL_GEOMETRIC_LINE,1.0000,N/A
2026-09-05 21:23:49,1,UNNATURAL_GEOMETRIC_LINE,1.0000,N/A
2026-09-05 21:23:49,1,UNNATURAL_GEOMETRIC_LINE,1.0000,N/A
2026-09-05 21:23:51,1,UNNATURAL_GEOMETRIC_LINE,1.0000,N/A
2026-09-05 21:23:54,1,UNNATURAL_GEOMETRIC_LINE,1.0000,N/A
2026-09-05 21:23:55,1,UNNATURAL_GEOMETRIC_LINE,1.0000,N/A
2026-09-05 21:23:55,1,UNNATURAL_GEOMETRIC_LINE,1.0000,N/A
2026-09-05 21:23:57,1,UNNATURAL_GEOMETRIC_LINE,1.0000,N/A
2026-09-05 21:23:58,1,UNNATURAL_GEOMETRIC_LINE,1.0000,N/A
2026-09-05 21:23:59,1,UNNATURAL_GEOMETRIC_LINE,1.0000,N/A
2026-09-05 21:24:02,1,UNNATURAL_GEOMETRIC_LINE,1.0000,N/A
2026-09-05 21:24:03,1,UNNATURAL_GEOMETRIC_LINE,1.0000,N/A
2026-09-05 21:24:04,1,UNNATURAL_GEOMETRIC_LINE,1.0000,N/A
2026-09-05 21:24:06,1,UNNATURAL_GEOMETRIC_LINE,1.0000,N/A
2026-09-05 21:24:06,1,UNNATURAL_GEOMETRIC_LINE,1.0000,N/A
2026-09-05 21:24:12,1,UNNATURAL_GEOMETRIC_LINE,1.0000,N/A
2026-09-05 21:24:16,1,UNNATURAL_GEOMETRIC_LINE,1.0000,N/A
2026-09-05 21:24:17,1,UNNATURAL_GEOMETRIC_LINE,1.0000,N/A
2026-09-05 21:24:21,1,UNNATURAL_GEOMETRIC_LINE,1.0000,N/A
2026-09-05 21:24:26,1,UNNATURAL_GEOMETRIC_LINE,1.0000,N/A
2026-09-05 21:24:31,1,UNNATURAL_GEOMETRIC_LINE,1.0000,N/A
2026-09-05 21:24:33,1,UNNATURAL_GEOMETRIC_LINE,1.0000,N/A
2026-09-05 21:24:34,1,UNNATURAL_GEOMETRIC_LINE,1.0000,N/A
2026-09-05 21:24:37,1,UNNATURAL_GEOMETRIC_LINE,1.0000,N/A
2026-09-05 21:24:40,1,UNNATURAL_GEOMETRIC_LINE,1.0000,N/A
2026-09-05 21:24:45,1,UNNATURAL_GEOMETRIC_LINE,1.0000,N/A
2026-09-05 21:24:47,1,UNNATURAL_GEOMETRIC_LINE,1.0000,N/A
2026-09-05 21:24:48,1,UNNATURAL_GEOMETRIC_LINE,1.0000,N/A
2026-09-05 21:24:50,1,UNNATURAL_GEOMETRIC_LINE,1.0000,N/A
2026-09-05 21:24:52,1,UNNATURAL_GEOMETRIC_LINE,1.0000,N/A
2026-09-05 21:24:52,1,UNNATURAL_GEOMETRIC_LINE,1.0000,N/A
2026-09-05 21:24:54,1,UNNATURAL_GEOMETRIC_LINE,1.0000,N/A
2026-09-05 21:24:58,1,UNNATURAL_GEOMETRIC_LINE,1.0000,N/A
2026-09-05 21:24:59,1,UNNATURAL_GEOMETRIC_LINE,1.0000,N/A
2026-09-05 21:25:01,1,UNNATURAL_GEOMETRIC_LINE,1.0000,N/A
2026-09-05 21:25:03,1,UNNATURAL_GEOMETRIC_LINE,1.0000,N/A
2026-09-05 21:25:04,1,UNNATURAL_GEOMETRIC_LINE,1.0000,N/A
2026-09-05 21:25:06,1,UNNATURAL_GEOMETRIC_LINE,1.0000,N/A
2026-09-05 21:25:08,1,UNNATURAL_GEOMETRIC_LINE,1.0000,N/A
2026-09-05 21:25:08,1,UNNATURAL_GEOMETRIC_LINE,1.0000,N/A
2026-09-05 21:25:09,1,UNNATURAL_GEOMETRIC_LINE,1.0000,N/A
2026-09-05 21:25:11,1,UNNATURAL_GEOMETRIC_LINE,1.0000,N/A
2026-09-05 21:25:12,1,UNNATURAL_GEOMETRIC_LINE,1.0000,N/A
2026-09-05 21:25:21,1,UNNATURAL_GEOMETRIC_LINE,1.0000,N/A
2026-09-05 21:25:23,1,UNNATURAL_GEOMETRIC_LINE,1.0000,N/A
2026-09-05 21:25:24,1,UNNATURAL_GEOMETRIC_LINE,1.0000,N/A
2026-09-05 21:25:25,1,UNNATURAL_GEOMETRIC_LINE,1.0000,N/A
2026-09-05 21:25:28,1,UNNATURAL_GEOMETRIC_LINE,1.0000,N/A
2026-09-05 21:25:29,1,UNNATURAL_GEOMETRIC_LINE,1.0000,N/A
2026-09-05 21:25:30,1,UNNATURAL_GEOMETRIC_LINE,1.0000,N/A
2026-09-05 21:25:32,1,UNNATURAL_GEOMETRIC_LINE,1.0000,N/A
2026-09-05 21:25:33,1,UNNATURAL_GEOMETRIC_LINE,1.0000,N/A
2026-09-05 21:25:38,1,UNNATURAL_GEOMETRIC_LINE,1.0000,N/A
2026-09-05 21:25:40,1,UNNATURAL_GEOMETRIC_LINE,1.0000,N/A
2026-09-05 21:25:40,1,UNNATURAL_GEOMETRIC_LINE,1.0000,N/A
2026-09-05 21:25:41,1,UNNATURAL_GEOMETRIC_LINE,1.0000,N/A
2026-09-05 21:25:43,1,UNNATURAL_GEOMETRIC_LINE,1.0000,N/A
2026-09-05 21:25:44,1,UNNATURAL_GEOMETRIC_LINE,1.0000,N/A
2026-09-05 21:25:45,1,UNNATURAL_GEOMETRIC_LINE,1.0000,N/A
2026-09-05 21:25:47,1,UNNATURAL_GEOMETRIC_LINE,1.0000,N/A
2026-09-05 21:25:48,1,UNNATURAL_GEOMETRIC_LINE,1.0000,N/A
2026-09-05 21:25:50,1,UNNATURAL_GEOMETRIC_LINE,1.0000,N/A
2026-09-05 21:25:55,1,UNNATURAL_GEOMETRIC_LINE,1.0000,N/A
2026-09-05 21:26:00,1,UNNATURAL_GEOMETRIC_LINE,1.0000,N/A
2026-09-05 21:26:02,1,UNNATURAL_GEOMETRIC_LINE,1.0000,N/A
2026-09-05 21:26:03,1,UNNATURAL_GEOMETRIC_LINE,1.0000,N/A
2026-09-05 21:26:05,1,UNNATURAL_GEOMETRIC_LINE,1.0000,N/A
2026-09-05 21:26:06,1,UNNATURAL_GEOMETRIC_LINE,1.0000,N/A
2026-09-05 21:26:07,1,UNNATURAL_GEOMETRIC_LINE,1.0000,N/A
2026-09-05 21:26:08,1,UNNATURAL_GEOMETRIC_LINE,1.0000,N/A
2026-09-05 21:26:10,1,UNNATURAL_GEOMETRIC_LINE,1.0000,N/A
2026-09-05 21:26:10,1,UNNATURAL_GEOMETRIC_LINE,1.0000,N/A
2026-09-05 21:26:12,1,UNNATURAL_GEOMETRIC_LINE,1.0000,N/A
2026-09-05 21:26:21,1,UNNATURAL_GEOMETRIC_LINE,1.0000,N/A
2026-09-05 21:26:23,1,UNNATURAL_GEOMETRIC_LINE,1.0000,N/A
2026-09-05 21:26:25,1,UNNATURAL_GEOMETRIC_LINE,1.0000,N/A
2026-09-05 21:26:26,1,UNNATURAL_GEOMETRIC_LINE,1.0000,N/A
2026-09-05 21:26:27,1,UNNATURAL_GEOMETRIC_LINE,1.0000,N/A
2026-09-05 21:26:30,1,UNNATURAL_GEOMETRIC_LINE,1.0000,N/A
2026-09-05 21:26:34,1,UNNATURAL_GEOMETRIC_LINE,1.0000,N/A
2026-09-05 21:26:38,1,UNNATURAL_GEOMETRIC_LINE,1.0000,N/A
2026-09-05 21:26:38,1,UNNATURAL_GEOMETRIC_LINE,1.0000,N/A
2026-09-05 21:26:42,1,UNNATURAL_GEOMETRIC_LINE,1.0000,N/A
2026-09-05 21:26:44,1,UNNATURAL_GEOMETRIC_LINE,1.0000,N/A
2026-09-05 21:26:45,1,UNNATURAL_GEOMETRIC_LINE,1.0000,N/A
2026-09-05 21:26:47,1,UNNATURAL_GEOMETRIC_LINE,1.0000,N/A
2026-09-05 21:26:48,1,UNNATURAL_GEOMETRIC_LINE,1.0000,N/A
2026-09-05 21:26:50,1,UNNATURAL_GEOMETRIC_LINE,1.0000,N/A
2026-09-05 21:26:52,1,UNNATURAL_GEOMETRIC_LINE,1.0000,N/A
2026-09-05 21:26:52,1,UNNATURAL_GEOMETRIC_LINE,1.0000,N/A
2026-09-05 21:26:54,1,UNNATURAL_GEOMETRIC_LINE,1.0000,N/A
2026-09-05 21:26:59,1,UNNATURAL_GEOMETRIC_LINE,1.0000,N/A
2026-09-05 21:26:59,1,UNNATURAL_GEOMETRIC_LINE,1.0000,N/A
2026-09-05 21:27:03,1,UNNATURAL_GEOMETRIC_LINE,1.0000,N/A
2026-09-05 21:27:05,1,UNNATURAL_GEOMETRIC_LINE,1.0000,N/A
2026-09-05 21:27:05,1,UNNATURAL_GEOMETRIC_LINE,1.0000,N/A
2026-09-05 21:27:06,1,UNNATURAL_GEOMETRIC_LINE,1.0000,N/A
2026-09-05 21:27:09,1,UNNATURAL_GEOMETRIC_LINE,1.0000,N/A
2026-09-05 21:27:09,1,UNNATURAL_GEOMETRIC_LINE,1.0000,N/A
2026-09-05 21:27:10,1,UNNATURAL_GEOMETRIC_LINE,1.0000,N/A
2026-09-05 21:27:12,1,UNNATURAL_GEOMETRIC_LINE,1.0000,N/A
2026-09-05 21:27:12,1,UNNATURAL_GEOMETRIC_LINE,1.0000,N/A
2026-09-05 21:27:13,1,UNNATURAL_GEOMETRIC_LINE,1.0000,N/A
2026-09-05 21:27:15,1,UNNATURAL_GEOMETRIC_LINE,1.0000,N/A
2026-09-05 21:27:16,1,UNNATURAL_GEOMETRIC_LINE,1.0000,N/A
2026-09-05 21:27:18,1,UNNATURAL_GEOMETRIC_LINE,1.0000,N/A
2026-09-05 21:27:20,1,UNNATURAL_GEOMETRIC_LINE,1.0000,N/A
2026-09-05 21:27:21,1,UNNATURAL_GEOMETRIC_LINE,1.0000,N/A
2026-09-05 21:27:22,1,UNNATURAL_GEOMETRIC_LINE,1.0000,N/A
2026-09-05 21:27:23,1,UNNATURAL_GEOMETRIC_LINE,1.0000,N/A
2026-09-05 21:27:24,1,UNNATURAL_GEOMETRIC_LINE,1.0000,N/A
2026-09-05 21:27:27,1,UNNATURAL_GEOMETRIC_LINE,1.0000,N/A
2026-09-05 21:27:29,1,UNNATURAL_GEOMETRIC_LINE,1.0000,N/A
2026-09-05 21:27:30,1,UNNATURAL_GEOMETRIC_LINE,1.0000,N/A
2026-09-05 21:27:30,1,UNNATURAL_GEOMETRIC_LINE,1.0000,N/A
2026-09-05 21:27:32,1,UNNATURAL_GEOMETRIC_LINE,1.0000,N/A
2026-09-05 21:27:33,1,UNNATURAL_GEOMETRIC_LINE,1.0000,N/A
2026-09-05 21:27:37,1,UNNATURAL_GEOMETRIC_LINE,1.0000,N/A
2026-09-05 21:27:39,1,UNNATURAL_GEOMETRIC_LINE,1.0000,N/A
2026-09-05 21:27:40,1,UNNATURAL_GEOMETRIC_LINE,1.0000,N/A
2026-09-05 21:27:40,1,UNNATURAL_GEOMETRIC_LINE,1.0000,N/A
2026-09-05 21:27:42,1,UNNATURAL_GEOMETRIC_LINE,1.0000,N/A
2026-09-05 21:27:42,1,UNNATURAL_GEOMETRIC_LINE,1.0000,N/A
2026-09-05 21:27:45,1,UNNATURAL_GEOMETRIC_LINE,1.0000,N/A
2026-09-05 21:27:47,1,UNNATURAL_GEOMETRIC_LINE,1.0000,N/A
2026-09-05 21:27:48,1,UNNATURAL_GEOMETRIC_LINE,1.0000,N/A
2026-09-05 21:27:50,1,UNNATURAL_GEOMETRIC_LINE,1.0000,N/A
2026-09-05 21:27:52,1,UNNATURAL_GEOMETRIC_LINE,1.0000,N/A
2026-09-05 21:27:52,1,UNNATURAL_GEOMETRIC_LINE,1.0000,N/A
2026-09-05 21:27:53,1,MECHANICAL_LOCK_NO_TREMOR,1.0000,N/A
2026-09-05 21:27:59,1,UNNATURAL_GEOMETRIC_LINE,1.0000,N/A
2026-09-05 21:27:59,1,UNNATURAL_GEOMETRIC_LINE,1.0000,N/A
2026-09-05 21:27:59,1,MECHANICAL_LOCK_NO_TREMOR,1.0000,N/A
2026-09-05 21:28:01,1,UNNATURAL_GEOMETRIC_LINE,1.0000,N/A
2026-09-05 21:28:02,1,UNNATURAL_GEOMETRIC_LINE,1.0000,N/A
2026-09-05 21:28:06,1,UNNATURAL_GEOMETRIC_LINE,1.0000,N/A
2026-09-05 21:28:10,1,UNNATURAL_GEOMETRIC_LINE,1.0000,N/A
2026-09-05 21:28:10,1,UNNATURAL_GEOMETRIC_LINE,1.0000,N/A
2026-09-05 21:28:13,1,UNNATURAL_GEOMETRIC_LINE,1.0000,N/A
2026-09-05 21:28:18,1,UNNATURAL_GEOMETRIC_LINE,1.0000,N/A
2026-09-05 21:28:20,1,UNNATURAL_GEOMETRIC_LINE,1.0000,N/A
2026-09-05 21:28:20,1,UNNATURAL_GEOMETRIC_LINE,1.0000,N/A
2026-09-05 21:28:21,1,UNNATURAL_GEOMETRIC_LINE,1.0000,N/A
2026-09-05 21:28:23,1,UNNATURAL_GEOMETRIC_LINE,1.0000,N/A
2026-09-05 21:28:24,1,UNNATURAL_GEOMETRIC_LINE,1.0000,N/A
2026-09-05 21:28:24,1,UNNATURAL_GEOMETRIC_LINE,1.0000,N/A
2026-09-05 21:28:26,1,UNNATURAL_GEOMETRIC_LINE,1.0000,N/A
2026-09-05 21:28:26,1,UNNATURAL_GEOMETRIC_LINE,1.0000,N/A
2026-09-05 21:28:27,1,UNNATURAL_GEOMETRIC_LINE,1.0000,N/A
2026-09-05 21:28:29,1,UNNATURAL_GEOMETRIC_LINE,1.0000,N/A
2026-09-05 21:28:29,1,UNNATURAL_GEOMETRIC_LINE,1.0000,N/A
2026-09-05 21:28:31,1,UNNATURAL_GEOMETRIC_LINE,1.0000,N/A
2026-09-05 21:28:34,1,UNNATURAL_GEOMETRIC_LINE,1.0000,N/A
2026-09-05 21:28:40,1,UNNATURAL_GEOMETRIC_LINE,1.0000,N/A
2026-09-05 21:28:42,1,UNNATURAL_GEOMETRIC_LINE,1.0000,N/A
2026-09-05 21:28:42,1,UNNATURAL_GEOMETRIC_LINE,1.0000,N/A
2026-09-05 21:28:42,1,MECHANICAL_LOCK_NO_TREMOR,1.0000,N/A
2026-09-05 21:28:46,1,UNNATURAL_GEOMETRIC_LINE,1.0000,N/A
2026-09-05 21:28:47,1,UNNATURAL_GEOMETRIC_LINE,1.0000,N/A
2026-09-05 21:28:52,1,UNNATURAL_GEOMETRIC_LINE,1.0000,N/A
2026-09-05 21:28:53,1,UNNATURAL_GEOMETRIC_LINE,1.0000,N/A
2026-09-05 21:28:54,1,UNNATURAL_GEOMETRIC_LINE,1.0000,N/A
2026-09-05 21:28:56,1,UNNATURAL_GEOMETRIC_LINE,1.0000,N/A
2026-09-05 21:28:56,1,UNNATURAL_GEOMETRIC_LINE,1.0000,N/A
2026-09-05 21:28:57,1,UNNATURAL_GEOMETRIC_LINE,1.0000,N/A
2026-09-05 21:29:02,1,UNNATURAL_GEOMETRIC_LINE,1.0000,N/A
2026-09-05 21:29:02,1,UNNATURAL_GEOMETRIC_LINE,1.0000,N/A
2026-09-05 21:29:08,1,UNNATURAL_GEOMETRIC_LINE,1.0000,N/A
2026-09-05 21:29:10,1,UNNATURAL_GEOMETRIC_LINE,1.0000,N/A
2026-09-05 21:29:11,1,UNNATURAL_GEOMETRIC_LINE,1.0000,N/A
2026-09-05 21:29:15,1,UNNATURAL_GEOMETRIC_LINE,1.0000,N/A
2026-09-05 21:29:17,1,UNNATURAL_GEOMETRIC_LINE,1.0000,N/A
2026-09-05 21:29:17,1,UNNATURAL_GEOMETRIC_LINE,1.0000,N/A
2026-09-05 21:29:18,1,UNNATURAL_GEOMETRIC_LINE,1.0000,N/A
2026-09-05 21:29:22,1,UNNATURAL_GEOMETRIC_LINE,1.0000,N/A
2026-09-05 21:29:25,1,UNNATURAL_GEOMETRIC_LINE,1.0000,N/A
2026-09-05 21:29:26,1,UNNATURAL_GEOMETRIC_LINE,1.0000,N/A
2026-09-05 21:29:27,1,UNNATURAL_GEOMETRIC_LINE,1.0000,N/A
2026-09-05 21:29:28,1,UNNATURAL_GEOMETRIC_LINE,1.0000,N/A
2026-09-05 21:29:30,1,UNNATURAL_GEOMETRIC_LINE,1.0000,N/A
2026-09-05 21:29:30,1,UNNATURAL_GEOMETRIC_LINE,1.0000,N/A
2026-09-05 21:29:32,1,UNNATURAL_GEOMETRIC_LINE,1.0000,N/A
2026-09-05 21:29:38,1,UNNATURAL_GEOMETRIC_LINE,1.0000,N/A
2026-09-05 21:29:39,1,UNNATURAL_GEOMETRIC_LINE,1.0000,N/A
2026-09-05 21:29:40,1,UNNATURAL_GEOMETRIC_LINE,1.0000,N/A
2026-09-05 21:29:41,1,UNNATURAL_GEOMETRIC_LINE,1.0000,N/A
2026-09-05 21:29:42,1,UNNATURAL_GEOMETRIC_LINE,1.0000,N/A
2026-09-05 21:29:43,1,UNNATURAL_GEOMETRIC_LINE,1.0000,N/A
2026-09-05 21:29:45,1,UNNATURAL_GEOMETRIC_LINE,1.0000,N/A
2026-09-05 21:29:45,1,UNNATURAL_GEOMETRIC_LINE,1.0000,N/A
2026-09-05 21:29:46,1,UNNATURAL_GEOMETRIC_LINE,1.0000,N/A
2026-09-05 21:29:49,1,UNNATURAL_GEOMETRIC_LINE,1.0000,N/A
2026-09-05 21:29:50,1,UNNATURAL_GEOMETRIC_LINE,1.0000,N/A
2026-09-05 21:29:53,1,UNNATURAL_GEOMETRIC_LINE,1.0000,N/A
2026-09-05 21:29:56,1,UNNATURAL_GEOMETRIC_LINE,1.0000,N/A
2026-09-05 21:29:57,1,UNNATURAL_GEOMETRIC_LINE,1.0000,N/A
2026-09-05 21:30:02,1,UNNATURAL_GEOMETRIC_LINE,1.0000,N/A
2026-09-05 21:30:04,1,UNNATURAL_GEOMETRIC_LINE,1.0000,N/A
2026-09-05 21:30:05,1,UNNATURAL_GEOMETRIC_LINE,1.0000,N/A
2026-09-05 21:30:08,1,UNNATURAL_GEOMETRIC_LINE,1.0000,N/A
2026-09-05 21:30:11,1,UNNATURAL_GEOMETRIC_LINE,1.0000,N/A
2026-09-05 21:30:12,1,UNNATURAL_GEOMETRIC_LINE,1.0000,N/A
2026-09-05 21:30:17,1,UNNATURAL_GEOMETRIC_LINE,1.0000,N/A
2026-09-05 21:30:17,1,UNNATURAL_GEOMETRIC_LINE,1.0000,N/A
2026-09-05 21:30:18,1,UNNATURAL_GEOMETRIC_LINE,1.0000,N/A
2026-09-05 21:30:20,1,UNNATURAL_GEOMETRIC_LINE,1.0000,N/A
2026-09-05 21:30:21,1,UNNATURAL_GEOMETRIC_LINE,1.0000,N/A
2026-09-05 21:30:23,1,UNNATURAL_GEOMETRIC_LINE,1.0000,N/A
2026-09-05 21:30:26,1,UNNATURAL_GEOMETRIC_LINE,1.0000,N/A
2026-09-05 21:30:32,1,UNNATURAL_GEOMETRIC_LINE,1.0000,N/A
2026-09-05 21:30:34,1,UNNATURAL_GEOMETRIC_LINE,1.0000,N/A
2026-09-05 21:30:36,1,UNNATURAL_GEOMETRIC_LINE,1.0000,N/A
2026-09-05 21:30:37,1,UNNATURAL_GEOMETRIC_LINE,1.0000,N/A
2026-09-05 21:30:38,1,UNNATURAL_GEOMETRIC_LINE,1.0000,N/A
2026-09-05 21:30:43,1,UNNATURAL_GEOMETRIC_LINE,1.0000,N/A
2026-09-05 21:30:43,1,UNNATURAL_GEOMETRIC_LINE,1.0000,N/A
2026-09-05 21:30:44,1,MECHANICAL_LOCK_NO_TREMOR,1.0000,N/A
2026-09-05 21:30:45,1,UNNATURAL_GEOMETRIC_LINE,1.0000,N/A
2026-09-05 21:30:46,1,UNNATURAL_GEOMETRIC_LINE,1.0000,N/A
2026-09-05 21:30:53,1,UNNATURAL_GEOMETRIC_LINE,1.0000,N/A
2026-09-05 21:30:59,1,UNNATURAL_GEOMETRIC_LINE,1.0000,N/A
2026-09-05 21:31:00,1,UNNATURAL_GEOMETRIC_LINE,1.0000,N/A
2026-09-05 21:31:03,1,UNNATURAL_GEOMETRIC_LINE,1.0000,N/A
2026-09-05 21:31:06,1,UNNATURAL_GEOMETRIC_LINE,1.0000,N/A
2026-09-05 21:31:07,1,UNNATURAL_GEOMETRIC_LINE,1.0000,N/A
2026-09-05 21:31:09,1,UNNATURAL_GEOMETRIC_LINE,1.0000,N/A
2026-09-05 21:31:09,1,UNNATURAL_GEOMETRIC_LINE,1.0000,N/A
2026-09-05 21:31:12,1,UNNATURAL_GEOMETRIC_LINE,1.0000,N/A
2026-09-05 21:31:15,1,UNNATURAL_GEOMETRIC_LINE,1.0000,N/A
2026-09-05 21:31:15,1,UNNATURAL_GEOMETRIC_LINE,1.0000,N/A
2026-09-05 21:31:15,1,MECHANICAL_LOCK_NO_TREMOR,1.0000,N/A
2026-09-05 21:31:18,1,UNNATURAL_GEOMETRIC_LINE,1.0000,N/A
2026-09-05 21:31:20,1,UNNATURAL_GEOMETRIC_LINE,1.0000,N/A
2026-09-05 21:31:23,1,UNNATURAL_GEOMETRIC_LINE,1.0000,N/A
2026-09-05 21:31:24,1,UNNATURAL_GEOMETRIC_LINE,1.0000,N/A
2026-09-05 21:31:27,1,UNNATURAL_GEOMETRIC_LINE,1.0000,N/A
2026-09-05 21:31:28,1,UNNATURAL_GEOMETRIC_LINE,1.0000,N/A
2026-09-05 21:31:29,1,UNNATURAL_GEOMETRIC_LINE,1.0000,N/A
2026-09-05 21:31:31,1,UNNATURAL_GEOMETRIC_LINE,1.0000,N/A
2026-09-05 21:31:32,1,UNNATURAL_GEOMETRIC_LINE,1.0000,N/A
2026-09-05 21:31:38,1,UNNATURAL_GEOMETRIC_LINE,1.0000,N/A
2026-09-05 21:31:40,1,UNNATURAL_GEOMETRIC_LINE,1.0000,N/A
2026-09-05 21:31:41,1,UNNATURAL_GEOMETRIC_LINE,1.0000,N/A
2026-09-05 21:31:44,1,UNNATURAL_GEOMETRIC_LINE,1.0000,N/A
2026-09-05 21:31:47,1,UNNATURAL_GEOMETRIC_LINE,1.0000,N/A
2026-09-05 21:31:47,1,UNNATURAL_GEOMETRIC_LINE,1.0000,N/A
2026-09-05 21:31:50,1,UNNATURAL_GEOMETRIC_LINE,1.0000,N/A
2026-09-05 21:31:54,1,UNNATURAL_GEOMETRIC_LINE,1.0000,N/A
2026-09-05 21:31:55,1,UNNATURAL_GEOMETRIC_LINE,1.0000,N/A
2026-09-05 21:31:56,1,UNNATURAL_GEOMETRIC_LINE,1.0000,N/A
2026-09-05 21:32:01,1,UNNATURAL_GEOMETRIC_LINE,1.0000,N/A
2026-09-05 21:32:01,1,UNNATURAL_GEOMETRIC_LINE,1.0000,N/A
2026-09-05 21:32:06,1,UNNATURAL_GEOMETRIC_LINE,1.0000,N/A
2026-09-05 21:32:08,1,UNNATURAL_GEOMETRIC_LINE,1.0000,N/A
2026-09-05 21:32:09,1,UNNATURAL_GEOMETRIC_LINE,1.0000,N/A
2026-09-05 21:32:09,1,UNNATURAL_GEOMETRIC_LINE,1.0000,N/A
2026-09-05 21:32:18,1,UNNATURAL_GEOMETRIC_LINE,1.0000,N/A
2026-09-05 21:32:18,1,UNNATURAL_GEOMETRIC_LINE,1.0000,N/A
2026-09-05 21:32:22,1,UNNATURAL_GEOMETRIC_LINE,1.0000,N/A
2026-09-05 21:32:26,1,UNNATURAL_GEOMETRIC_LINE,1.0000,N/A
2026-09-05 21:32:28,1,UNNATURAL_GEOMETRIC_LINE,1.0000,N/A
2026-09-05 21:32:29,1,UNNATURAL_GEOMETRIC_LINE,1.0000,N/A
2026-09-05 21:32:34,1,UNNATURAL_GEOMETRIC_LINE,1.0000,N/A
2026-09-05 21:32:36,1,UNNATURAL_GEOMETRIC_LINE,1.0000,N/A
2026-09-05 21:32:37,1,UNNATURAL_GEOMETRIC_LINE,1.0000,N/A
2026-09-05 21:32:41,1,UNNATURAL_GEOMETRIC_LINE,1.0000,N/A
2026-09-05 21:32:43,1,UNNATURAL_GEOMETRIC_LINE,1.0000,N/A
2026-09-05 21:32:43,1,UNNATURAL_GEOMETRIC_LINE,1.0000,N/A
2026-09-05 21:32:45,1,UNNATURAL_GEOMETRIC_LINE,1.0000,N/A
2026-09-05 21:32:47,1,UNNATURAL_GEOMETRIC_LINE,1.0000,N/A
2026-09-05 21:32:48,1,UNNATURAL_GEOMETRIC_LINE,1.0000,N/A
2026-09-05 21:32:49,1,UNNATURAL_GEOMETRIC_LINE,1.0000,N/A
2026-09-05 21:32:51,1,UNNATURAL_GEOMETRIC_LINE,1.0000,N/A
2026-09-05 21:32:51,1,UNNATURAL_GEOMETRIC_LINE,1.0000,N/A
2026-09-05 21:32:58,1,UNNATURAL_GEOMETRIC_LINE,1.0000,N/A
2026-09-05 21:33:01,1,UNNATURAL_GEOMETRIC_LINE,1.0000,N/A
2026-09-05 21:33:01,1,UNNATURAL_GEOMETRIC_LINE,1.0000,N/A
2026-09-05 21:33:05,1,UNNATURAL_GEOMETRIC_LINE,1.0000,N/A
2026-09-05 21:33:08,1,UNNATURAL_GEOMETRIC_LINE,1.0000,N/A
2026-09-05 21:33:09,1,UNNATURAL_GEOMETRIC_LINE,1.0000,N/A
2026-09-05 21:33:12,1,UNNATURAL_GEOMETRIC_LINE,1.0000,N/A
2026-09-05 21:33:14,1,UNNATURAL_GEOMETRIC_LINE,1.0000,N/A
2026-09-05 21:33:14,1,UNNATURAL_GEOMETRIC_LINE,1.0000,N/A
2026-09-05 21:33:19,1,UNNATURAL_GEOMETRIC_LINE,1.0000,N/A
2026-09-05 21:33:22,1,UNNATURAL_GEOMETRIC_LINE,1.0000,N/A
2026-09-05 21:33:24,1,UNNATURAL_GEOMETRIC_LINE,1.0000,N/A
2026-09-05 21:33:27,1,UNNATURAL_GEOMETRIC_LINE,1.0000,N/A
2026-09-05 21:33:27,1,UNNATURAL_GEOMETRIC_LINE,1.0000,N/A
2026-09-05 21:33:28,1,UNNATURAL_GEOMETRIC_LINE,1.0000,N/A
2026-09-05 21:33:31,1,UNNATURAL_GEOMETRIC_LINE,1.0000,N/A
2026-09-05 21:33:31,1,UNNATURAL_GEOMETRIC_LINE,1.0000,N/A
2026-09-05 21:33:33,1,UNNATURAL_GEOMETRIC_LINE,1.0000,N/A
2026-09-05 21:33:35,1,UNNATURAL_GEOMETRIC_LINE,1.0000,N/A
2026-09-05 21:33:36,1,UNNATURAL_GEOMETRIC_LINE,1.0000,N/A
2026-09-05 21:33:37,1,MECHANICAL_LOCK_NO_TREMOR,1.0000,N/A
2026-09-05 21:33:38,1,UNNATURAL_GEOMETRIC_LINE,1.0000,N/A
2026-09-05 21:33:39,1,UNNATURAL_GEOMETRIC_LINE,1.0000,N/A
2026-09-05 21:33:40,1,UNNATURAL_GEOMETRIC_LINE,1.0000,N/A
2026-09-05 21:33:46,1,UNNATURAL_GEOMETRIC_LINE,1.0000,N/A
2026-09-05 21:33:47,1,UNNATURAL_GEOMETRIC_LINE,1.0000,N/A
2026-09-05 21:33:52,1,UNNATURAL_GEOMETRIC_LINE,1.0000,N/A
2026-09-05 21:33:55,1,UNNATURAL_GEOMETRIC_LINE,1.0000,N/A
2026-09-05 21:33:57,1,UNNATURAL_GEOMETRIC_LINE,1.0000,N/A
2026-09-05 21:33:57,1,UNNATURAL_GEOMETRIC_LINE,1.0000,N/A
2026-09-05 21:34:02,1,UNNATURAL_GEOMETRIC_LINE,1.0000,N/A
2026-09-05 21:34:04,1,UNNATURAL_GEOMETRIC_LINE,1.0000,N/A
2026-09-05 21:34:05,1,UNNATURAL_GEOMETRIC_LINE,1.0000,N/A
2026-09-05 21:34:10,1,UNNATURAL_GEOMETRIC_LINE,1.0000,N/A
2026-09-05 21:34:12,1,UNNATURAL_GEOMETRIC_LINE,1.0000,N/A
2026-09-05 21:34:12,1,UNNATURAL_GEOMETRIC_LINE,1.0000,N/A
2026-09-05 21:34:15,1,UNNATURAL_GEOMETRIC_LINE,1.0000,N/A
2026-09-05 21:34:19,1,UNNATURAL_GEOMETRIC_LINE,1.0000,N/A
2026-09-05 21:34:20,1,UNNATURAL_GEOMETRIC_LINE,1.0000,N/A
2026-09-05 21:34:24,1,UNNATURAL_GEOMETRIC_LINE,1.0000,N/A
2026-09-05 21:34:26,1,UNNATURAL_GEOMETRIC_LINE,1.0000,N/A
2026-09-05 21:34:27,1,UNNATURAL_GEOMETRIC_LINE,1.0000,N/A
2026-09-05 21:34:39,1,UNNATURAL_GEOMETRIC_LINE,1.0000,N/A
2026-09-05 21:34:41,1,UNNATURAL_GEOMETRIC_LINE,1.0000,N/A
2026-09-05 21:34:42,1,UNNATURAL_GEOMETRIC_LINE,1.0000,N/A
2026-09-05 21:34:43,1,UNNATURAL_GEOMETRIC_LINE,1.0000,N/A
2026-09-05 21:34:49,1,UNNATURAL_GEOMETRIC_LINE,1.0000,N/A
2026-09-05 21:34:51,1,UNNATURAL_GEOMETRIC_LINE,1.0000,N/A
2026-09-05 21:34:54,1,UNNATURAL_GEOMETRIC_LINE,1.0000,N/A
2026-09-05 21:34:59,1,UNNATURAL_GEOMETRIC_LINE,1.0000,N/A
2026-09-05 21:35:02,1,UNNATURAL_GEOMETRIC_LINE,1.0000,N/A
2026-09-05 21:35:04,1,UNNATURAL_GEOMETRIC_LINE,1.0000,N/A
2026-09-05 21:35:05,1,UNNATURAL_GEOMETRIC_LINE,1.0000,N/A
2026-09-05 21:35:12,1,UNNATURAL_GEOMETRIC_LINE,1.0000,N/A
2026-09-05 21:35:15,1,UNNATURAL_GEOMETRIC_LINE,1.0000,N/A
2026-09-05 21:35:15,1,UNNATURAL_GEOMETRIC_LINE,1.0000,N/A
2026-09-05 21:35:16,1,UNNATURAL_GEOMETRIC_LINE,1.0000,N/A
2026-09-05 21:35:19,1,UNNATURAL_GEOMETRIC_LINE,1.0000,N/A
2026-09-05 21:35:20,1,UNNATURAL_GEOMETRIC_LINE,1.0000,N/A
2026-09-05 21:35:21,1,UNNATURAL_GEOMETRIC_LINE,1.0000,N/A
2026-09-05 21:35:25,1,UNNATURAL_GEOMETRIC_LINE,1.0000,N/A
2026-09-05 21:35:26,1,UNNATURAL_GEOMETRIC_LINE,1.0000,N/A
2026-09-05 21:35:30,1,UNNATURAL_GEOMETRIC_LINE,1.0000,N/A
2026-09-05 21:35:32,1,UNNATURAL_GEOMETRIC_LINE,1.0000,N/A
2026-09-05 21:35:32,1,UNNATURAL_GEOMETRIC_LINE,1.0000,N/A
2026-09-05 21:35:34,1,UNNATURAL_GEOMETRIC_LINE,1.0000,N/A
2026-09-05 21:35:38,1,UNNATURAL_GEOMETRIC_LINE,1.0000,N/A
2026-09-05 21:35:38,1,UNNATURAL_GEOMETRIC_LINE,1.0000,N/A
2026-09-05 21:35:39,1,UNNATURAL_GEOMETRIC_LINE,1.0000,N/A
2026-09-05 21:35:41,1,UNNATURAL_GEOMETRIC_LINE,1.0000,N/A
2026-09-05 21:35:41,1,UNNATURAL_GEOMETRIC_LINE,1.0000,N/A
2026-09-05 21:35:45,1,UNNATURAL_GEOMETRIC_LINE,1.0000,N/A
2026-09-05 21:35:48,1,UNNATURAL_GEOMETRIC_LINE,1.0000,N/A
2026-09-05 21:35:49,1,UNNATURAL_GEOMETRIC_LINE,1.0000,N/A
2026-09-05 21:35:54,1,UNNATURAL_GEOMETRIC_LINE,1.0000,N/A
2026-09-05 21:35:56,1,UNNATURAL_GEOMETRIC_LINE,1.0000,N/A
2026-09-05 21:35:56,1,UNNATURAL_GEOMETRIC_LINE,1.0000,N/A
2026-09-05 21:36:00,1,UNNATURAL_GEOMETRIC_LINE,1.0000,N/A
2026-09-05 21:36:03,1,UNNATURAL_GEOMETRIC_LINE,1.0000,N/A
2026-09-05 21:36:03,1,UNNATURAL_GEOMETRIC_LINE,1.0000,N/A
2026-09-05 21:36:04,1,UNNATURAL_GEOMETRIC_LINE,1.0000,N/A
2026-09-05 21:36:06,1,UNNATURAL_GEOMETRIC_LINE,1.0000,N/A
2026-09-05 21:36:06,1,UNNATURAL_GEOMETRIC_LINE,1.0000,N/A
2026-09-05 21:36:13,1,UNNATURAL_GEOMETRIC_LINE,1.0000,N/A
2026-09-05 21:36:15,1,UNNATURAL_GEOMETRIC_LINE,1.0000,N/A
2026-09-05 21:36:15,1,UNNATURAL_GEOMETRIC_LINE,1.0000,N/A
2026-09-05 21:36:16,1,MECHANICAL_LOCK_NO_TREMOR,1.0000,N/A
2026-09-05 21:36:19,1,UNNATURAL_GEOMETRIC_LINE,1.0000,N/A
2026-09-05 21:36:19,1,UNNATURAL_GEOMETRIC_LINE,1.0000,N/A
2026-09-05 21:36:20,1,MECHANICAL_LOCK_NO_TREMOR,1.0000,N/A
2026-09-05 21:36:22,1,UNNATURAL_GEOMETRIC_LINE,1.0000,N/A
2026-09-05 21:36:22,1,UNNATURAL_GEOMETRIC_LINE,1.0000,N/A
2026-09-05 21:36:23,1,UNNATURAL_GEOMETRIC_LINE,1.0000,N/A
2026-09-05 21:36:27,1,UNNATURAL_GEOMETRIC_LINE,1.0000,N/A
2026-09-05 21:36:27,1,UNNATURAL_GEOMETRIC_LINE,1.0000,N/A
2026-09-05 21:36:28,1,UNNATURAL_GEOMETRIC_LINE,1.0000,N/A
2026-09-05 21:36:33,1,UNNATURAL_GEOMETRIC_LINE,1.0000,N/A
2026-09-05 21:36:33,1,UNNATURAL_GEOMETRIC_LINE,1.0000,N/A
2026-09-05 21:36:34,1,UNNATURAL_GEOMETRIC_LINE,1.0000,N/A
2026-09-05 21:36:36,1,UNNATURAL_GEOMETRIC_LINE,1.0000,N/A
2026-09-05 21:36:38,1,UNNATURAL_GEOMETRIC_LINE,1.0000,N/A
2026-09-05 21:36:39,1,UNNATURAL_GEOMETRIC_LINE,1.0000,N/A
2026-09-05 21:36:40,1,UNNATURAL_GEOMETRIC_LINE,1.0000,N/A
2026-09-05 21:36:42,1,UNNATURAL_GEOMETRIC_LINE,1.0000,N/A
2026-09-05 21:36:42,1,UNNATURAL_GEOMETRIC_LINE,1.0000,N/A
2026-09-05 21:36:47,1,UNNATURAL_GEOMETRIC_LINE,1.0000,N/A
2026-09-05 21:36:50,1,UNNATURAL_GEOMETRIC_LINE,1.0000,N/A
2026-09-05 21:36:51,1,UNNATURAL_GEOMETRIC_LINE,1.0000,N/A
2026-09-05 21:36:52,1,UNNATURAL_GEOMETRIC_LINE,1.0000,N/A
2026-09-05 21:36:54,1,UNNATURAL_GEOMETRIC_LINE,1.0000,N/A
2026-09-05 21:36:54,1,UNNATURAL_GEOMETRIC_LINE,1.0000,N/A
2026-09-05 21:36:57,1,UNNATURAL_GEOMETRIC_LINE,1.0000,N/A
2026-09-05 21:37:00,1,UNNATURAL_GEOMETRIC_LINE,1.0000,N/A
2026-09-05 21:37:01,1,UNNATURAL_GEOMETRIC_LINE,1.0000,N/A
2026-09-05 21:37:05,1,UNNATURAL_GEOMETRIC_LINE,1.0000,N/A
2026-09-05 21:37:07,1,UNNATURAL_GEOMETRIC_LINE,1.0000,N/A
2026-09-05 21:37:07,1,UNNATURAL_GEOMETRIC_LINE,1.0000,N/A
2026-09-05 21:37:13,1,UNNATURAL_GEOMETRIC_LINE,1.0000,N/A
2026-09-05 21:37:15,1,UNNATURAL_GEOMETRIC_LINE,1.0000,N/A
2026-09-05 21:37:15,1,UNNATURAL_GEOMETRIC_LINE,1.0000,N/A
2026-09-05 21:37:17,1,UNNATURAL_GEOMETRIC_LINE,1.0000,N/A
2026-09-05 21:37:19,1,UNNATURAL_GEOMETRIC_LINE,1.0000,N/A
2026-09-05 21:37:22,1,UNNATURAL_GEOMETRIC_LINE,1.0000,N/A
2026-09-05 21:37:22,1,UNNATURAL_GEOMETRIC_LINE,1.0000,N/A
2026-09-05 21:37:28,1,UNNATURAL_GEOMETRIC_LINE,1.0000,N/A
2026-09-05 21:37:33,1,UNNATURAL_GEOMETRIC_LINE,1.0000,N/A
2026-09-05 21:37:34,1,UNNATURAL_GEOMETRIC_LINE,1.0000,N/A
2026-09-05 21:37:36,1,UNNATURAL_GEOMETRIC_LINE,1.0000,N/A
2026-09-05 21:37:37,1,UNNATURAL_GEOMETRIC_LINE,1.0000,N/A
2026-09-05 21:37:41,1,UNNATURAL_GEOMETRIC_LINE,1.0000,N/A
2026-09-05 21:37:43,1,UNNATURAL_GEOMETRIC_LINE,1.0000,N/A
2026-09-05 21:37:43,1,UNNATURAL_GEOMETRIC_LINE,1.0000,N/A
2026-09-05 21:37:45,1,UNNATURAL_GEOMETRIC_LINE,1.0000,N/A
2026-09-05 21:37:47,1,UNNATURAL_GEOMETRIC_LINE,1.0000,N/A
2026-09-05 21:37:48,1,UNNATURAL_GEOMETRIC_LINE,1.0000,N/A
2026-09-05 21:37:49,1,UNNATURAL_GEOMETRIC_LINE,1.0000,N/A
2026-09-05 21:37:54,1,UNNATURAL_GEOMETRIC_LINE,1.0000,N/A
2026-09-05 21:37:54,1,UNNATURAL_GEOMETRIC_LINE,1.0000,N/A
2026-09-05 21:37:55,1,UNNATURAL_GEOMETRIC_LINE,1.0000,N/A
2026-09-05 21:37:57,1,UNNATURAL_GEOMETRIC_LINE,1.0000,N/A
2026-09-05 21:37:57,1,UNNATURAL_GEOMETRIC_LINE,1.0000,N/A
2026-09-05 21:38:01,1,UNNATURAL_GEOMETRIC_LINE,1.0000,N/A
2026-09-05 21:38:03,1,UNNATURAL_GEOMETRIC_LINE,1.0000,N/A
2026-09-05 21:38:04,1,UNNATURAL_GEOMETRIC_LINE,1.0000,N/A
2026-09-05 21:38:05,1,UNNATURAL_GEOMETRIC_LINE,1.0000,N/A
2026-09-05 21:38:06,1,UNNATURAL_GEOMETRIC_LINE,1.0000,N/A
2026-09-05 21:38:07,1,UNNATURAL_GEOMETRIC_LINE,1.0000,N/A
2026-09-05 21:38:12,1,UNNATURAL_GEOMETRIC_LINE,1.0000,N/A
2026-09-05 21:38:14,1,UNNATURAL_GEOMETRIC_LINE,1.0000,N/A
2026-09-05 21:38:14,1,UNNATURAL_GEOMETRIC_LINE,1.0000,N/A
2026-09-05 21:38:15,1,UNNATURAL_GEOMETRIC_LINE,1.0000,N/A
2026-09-05 21:38:18,1,UNNATURAL_GEOMETRIC_LINE,1.0000,N/A
2026-09-05 21:38:18,1,UNNATURAL_GEOMETRIC_LINE,1.0000,N/A
2026-09-05 21:38:22,1,UNNATURAL_GEOMETRIC_LINE,1.0000,N/A
2026-09-05 21:38:26,1,UNNATURAL_GEOMETRIC_LINE,1.0000,N/A
2026-09-05 21:38:27,1,UNNATURAL_GEOMETRIC_LINE,1.0000,N/A
2026-09-05 21:38:30,1,UNNATURAL_GEOMETRIC_LINE,1.0000,N/A
2026-09-05 21:38:33,1,UNNATURAL_GEOMETRIC_LINE,1.0000,N/A
2026-09-05 21:38:34,1,UNNATURAL_GEOMETRIC_LINE,1.0000,N/A
2026-09-05 21:38:38,1,UNNATURAL_GEOMETRIC_LINE,1.0000,N/A
2026-09-05 21:38:40,1,UNNATURAL_GEOMETRIC_LINE,1.0000,N/A
2026-09-05 21:38:41,1,UNNATURAL_GEOMETRIC_LINE,1.0000,N/A
2026-09-05 21:38:42,1,UNNATURAL_GEOMETRIC_LINE,1.0000,N/A
2026-09-05 21:38:43,1,UNNATURAL_GEOMETRIC_LINE,1.0000,N/A
2026-09-05 21:38:44,1,UNNATURAL_GEOMETRIC_LINE,1.0000,N/A
2026-09-05 21:38:50,1,UNNATURAL_GEOMETRIC_LINE,1.0000,N/A
2026-09-05 21:38:52,1,UNNATURAL_GEOMETRIC_LINE,1.0000,N/A
2026-09-05 21:38:52,1,UNNATURAL_GEOMETRIC_LINE,1.0000,N/A
2026-09-05 21:38:59,1,UNNATURAL_GEOMETRIC_LINE,1.0000,N/A
2026-09-05 21:39:01,1,UNNATURAL_GEOMETRIC_LINE,1.0000,N/A
2026-09-05 21:39:01,1,UNNATURAL_GEOMETRIC_LINE,1.0000,N/A
2026-09-05 21:39:02,1,UNNATURAL_GEOMETRIC_LINE,1.0000,N/A
2026-09-05 21:39:04,1,UNNATURAL_GEOMETRIC_LINE,1.0000,N/A
2026-09-05 21:39:04,1,UNNATURAL_GEOMETRIC_LINE,1.0000,N/A
2026-09-05 21:39:05,1,UNNATURAL_GEOMETRIC_LINE,1.0000,N/A
2026-09-05 21:39:10,1,UNNATURAL_GEOMETRIC_LINE,1.0000,N/A
2026-09-05 21:39:10,1,UNNATURAL_GEOMETRIC_LINE,1.0000,N/A
2026-09-05 21:39:12,1,UNNATURAL_GEOMETRIC_LINE,1.0000,N/A
2026-09-05 21:39:14,1,UNNATURAL_GEOMETRIC_LINE,1.0000,N/A
2026-09-05 21:39:15,1,UNNATURAL_GEOMETRIC_LINE,1.0000,N/A
2026-09-05 21:39:16,1,UNNATURAL_GEOMETRIC_LINE,1.0000,N/A
2026-09-05 21:39:18,1,UNNATURAL_GEOMETRIC_LINE,1.0000,N/A
2026-09-05 21:39:18,1,UNNATURAL_GEOMETRIC_LINE,1.0000,N/A
2026-09-05 21:39:21,1,UNNATURAL_GEOMETRIC_LINE,1.0000,N/A
2026-09-05 21:39:23,1,UNNATURAL_GEOMETRIC_LINE,1.0000,N/A
2026-09-05 21:39:23,1,UNNATURAL_GEOMETRIC_LINE,1.0000,N/A
2026-09-05 21:39:27,1,UNNATURAL_GEOMETRIC_LINE,1.0000,N/A
2026-09-05 21:39:29,1,UNNATURAL_GEOMETRIC_LINE,1.0000,N/A
2026-09-05 21:39:31,1,UNNATURAL_GEOMETRIC_LINE,1.0000,N/A
2026-09-05 21:39:32,1,UNNATURAL_GEOMETRIC_LINE,1.0000,N/A
2026-09-05 21:39:32,1,MECHANICAL_LOCK_NO_TREMOR,1.0000,N/A
2026-09-05 21:39:34,1,UNNATURAL_GEOMETRIC_LINE,1.0000,N/A
2026-09-05 21:39:35,1,UNNATURAL_GEOMETRIC_LINE,1.0000,N/A
2026-09-05 21:39:36,1,UNNATURAL_GEOMETRIC_LINE,1.0000,N/A
2026-09-05 21:39:39,1,UNNATURAL_GEOMETRIC_LINE,1.0000,N/A
2026-09-05 21:39:48,1,UNNATURAL_GEOMETRIC_LINE,1.0000,N/A
2026-09-05 21:39:51,1,UNNATURAL_GEOMETRIC_LINE,1.0000,N/A
2026-09-05 21:39:53,1,UNNATURAL_GEOMETRIC_LINE,1.0000,N/A
2026-09-05 21:39:55,1,UNNATURAL_GEOMETRIC_LINE,1.0000,N/A
2026-09-05 21:39:56,1,UNNATURAL_GEOMETRIC_LINE,1.0000,N/A
2026-09-05 21:39:57,1,UNNATURAL_GEOMETRIC_LINE,1.0000,N/A
2026-09-05 21:39:59,1,UNNATURAL_GEOMETRIC_LINE,1.0000,N/A
2026-09-05 21:39:59,1,UNNATURAL_GEOMETRIC_LINE,1.0000,N/A
2026-09-05 21:40:04,1,UNNATURAL_GEOMETRIC_LINE,1.0000,N/A
2026-09-05 21:40:09,1,UNNATURAL_GEOMETRIC_LINE,1.0000,N/A
2026-09-05 21:40:09,1,UNNATURAL_GEOMETRIC_LINE,1.0000,N/A
2026-09-05 21:40:11,1,UNNATURAL_GEOMETRIC_LINE,1.0000,N/A
2026-09-05 21:40:19,1,UNNATURAL_GEOMETRIC_LINE,1.0000,N/A
2026-09-05 21:40:19,1,UNNATURAL_GEOMETRIC_LINE,1.0000,N/A
2026-09-05 21:40:20,1,UNNATURAL_GEOMETRIC_LINE,1.0000,N/A
2026-09-05 21:40:22,1,UNNATURAL_GEOMETRIC_LINE,1.0000,N/A
2026-09-05 21:40:22,1,UNNATURAL_GEOMETRIC_LINE,1.0000,N/A
2026-09-05 21:40:23,1,UNNATURAL_GEOMETRIC_LINE,1.0000,N/A
2026-09-05 21:40:26,1,UNNATURAL_GEOMETRIC_LINE,1.0000,N/A
2026-09-05 21:40:27,1,UNNATURAL_GEOMETRIC_LINE,1.0000,N/A
2026-09-05 21:40:31,1,UNNATURAL_GEOMETRIC_LINE,1.0000,N/A
2026-09-05 21:40:33,1,UNNATURAL_GEOMETRIC_LINE,1.0000,N/A
2026-09-05 21:40:33,1,UNNATURAL_GEOMETRIC_LINE,1.0000,N/A
2026-09-05 21:40:36,1,UNNATURAL_GEOMETRIC_LINE,1.0000,N/A
2026-09-05 21:40:38,1,UNNATURAL_GEOMETRIC_LINE,1.0000,N/A
2026-09-05 21:40:38,1,UNNATURAL_GEOMETRIC_LINE,1.0000,N/A
2026-09-05 21:40:43,1,UNNATURAL_GEOMETRIC_LINE,1.0000,N/A
2026-09-05 21:40:46,1,UNNATURAL_GEOMETRIC_LINE,1.0000,N/A
2026-09-05 21:40:47,1,UNNATURAL_GEOMETRIC_LINE,1.0000,N/A
2026-09-05 21:40:48,1,UNNATURAL_GEOMETRIC_LINE,1.0000,N/A
2026-09-05 21:40:50,1,UNNATURAL_GEOMETRIC_LINE,1.0000,N/A
2026-09-05 21:40:50,1,UNNATURAL_GEOMETRIC_LINE,1.0000,N/A
2026-09-05 21:40:52,1,UNNATURAL_GEOMETRIC_LINE,1.0000,N/A
2026-09-05 21:40:54,1,UNNATURAL_GEOMETRIC_LINE,1.0000,N/A
2026-09-05 21:40:54,1,UNNATURAL_GEOMETRIC_LINE,1.0000,N/A
2026-09-05 21:40:57,1,UNNATURAL_GEOMETRIC_LINE,1.0000,N/A
2026-09-05 21:41:00,1,UNNATURAL_GEOMETRIC_LINE,1.0000,N/A
2026-09-05 21:41:00,1,UNNATURAL_GEOMETRIC_LINE,1.0000,N/A
2026-09-05 21:41:01,1,MECHANICAL_LOCK_NO_TREMOR,1.0000,N/A
2026-09-05 21:41:02,1,UNNATURAL_GEOMETRIC_LINE,1.0000,N/A
2026-09-05 21:41:03,1,UNNATURAL_GEOMETRIC_LINE,1.0000,N/A
2026-09-05 21:41:06,1,UNNATURAL_GEOMETRIC_LINE,1.0000,N/A
2026-09-05 21:41:08,1,UNNATURAL_GEOMETRIC_LINE,1.0000,N/A
2026-09-05 21:41:09,1,UNNATURAL_GEOMETRIC_LINE,1.0000,N/A
2026-09-05 21:41:11,1,UNNATURAL_GEOMETRIC_LINE,1.0000,N/A
2026-09-05 21:41:13,1,UNNATURAL_GEOMETRIC_LINE,1.0000,N/A
2026-09-05 21:41:13,1,UNNATURAL_GEOMETRIC_LINE,1.0000,N/A
2026-09-05 21:41:17,1,UNNATURAL_GEOMETRIC_LINE,1.0000,N/A
2026-09-05 21:41:19,1,UNNATURAL_GEOMETRIC_LINE,1.0000,N/A
2026-09-05 21:41:20,1,UNNATURAL_GEOMETRIC_LINE,1.0000,N/A
2026-09-05 21:41:24,1,UNNATURAL_GEOMETRIC_LINE,1.0000,N/A
2026-09-05 21:41:26,1,UNNATURAL_GEOMETRIC_LINE,1.0000,N/A
2026-09-05 21:41:26,1,UNNATURAL_GEOMETRIC_LINE,1.0000,N/A
2026-09-05 21:41:32,1,UNNATURAL_GEOMETRIC_LINE,1.0000,N/A
2026-09-05 21:41:34,1,UNNATURAL_GEOMETRIC_LINE,1.0000,N/A
2026-09-05 21:41:35,1,UNNATURAL_GEOMETRIC_LINE,1.0000,N/A
2026-09-05 21:41:38,1,UNNATURAL_GEOMETRIC_LINE,1.0000,N/A
2026-09-05 21:41:40,1,UNNATURAL_GEOMETRIC_LINE,1.0000,N/A
2026-09-05 21:41:41,1,UNNATURAL_GEOMETRIC_LINE,1.0000,N/A
2026-09-05 21:41:45,1,UNNATURAL_GEOMETRIC_LINE,1.0000,N/A
2026-09-05 21:41:48,1,UNNATURAL_GEOMETRIC_LINE,1.0000,N/A
2026-09-05 21:41:49,1,UNNATURAL_GEOMETRIC_LINE,1.0000,N/A
2026-09-05 21:41:51,1,UNNATURAL_GEOMETRIC_LINE,1.0000,N/A
2026-09-05 21:41:55,1,UNNATURAL_GEOMETRIC_LINE,1.0000,N/A
2026-09-05 21:41:58,1,UNNATURAL_GEOMETRIC_LINE,1.0000,N/A
2026-09-05 21:42:00,1,UNNATURAL_GEOMETRIC_LINE,1.0000,N/A
2026-09-05 21:42:00,1,UNNATURAL_GEOMETRIC_LINE,1.0000,N/A
2026-09-05 21:42:04,1,UNNATURAL_GEOMETRIC_LINE,1.0000,N/A
2026-09-05 21:42:08,1,UNNATURAL_GEOMETRIC_LINE,1.0000,N/A
2026-09-05 21:42:08,1,UNNATURAL_GEOMETRIC_LINE,1.0000,N/A
2026-09-05 21:42:13,1,UNNATURAL_GEOMETRIC_LINE,1.0000,N/A
2026-09-05 21:42:19,1,UNNATURAL_GEOMETRIC_LINE,1.0000,N/A
2026-09-05 21:42:19,1,UNNATURAL_GEOMETRIC_LINE,1.0000,N/A
2026-09-05 21:42:23,1,UNNATURAL_GEOMETRIC_LINE,1.0000,N/A
2026-09-05 21:42:28,1,UNNATURAL_GEOMETRIC_LINE,1.0000,N/A
2026-09-05 21:42:28,1,UNNATURAL_GEOMETRIC_LINE,1.0000,N/A
2026-09-05 21:42:30,1,UNNATURAL_GEOMETRIC_LINE,1.0000,N/A
2026-09-05 21:42:32,1,UNNATURAL_GEOMETRIC_LINE,1.0000,N/A
2026-09-05 21:42:32,1,UNNATURAL_GEOMETRIC_LINE,1.0000,N/A
2026-09-05 21:42:34,1,UNNATURAL_GEOMETRIC_LINE,1.0000,N/A
2026-09-05 21:42:36,1,UNNATURAL_GEOMETRIC_LINE,1.0000,N/A
2026-09-05 21:42:37,1,UNNATURAL_GEOMETRIC_LINE,1.0000,N/A
2026-09-05 21:42:39,1,UNNATURAL_GEOMETRIC_LINE,1.0000,N/A
2026-09-05 21:42:41,1,UNNATURAL_GEOMETRIC_LINE,1.0000,N/A
2026-09-05 21:42:42,1,UNNATURAL_GEOMETRIC_LINE,1.0000,N/A
2026-09-05 21:42:47,1,UNNATURAL_GEOMETRIC_LINE,1.0000,N/A
2026-09-05 21:42:49,1,UNNATURAL_GEOMETRIC_LINE,1.0000,N/A
2026-09-05 21:42:50,1,UNNATURAL_GEOMETRIC_LINE,1.0000,N/A
2026-09-05 21:42:51,1,UNNATURAL_GEOMETRIC_LINE,1.0000,N/A
2026-09-05 21:42:54,1,UNNATURAL_GEOMETRIC_LINE,1.0000,N/A
2026-09-05 21:42:55,1,UNNATURAL_GEOMETRIC_LINE,1.0000,N/A
2026-09-05 21:42:56,1,UNNATURAL_GEOMETRIC_LINE,1.0000,N/A
2026-09-05 21:43:00,1,UNNATURAL_GEOMETRIC_LINE,1.0000,N/A
2026-09-05 21:43:00,1,UNNATURAL_GEOMETRIC_LINE,1.0000,N/A
2026-09-05 21:43:01,1,UNNATURAL_GEOMETRIC_LINE,1.0000,N/A
2026-09-05 21:43:03,1,UNNATURAL_GEOMETRIC_LINE,1.0000,N/A
2026-09-05 21:43:03,1,UNNATURAL_GEOMETRIC_LINE,1.0000,N/A
2026-09-05 21:43:07,1,UNNATURAL_GEOMETRIC_LINE,1.0000,N/A
2026-09-05 21:43:09,1,UNNATURAL_GEOMETRIC_LINE,1.0000,N/A
2026-09-05 21:43:09,1,UNNATURAL_GEOMETRIC_LINE,1.0000,N/A
2026-09-05 21:43:11,1,UNNATURAL_GEOMETRIC_LINE,1.0000,N/A
2026-09-05 21:43:14,1,UNNATURAL_GEOMETRIC_LINE,1.0000,N/A
2026-09-05 21:43:15,1,UNNATURAL_GEOMETRIC_LINE,1.0000,N/A
2026-09-05 21:43:23,1,UNNATURAL_GEOMETRIC_LINE,1.0000,N/A
2026-09-05 21:43:25,1,UNNATURAL_GEOMETRIC_LINE,1.0000,N/A
2026-09-05 21:43:26,1,UNNATURAL_GEOMETRIC_LINE,1.0000,N/A
2026-09-05 21:43:27,1,UNNATURAL_GEOMETRIC_LINE,1.0000,N/A
2026-09-05 21:43:29,1,UNNATURAL_GEOMETRIC_LINE,1.0000,N/A
2026-09-05 21:43:29,1,UNNATURAL_GEOMETRIC_LINE,1.0000,N/A
2026-09-05 21:43:33,1,UNNATURAL_GEOMETRIC_LINE,1.0000,N/A
2026-09-05 21:43:36,1,UNNATURAL_GEOMETRIC_LINE,1.0000,N/A
2026-09-05 21:43:36,1,UNNATURAL_GEOMETRIC_LINE,1.0000,N/A
2026-09-05 21:43:43,1,UNNATURAL_GEOMETRIC_LINE,1.0000,N/A
2026-09-05 21:43:49,1,UNNATURAL_GEOMETRIC_LINE,1.0000,N/A
2026-09-05 21:43:50,1,UNNATURAL_GEOMETRIC_LINE,1.0000,N/A
2026-09-05 21:43:53,1,UNNATURAL_GEOMETRIC_LINE,1.0000,N/A
2026-09-05 21:43:57,1,UNNATURAL_GEOMETRIC_LINE,1.0000,N/A
2026-09-05 21:43:58,1,UNNATURAL_GEOMETRIC_LINE,1.0000,N/A
2026-09-05 21:44:00,1,UNNATURAL_GEOMETRIC_LINE,1.0000,N/A
2026-09-05 21:44:00,1,UNNATURAL_GEOMETRIC_LINE,1.0000,N/A
2026-09-05 21:44:04,1,UNNATURAL_GEOMETRIC_LINE,1.0000,N/A
2026-09-05 21:44:06,1,UNNATURAL_GEOMETRIC_LINE,1.0000,N/A
2026-09-05 21:44:06,1,UNNATURAL_GEOMETRIC_LINE,1.0000,N/A
2026-09-05 21:44:07,1,MECHANICAL_LOCK_NO_TREMOR,1.0000,N/A
2026-09-05 21:44:08,1,UNNATURAL_GEOMETRIC_LINE,1.0000,N/A
2026-09-05 21:44:09,1,UNNATURAL_GEOMETRIC_LINE,1.0000,N/A
2026-09-05 21:44:12,1,UNNATURAL_GEOMETRIC_LINE,1.0000,N/A
2026-09-05 21:44:14,1,UNNATURAL_GEOMETRIC_LINE,1.0000,N/A
2026-09-05 21:44:14,1,UNNATURAL_GEOMETRIC_LINE,1.0000,N/A
2026-09-05 21:44:15,1,UNNATURAL_GEOMETRIC_LINE,1.0000,N/A
2026-09-05 21:44:18,1,UNNATURAL_GEOMETRIC_LINE,1.0000,N/A
2026-09-05 21:44:21,1,UNNATURAL_GEOMETRIC_LINE,1.0000,N/A
2026-09-05 21:44:23,1,UNNATURAL_GEOMETRIC_LINE,1.0000,N/A
2026-09-05 21:44:23,1,UNNATURAL_GEOMETRIC_LINE,1.0000,N/A
2026-09-05 21:44:25,1,UNNATURAL_GEOMETRIC_LINE,1.0000,N/A
2026-09-05 21:44:27,1,UNNATURAL_GEOMETRIC_LINE,1.0000,N/A
2026-09-05 21:44:28,1,UNNATURAL_GEOMETRIC_LINE,1.0000,N/A
2026-09-05 21:44:30,1,UNNATURAL_GEOMETRIC_LINE,1.0000,N/A
2026-09-05 21:44:31,1,UNNATURAL_GEOMETRIC_LINE,1.0000,N/A
2026-09-05 21:44:32,1,UNNATURAL_GEOMETRIC_LINE,1.0000,N/A
2026-09-05 21:44:35,1,UNNATURAL_GEOMETRIC_LINE,1.0000,N/A
2026-09-05 21:44:37,1,UNNATURAL_GEOMETRIC_LINE,1.0000,N/A
2026-09-05 21:44:38,1,UNNATURAL_GEOMETRIC_LINE,1.0000,N/A
2026-09-05 21:44:44,1,UNNATURAL_GEOMETRIC_LINE,1.0000,N/A
2026-09-05 21:44:47,1,UNNATURAL_GEOMETRIC_LINE,1.0000,N/A
2026-09-05 21:44:47,1,UNNATURAL_GEOMETRIC_LINE,1.0000,N/A
2026-09-05 21:44:49,1,UNNATURAL_GEOMETRIC_LINE,1.0000,N/A
2026-09-05 21:44:51,1,UNNATURAL_GEOMETRIC_LINE,1.0000,N/A
2026-09-05 21:44:51,1,UNNATURAL_GEOMETRIC_LINE,1.0000,N/A
2026-09-05 21:45:01,1,UNNATURAL_GEOMETRIC_LINE,1.0000,N/A
2026-09-05 21:45:04,1,UNNATURAL_GEOMETRIC_LINE,1.0000,N/A
2026-09-05 21:45:10,1,UNNATURAL_GEOMETRIC_LINE,1.0000,N/A
2026-09-05 21:45:11,1,UNNATURAL_GEOMETRIC_LINE,1.0000,N/A
2026-09-05 21:45:12,1,UNNATURAL_GEOMETRIC_LINE,1.0000,N/A
2026-09-05 21:45:14,1,UNNATURAL_GEOMETRIC_LINE,1.0000,N/A
2026-09-05 21:45:14,1,UNNATURAL_GEOMETRIC_LINE,1.0000,N/A
2026-09-05 21:45:28,1,UNNATURAL_GEOMETRIC_LINE,1.0000,N/A
2026-09-05 21:45:30,1,UNNATURAL_GEOMETRIC_LINE,1.0000,N/A
2026-09-05 21:45:30,1,UNNATURAL_GEOMETRIC_LINE,1.0000,N/A
2026-09-05 21:45:32,1,UNNATURAL_GEOMETRIC_LINE,1.0000,N/A
2026-09-05 21:45:35,1,UNNATURAL_GEOMETRIC_LINE,1.0000,N/A
2026-09-05 21:45:37,1,UNNATURAL_GEOMETRIC_LINE,1.0000,N/A
2026-09-05 21:45:39,1,UNNATURAL_GEOMETRIC_LINE,1.0000,N/A
2026-09-05 21:45:40,1,UNNATURAL_GEOMETRIC_LINE,1.0000,N/A
2026-09-05 21:45:40,1,UNNATURAL_GEOMETRIC_LINE,1.0000,N/A
2026-09-05 21:45:42,1,UNNATURAL_GEOMETRIC_LINE,1.0000,N/A
2026-09-05 21:45:43,1,UNNATURAL_GEOMETRIC_LINE,1.0000,N/A
2026-09-05 21:45:46,1,UNNATURAL_GEOMETRIC_LINE,1.0000,N/A
2026-09-05 21:45:49,1,UNNATURAL_GEOMETRIC_LINE,1.0000,N/A
2026-09-05 21:45:49,1,UNNATURAL_GEOMETRIC_LINE,1.0000,N/A
2026-09-05 21:45:52,1,UNNATURAL_GEOMETRIC_LINE,1.0000,N/A
2026-09-05 21:45:53,1,UNNATURAL_GEOMETRIC_LINE,1.0000,N/A
2026-09-05 21:46:00,1,UNNATURAL_GEOMETRIC_LINE,1.0000,N/A
2026-09-05 21:46:02,1,UNNATURAL_GEOMETRIC_LINE,1.0000,N/A
2026-09-05 21:46:03,1,UNNATURAL_GEOMETRIC_LINE,1.0000,N/A
2026-09-05 21:46:03,1,UNNATURAL_GEOMETRIC_LINE,1.0000,N/A
2026-09-05 21:46:05,1,UNNATURAL_GEOMETRIC_LINE,1.0000,N/A
2026-09-05 21:46:06,1,UNNATURAL_GEOMETRIC_LINE,1.0000,N/A
2026-09-05 21:46:07,1,UNNATURAL_GEOMETRIC_LINE,1.0000,N/A
2026-09-05 21:46:10,1,UNNATURAL_GEOMETRIC_LINE,1.0000,N/A
2026-09-05 21:46:10,1,UNNATURAL_GEOMETRIC_LINE,1.0000,N/A
2026-09-05 21:46:12,1,UNNATURAL_GEOMETRIC_LINE,1.0000,N/A
2026-09-05 21:46:15,1,UNNATURAL_GEOMETRIC_LINE,1.0000,N/A
2026-09-05 21:46:16,1,UNNATURAL_GEOMETRIC_LINE,1.0000,N/A
2026-09-05 21:46:17,1,UNNATURAL_GEOMETRIC_LINE,1.0000,N/A
2026-09-05 21:46:18,1,UNNATURAL_GEOMETRIC_LINE,1.0000,N/A
2026-09-05 21:46:22,1,UNNATURAL_GEOMETRIC_LINE,1.0000,N/A
2026-09-05 21:46:25,1,UNNATURAL_GEOMETRIC_LINE,1.0000,N/A
2026-09-05 21:46:25,1,UNNATURAL_GEOMETRIC_LINE,1.0000,N/A
2026-09-05 21:46:29,1,UNNATURAL_GEOMETRIC_LINE,1.0000,N/A
2026-09-05 21:46:32,1,UNNATURAL_GEOMETRIC_LINE,1.0000,N/A
2026-09-05 21:46:32,1,UNNATURAL_GEOMETRIC_LINE,1.0000,N/A
2026-09-05 21:46:36,1,UNNATURAL_GEOMETRIC_LINE,1.0000,N/A
2026-09-05 21:46:38,1,UNNATURAL_GEOMETRIC_LINE,1.0000,N/A
2026-09-05 21:46:38,1,UNNATURAL_GEOMETRIC_LINE,1.0000,N/A
2026-09-05 21:46:41,1,UNNATURAL_GEOMETRIC_LINE,1.0000,N/A
2026-09-05 21:46:43,1,UNNATURAL_GEOMETRIC_LINE,1.0000,N/A
2026-09-05 21:46:44,1,UNNATURAL_GEOMETRIC_LINE,1.0000,N/A
2026-09-05 21:46:47,1,UNNATURAL_GEOMETRIC_LINE,1.0000,N/A
2026-09-05 21:46:48,1,UNNATURAL_GEOMETRIC_LINE,1.0000,N/A
2026-09-05 21:46:49,1,UNNATURAL_GEOMETRIC_LINE,1.0000,N/A
2026-09-05 21:46:51,1,UNNATURAL_GEOMETRIC_LINE,1.0000,N/A
2026-09-05 21:46:53,1,UNNATURAL_GEOMETRIC_LINE,1.0000,N/A
2026-09-05 21:46:54,1,UNNATURAL_GEOMETRIC_LINE,1.0000,N/A
2026-09-05 21:46:57,1,UNNATURAL_GEOMETRIC_LINE,1.0000,N/A
2026-09-05 21:46:59,1,UNNATURAL_GEOMETRIC_LINE,1.0000,N/A
2026-09-05 21:46:59,1,UNNATURAL_GEOMETRIC_LINE,1.0000,N/A
2026-09-05 21:47:06,1,UNNATURAL_GEOMETRIC_LINE,1.0000,N/A
2026-09-05 21:47:08,1,UNNATURAL_GEOMETRIC_LINE,1.0000,N/A
2026-09-05 21:47:09,1,UNNATURAL_GEOMETRIC_LINE,1.0000,N/A
2026-09-05 21:47:11,1,UNNATURAL_GEOMETRIC_LINE,1.0000,N/A
2026-09-05 21:47:13,1,UNNATURAL_GEOMETRIC_LINE,1.0000,N/A
2026-09-05 21:47:14,1,UNNATURAL_GEOMETRIC_LINE,1.0000,N/A
2026-09-05 21:47:22,1,UNNATURAL_GEOMETRIC_LINE,1.0000,N/A
2026-09-05 21:47:25,1,UNNATURAL_GEOMETRIC_LINE,1.0000,N/A
2026-09-05 21:47:26,1,UNNATURAL_GEOMETRIC_LINE,1.0000,N/A
2026-09-05 21:47:27,1,UNNATURAL_GEOMETRIC_LINE,1.0000,N/A
2026-09-05 21:47:30,1,UNNATURAL_GEOMETRIC_LINE,1.0000,N/A
2026-09-05 21:47:32,1,UNNATURAL_GEOMETRIC_LINE,1.0000,N/A
2026-09-05 21:47:32,1,UNNATURAL_GEOMETRIC_LINE,1.0000,N/A
2026-09-05 21:47:34,1,UNNATURAL_GEOMETRIC_LINE,1.0000,N/A
2026-09-05 21:47:37,1,UNNATURAL_GEOMETRIC_LINE,1.0000,N/A
2026-09-05 21:47:38,1,UNNATURAL_GEOMETRIC_LINE,1.0000,N/A
2026-09-05 21:47:38,1,MECHANICAL_LOCK_NO_TREMOR,1.0000,N/A
2026-09-05 21:47:40,1,UNNATURAL_GEOMETRIC_LINE,1.0000,N/A
2026-09-05 21:47:41,1,UNNATURAL_GEOMETRIC_LINE,1.0000,N/A
2026-09-05 21:47:42,1,MECHANICAL_LOCK_NO_TREMOR,1.0000,N/A
2026-09-05 21:47:43,1,UNNATURAL_GEOMETRIC_LINE,1.0000,N/A
2026-09-05 21:47:44,1,UNNATURAL_GEOMETRIC_LINE,1.0000,N/A
2026-09-05 21:47:46,1,UNNATURAL_GEOMETRIC_LINE,1.0000,N/A
2026-09-05 21:47:49,1,UNNATURAL_GEOMETRIC_LINE,1.0000,N/A
2026-09-05 21:47:51,1,UNNATURAL_GEOMETRIC_LINE,1.0000,N/A
2026-09-05 21:47:51,1,UNNATURAL_GEOMETRIC_LINE,1.0000,N/A
2026-09-05 21:47:52,1,MECHANICAL_LOCK_NO_TREMOR,1.0000,N/A
2026-09-05 21:47:56,1,UNNATURAL_GEOMETRIC_LINE,1.0000,N/A
2026-09-05 21:48:03,1,UNNATURAL_GEOMETRIC_LINE,1.0000,N/A
2026-09-05 21:48:05,1,UNNATURAL_GEOMETRIC_LINE,1.0000,N/A
2026-09-05 21:48:06,1,UNNATURAL_GEOMETRIC_LINE,1.0000,N/A
2026-09-05 21:48:07,1,UNNATURAL_GEOMETRIC_LINE,1.0000,N/A
2026-09-05 21:48:13,1,UNNATURAL_GEOMETRIC_LINE,1.0000,N/A
2026-09-05 21:48:14,1,UNNATURAL_GEOMETRIC_LINE,1.0000,N/A
2026-09-05 21:48:14,1,MECHANICAL_LOCK_NO_TREMOR,1.0000,N/A
2026-09-05 21:48:17,1,UNNATURAL_GEOMETRIC_LINE,1.0000,N/A
2026-09-05 21:48:18,1,UNNATURAL_GEOMETRIC_LINE,1.0000,N/A
2026-09-05 21:48:20,1,UNNATURAL_GEOMETRIC_LINE,1.0000,N/A
2026-09-05 21:48:25,1,UNNATURAL_GEOMETRIC_LINE,1.0000,N/A
2026-09-05 21:48:26,1,UNNATURAL_GEOMETRIC_LINE,1.0000,N/A
2026-09-05 21:48:30,1,UNNATURAL_GEOMETRIC_LINE,1.0000,N/A
2026-09-05 21:48:33,1,UNNATURAL_GEOMETRIC_LINE,1.0000,N/A
2026-09-05 21:48:34,1,UNNATURAL_GEOMETRIC_LINE,1.0000,N/A
2026-09-05 21:48:39,1,UNNATURAL_GEOMETRIC_LINE,1.0000,N/A
2026-09-05 21:48:42,1,UNNATURAL_GEOMETRIC_LINE,1.0000,N/A
2026-09-05 21:48:42,1,UNNATURAL_GEOMETRIC_LINE,1.0000,N/A
2026-09-05 21:48:44,1,UNNATURAL_GEOMETRIC_LINE,1.0000,N/A
2026-09-05 21:48:46,1,UNNATURAL_GEOMETRIC_LINE,1.0000,N/A
2026-09-05 21:48:46,1,UNNATURAL_GEOMETRIC_LINE,1.0000,N/A
2026-09-05 21:48:47,1,UNNATURAL_GEOMETRIC_LINE,1.0000,N/A
2026-09-05 21:48:49,1,UNNATURAL_GEOMETRIC_LINE,1.0000,N/A
2026-09-05 21:48:50,1,UNNATURAL_GEOMETRIC_LINE,1.0000,N/A
2026-09-05 21:48:51,1,UNNATURAL_GEOMETRIC_LINE,1.0000,N/A
2026-09-05 21:48:52,1,UNNATURAL_GEOMETRIC_LINE,1.0000,N/A
2026-09-05 21:48:53,1,UNNATURAL_GEOMETRIC_LINE,1.0000,N/A
2026-09-05 21:48:56,1,UNNATURAL_GEOMETRIC_LINE,1.0000,N/A
2026-09-05 21:48:58,1,UNNATURAL_GEOMETRIC_LINE,1.0000,N/A
2026-09-05 21:48:58,1,UNNATURAL_GEOMETRIC_LINE,1.0000,N/A
2026-09-05 21:49:00,1,UNNATURAL_GEOMETRIC_LINE,1.0000,N/A
2026-09-05 21:49:03,1,UNNATURAL_GEOMETRIC_LINE,1.0000,N/A
2026-09-05 21:49:03,1,UNNATURAL_GEOMETRIC_LINE,1.0000,N/A
2026-09-05 21:49:08,1,UNNATURAL_GEOMETRIC_LINE,1.0000,N/A
2026-09-05 21:49:10,1,UNNATURAL_GEOMETRIC_LINE,1.0000,N/A
2026-09-05 21:49:10,1,UNNATURAL_GEOMETRIC_LINE,1.0000,N/A
2026-09-05 21:49:15,1,UNNATURAL_GEOMETRIC_LINE,1.0000,N/A
2026-09-05 21:49:17,1,UNNATURAL_GEOMETRIC_LINE,1.0000,N/A
2026-09-05 21:49:18,1,UNNATURAL_GEOMETRIC_LINE,1.0000,N/A
2026-09-05 21:49:20,1,UNNATURAL_GEOMETRIC_LINE,1.0000,N/A
2026-09-05 21:49:22,1,UNNATURAL_GEOMETRIC_LINE,1.0000,N/A
2026-09-05 21:49:23,1,UNNATURAL_GEOMETRIC_LINE,1.0000,N/A
2026-09-05 21:49:23,1,UNNATURAL_GEOMETRIC_LINE,1.0000,N/A
2026-09-05 21:49:26,1,UNNATURAL_GEOMETRIC_LINE,1.0000,N/A
2026-09-05 21:49:35,1,UNNATURAL_GEOMETRIC_LINE,1.0000,N/A
2026-09-05 21:49:38,1,UNNATURAL_GEOMETRIC_LINE,1.0000,N/A
2026-09-05 21:49:40,1,UNNATURAL_GEOMETRIC_LINE,1.0000,N/A
2026-09-05 21:49:41,1,UNNATURAL_GEOMETRIC_LINE,1.0000,N/A
2026-09-05 21:49:43,1,UNNATURAL_GEOMETRIC_LINE,1.0000,N/A
2026-09-05 21:49:49,1,UNNATURAL_GEOMETRIC_LINE,1.0000,N/A
2026-09-05 21:49:50,1,UNNATURAL_GEOMETRIC_LINE,1.0000,N/A
2026-09-05 21:49:52,1,UNNATURAL_GEOMETRIC_LINE,1.0000,N/A
2026-09-05 21:49:52,1,UNNATURAL_GEOMETRIC_LINE,1.0000,N/A
2026-09-05 21:49:53,1,MECHANICAL_LOCK_NO_TREMOR,1.0000,N/A
2026-09-05 21:49:56,1,UNNATURAL_GEOMETRIC_LINE,1.0000,N/A
2026-09-05 21:49:56,1,UNNATURAL_GEOMETRIC_LINE,1.0000,N/A
2026-09-05 21:49:57,1,UNNATURAL_GEOMETRIC_LINE,1.0000,N/A
2026-09-05 21:49:59,1,UNNATURAL_GEOMETRIC_LINE,1.0000,N/A
2026-09-05 21:49:59,1,UNNATURAL_GEOMETRIC_LINE,1.0000,N/A
2026-09-05 21:50:06,1,UNNATURAL_GEOMETRIC_LINE,1.0000,N/A
2026-09-05 21:50:11,1,UNNATURAL_GEOMETRIC_LINE,1.0000,N/A
2026-09-05 21:50:11,1,UNNATURAL_GEOMETRIC_LINE,1.0000,N/A
2026-09-05 21:50:18,1,UNNATURAL_GEOMETRIC_LINE,1.0000,N/A
2026-09-05 21:50:19,1,UNNATURAL_GEOMETRIC_LINE,1.0000,N/A
2026-09-05 21:50:19,1,MECHANICAL_LOCK_NO_TREMOR,1.0000,N/A
2026-09-05 21:50:21,1,UNNATURAL_GEOMETRIC_LINE,1.0000,N/A
2026-09-05 21:50:22,1,UNNATURAL_GEOMETRIC_LINE,1.0000,N/A
2026-09-05 21:50:23,1,UNNATURAL_GEOMETRIC_LINE,1.0000,N/A
2026-09-05 21:50:26,1,UNNATURAL_GEOMETRIC_LINE,1.0000,N/A
2026-09-05 21:50:28,1,UNNATURAL_GEOMETRIC_LINE,1.0000,N/A
2026-09-05 21:50:30,1,UNNATURAL_GEOMETRIC_LINE,1.0000,N/A
2026-09-05 21:50:33,1,UNNATURAL_GEOMETRIC_LINE,1.0000,N/A
2026-09-05 21:50:34,1,UNNATURAL_GEOMETRIC_LINE,1.0000,N/A
2026-09-05 21:50:37,1,UNNATURAL_GEOMETRIC_LINE,1.0000,N/A
2026-09-05 21:50:37,1,UNNATURAL_GEOMETRIC_LINE,1.0000,N/A
2026-09-05 21:50:40,1,UNNATURAL_GEOMETRIC_LINE,1.0000,N/A
2026-09-05 21:50:42,1,UNNATURAL_GEOMETRIC_LINE,1.0000,N/A
2026-09-05 21:50:47,1,UNNATURAL_GEOMETRIC_LINE,1.0000,N/A
2026-09-05 21:50:55,1,UNNATURAL_GEOMETRIC_LINE,1.0000,N/A
2026-09-05 21:50:57,1,UNNATURAL_GEOMETRIC_LINE,1.0000,N/A
2026-09-05 21:51:00,1,UNNATURAL_GEOMETRIC_LINE,1.0000,N/A
2026-09-05 21:51:01,1,UNNATURAL_GEOMETRIC_LINE,1.0000,N/A
2026-09-05 21:51:05,1,UNNATURAL_GEOMETRIC_LINE,1.0000,N/A
2026-09-05 21:51:06,1,UNNATURAL_GEOMETRIC_LINE,1.0000,N/A
2026-09-05 21:51:08,1,UNNATURAL_GEOMETRIC_LINE,1.0000,N/A
2026-09-05 21:51:09,1,UNNATURAL_GEOMETRIC_LINE,1.0000,N/A
2026-09-05 21:51:12,1,UNNATURAL_GEOMETRIC_LINE,1.0000,N/A
2026-09-05 21:51:15,1,UNNATURAL_GEOMETRIC_LINE,1.0000,N/A
2026-09-05 21:51:15,1,UNNATURAL_GEOMETRIC_LINE,1.0000,N/A
2026-09-05 21:51:16,1,MECHANICAL_LOCK_NO_TREMOR,1.0000,N/A
2026-09-05 21:51:18,1,UNNATURAL_GEOMETRIC_LINE,1.0000,N/A
2026-09-05 21:51:18,1,UNNATURAL_GEOMETRIC_LINE,1.0000,N/A
2026-09-05 21:51:19,1,UNNATURAL_GEOMETRIC_LINE,1.0000,N/A
2026-09-05 21:51:21,1,UNNATURAL_GEOMETRIC_LINE,1.0000,N/A
2026-09-05 21:51:21,1,UNNATURAL_GEOMETRIC_LINE,1.0000,N/A
2026-09-05 21:51:22,1,UNNATURAL_GEOMETRIC_LINE,1.0000,N/A
2026-09-05 21:51:24,1,UNNATURAL_GEOMETRIC_LINE,1.0000,N/A
2026-09-05 21:51:25,1,UNNATURAL_GEOMETRIC_LINE,1.0000,N/A
2026-09-05 21:51:29,1,UNNATURAL_GEOMETRIC_LINE,1.0000,N/A
2026-09-05 21:51:31,1,UNNATURAL_GEOMETRIC_LINE,1.0000,N/A
2026-09-05 21:51:31,1,UNNATURAL_GEOMETRIC_LINE,1.0000,N/A
2026-09-05 21:51:34,1,UNNATURAL_GEOMETRIC_LINE,1.0000,N/A
2026-09-05 21:51:38,1,UNNATURAL_GEOMETRIC_LINE,1.0000,N/A
2026-09-05 21:51:38,1,UNNATURAL_GEOMETRIC_LINE,1.0000,N/A
2026-09-05 21:51:48,1,UNNATURAL_GEOMETRIC_LINE,1.0000,N/A
2026-09-05 21:51:48,1,UNNATURAL_GEOMETRIC_LINE,1.0000,N/A
2026-09-05 21:51:51,1,UNNATURAL_GEOMETRIC_LINE,1.0000,N/A
2026-09-05 21:51:53,1,UNNATURAL_GEOMETRIC_LINE,1.0000,N/A
2026-09-05 21:51:53,1,UNNATURAL_GEOMETRIC_LINE,1.0000,N/A
2026-09-05 21:51:55,1,UNNATURAL_GEOMETRIC_LINE,1.0000,N/A
2026-09-05 21:51:58,1,UNNATURAL_GEOMETRIC_LINE,1.0000,N/A
2026-09-05 21:51:59,1,UNNATURAL_GEOMETRIC_LINE,1.0000,N/A
2026-09-05 21:52:00,1,UNNATURAL_GEOMETRIC_LINE,1.0000,N/A
2026-09-05 21:52:02,1,UNNATURAL_GEOMETRIC_LINE,1.0000,N/A
2026-09-05 21:52:02,1,UNNATURAL_GEOMETRIC_LINE,1.0000,N/A
2026-09-05 21:52:04,1,UNNATURAL_GEOMETRIC_LINE,1.0000,N/A
2026-09-05 21:52:06,1,UNNATURAL_GEOMETRIC_LINE,1.0000,N/A
2026-09-05 21:52:07,1,UNNATURAL_GEOMETRIC_LINE,1.0000,N/A
2026-09-05 21:52:09,1,UNNATURAL_GEOMETRIC_LINE,1.0000,N/A
2026-09-05 21:52:11,1,UNNATURAL_GEOMETRIC_LINE,1.0000,N/A
2026-09-05 21:52:11,1,UNNATURAL_GEOMETRIC_LINE,1.0000,N/A
2026-09-05 21:52:12,1,UNNATURAL_GEOMETRIC_LINE,1.0000,N/A
2026-09-05 21:52:14,1,UNNATURAL_GEOMETRIC_LINE,1.0000,N/A
2026-09-05 21:52:14,1,UNNATURAL_GEOMETRIC_LINE,1.0000,N/A
2026-09-05 21:52:15,1,MECHANICAL_LOCK_NO_TREMOR,1.0000,N/A
2026-09-05 21:52:17,1,UNNATURAL_GEOMETRIC_LINE,1.0000,N/A
2026-09-05 21:52:17,1,UNNATURAL_GEOMETRIC_LINE,1.0000,N/A
2026-09-05 21:52:18,1,UNNATURAL_GEOMETRIC_LINE,1.0000,N/A
2026-09-05 21:52:20,1,UNNATURAL_GEOMETRIC_LINE,1.0000,N/A
2026-09-05 21:52:20,1,UNNATURAL_GEOMETRIC_LINE,1.0000,N/A
2026-09-05 21:52:22,1,UNNATURAL_GEOMETRIC_LINE,1.0000,N/A
2026-09-05 21:52:26,1,UNNATURAL_GEOMETRIC_LINE,1.0000,N/A
2026-09-05 21:52:36,1,UNNATURAL_GEOMETRIC_LINE,1.0000,N/A
2026-09-05 21:52:37,1,UNNATURAL_GEOMETRIC_LINE,1.0000,N/A
2026-09-05 21:52:39,1,UNNATURAL_GEOMETRIC_LINE,1.0000,N/A
2026-09-05 21:52:41,1,UNNATURAL_GEOMETRIC_LINE,1.0000,N/A
2026-09-05 21:52:42,1,UNNATURAL_GEOMETRIC_LINE,1.0000,N/A
2026-09-05 21:52:45,1,UNNATURAL_GEOMETRIC_LINE,1.0000,N/A
2026-09-05 21:52:47,1,UNNATURAL_GEOMETRIC_LINE,1.0000,N/A
2026-09-05 21:52:48,1,UNNATURAL_GEOMETRIC_LINE,1.0000,N/A
2026-09-05 21:52:51,1,UNNATURAL_GEOMETRIC_LINE,1.0000,N/A
2026-09-05 21:52:53,1,UNNATURAL_GEOMETRIC_LINE,1.0000,N/A
2026-09-05 21:52:54,1,UNNATURAL_GEOMETRIC_LINE,1.0000,N/A
2026-09-05 21:52:57,1,UNNATURAL_GEOMETRIC_LINE,1.0000,N/A
2026-09-05 21:53:00,1,UNNATURAL_GEOMETRIC_LINE,1.0000,N/A
2026-09-05 21:53:02,1,UNNATURAL_GEOMETRIC_LINE,1.0000,N/A
2026-09-05 21:53:04,1,UNNATURAL_GEOMETRIC_LINE,1.0000,N/A
2026-09-05 21:53:05,1,UNNATURAL_GEOMETRIC_LINE,1.0000,N/A
2026-09-05 21:53:09,1,UNNATURAL_GEOMETRIC_LINE,1.0000,N/A
2026-09-05 21:53:15,1,UNNATURAL_GEOMETRIC_LINE,1.0000,N/A
2026-09-05 21:53:15,1,UNNATURAL_GEOMETRIC_LINE,1.0000,N/A
2026-09-05 21:53:16,1,UNNATURAL_GEOMETRIC_LINE,1.0000,N/A
2026-09-05 21:53:18,1,UNNATURAL_GEOMETRIC_LINE,1.0000,N/A
2026-09-05 21:53:19,1,UNNATURAL_GEOMETRIC_LINE,1.0000,N/A
2026-09-05 21:53:21,1,UNNATURAL_GEOMETRIC_LINE,1.0000,N/A
2026-09-05 21:53:24,1,UNNATURAL_GEOMETRIC_LINE,1.0000,N/A
2026-09-05 21:53:25,1,UNNATURAL_GEOMETRIC_LINE,1.0000,N/A
2026-09-05 21:53:31,1,UNNATURAL_GEOMETRIC_LINE,1.0000,N/A
2026-09-05 21:53:36,1,UNNATURAL_GEOMETRIC_LINE,1.0000,N/A
2026-09-05 21:53:37,1,UNNATURAL_GEOMETRIC_LINE,1.0000,N/A
2026-09-05 21:53:37,1,MECHANICAL_LOCK_NO_TREMOR,1.0000,N/A
2026-09-05 21:53:40,1,UNNATURAL_GEOMETRIC_LINE,1.0000,N/A
2026-09-05 21:53:41,1,UNNATURAL_GEOMETRIC_LINE,1.0000,N/A
2026-09-05 21:53:43,1,UNNATURAL_GEOMETRIC_LINE,1.0000,N/A
2026-09-05 21:53:43,1,UNNATURAL_GEOMETRIC_LINE,1.0000,N/A
2026-09-05 21:53:45,1,UNNATURAL_GEOMETRIC_LINE,1.0000,N/A
2026-09-05 21:53:47,1,UNNATURAL_GEOMETRIC_LINE,1.0000,N/A
2026-09-05 21:53:49,1,UNNATURAL_GEOMETRIC_LINE,1.0000,N/A
2026-09-05 21:53:49,1,UNNATURAL_GEOMETRIC_LINE,1.0000,N/A
2026-09-05 21:53:55,1,UNNATURAL_GEOMETRIC_LINE,1.0000,N/A
2026-09-05 21:53:57,1,UNNATURAL_GEOMETRIC_LINE,1.0000,N/A
2026-09-05 21:53:58,1,UNNATURAL_GEOMETRIC_LINE,1.0000,N/A
2026-09-05 21:54:00,1,UNNATURAL_GEOMETRIC_LINE,1.0000,N/A
2026-09-05 21:54:01,1,UNNATURAL_GEOMETRIC_LINE,1.0000,N/A
2026-09-05 21:54:02,1,UNNATURAL_GEOMETRIC_LINE,1.0000,N/A
2026-09-05 21:54:03,1,UNNATURAL_GEOMETRIC_LINE,1.0000,N/A
2026-09-05 21:54:04,1,UNNATURAL_GEOMETRIC_LINE,1.0000,N/A
2026-09-05 21:54:05,1,UNNATURAL_GEOMETRIC_LINE,1.0000,N/A
2026-09-05 21:54:09,1,UNNATURAL_GEOMETRIC_LINE,1.0000,N/A
2026-09-05 21:54:11,1,UNNATURAL_GEOMETRIC_LINE,1.0000,N/A
2026-09-05 21:54:11,1,UNNATURAL_GEOMETRIC_LINE,1.0000,N/A
2026-09-05 21:54:12,1,UNNATURAL_GEOMETRIC_LINE,1.0000,N/A
2026-09-05 21:54:16,1,UNNATURAL_GEOMETRIC_LINE,1.0000,N/A
2026-09-05 21:54:16,1,UNNATURAL_GEOMETRIC_LINE,1.0000,N/A
2026-09-05 21:54:17,1,UNNATURAL_GEOMETRIC_LINE,1.0000,N/A
2026-09-05 21:54:19,1,UNNATURAL_GEOMETRIC_LINE,1.0000,N/A
2026-09-05 21:54:20,1,UNNATURAL_GEOMETRIC_LINE,1.0000,N/A
2026-09-05 21:54:23,1,UNNATURAL_GEOMETRIC_LINE,1.0000,N/A
2026-09-05 21:54:25,1,UNNATURAL_GEOMETRIC_LINE,1.0000,N/A
2026-09-05 21:54:25,1,UNNATURAL_GEOMETRIC_LINE,1.0000,N/A
2026-09-05 21:54:33,1,UNNATURAL_GEOMETRIC_LINE,1.0000,N/A
2026-09-05 21:54:34,1,UNNATURAL_GEOMETRIC_LINE,1.0000,N/A
2026-09-05 21:54:35,1,UNNATURAL_GEOMETRIC_LINE,1.0000,N/A
2026-09-05 21:54:46,1,UNNATURAL_GEOMETRIC_LINE,1.0000,N/A
2026-09-05 21:54:49,1,UNNATURAL_GEOMETRIC_LINE,1.0000,N/A
2026-09-05 21:54:50,1,UNNATURAL_GEOMETRIC_LINE,1.0000,N/A
2026-09-05 21:54:53,1,UNNATURAL_GEOMETRIC_LINE,1.0000,N/A
2026-09-05 21:54:56,1,UNNATURAL_GEOMETRIC_LINE,1.0000,N/A
2026-09-05 21:54:59,1,UNNATURAL_GEOMETRIC_LINE,1.0000,N/A
2026-09-05 21:55:01,1,UNNATURAL_GEOMETRIC_LINE,1.0000,N/A
2026-09-05 21:55:04,1,UNNATURAL_GEOMETRIC_LINE,1.0000,N/A
2026-09-05 21:55:07,1,UNNATURAL_GEOMETRIC_LINE,1.0000,N/A
2026-09-05 21:55:09,1,UNNATURAL_GEOMETRIC_LINE,1.0000,N/A
2026-09-05 21:55:12,1,UNNATURAL_GEOMETRIC_LINE,1.0000,N/A
2026-09-05 21:55:12,1,UNNATURAL_GEOMETRIC_LINE,1.0000,N/A
2026-09-05 21:55:15,1,UNNATURAL_GEOMETRIC_LINE,1.0000,N/A
2026-09-05 21:55:17,1,UNNATURAL_GEOMETRIC_LINE,1.0000,N/A
2026-09-05 21:55:17,1,UNNATURAL_GEOMETRIC_LINE,1.0000,N/A
2026-09-05 21:55:21,1,UNNATURAL_GEOMETRIC_LINE,1.0000,N/A
2026-09-05 21:55:23,1,UNNATURAL_GEOMETRIC_LINE,1.0000,N/A
2026-09-05 21:55:25,1,UNNATURAL_GEOMETRIC_LINE,1.0000,N/A
2026-09-05 21:55:26,1,UNNATURAL_GEOMETRIC_LINE,1.0000,N/A
2026-09-05 21:55:27,1,UNNATURAL_GEOMETRIC_LINE,1.0000,N/A
2026-09-05 21:55:29,1,UNNATURAL_GEOMETRIC_LINE,1.0000,N/A
2026-09-05 21:55:29,1,UNNATURAL_GEOMETRIC_LINE,1.0000,N/A
2026-09-05 21:55:33,1,UNNATURAL_GEOMETRIC_LINE,1.0000,N/A
2026-09-05 21:55:36,1,UNNATURAL_GEOMETRIC_LINE,1.0000,N/A
2026-09-05 21:55:36,1,UNNATURAL_GEOMETRIC_LINE,1.0000,N/A
2026-09-05 21:55:38,1,UNNATURAL_GEOMETRIC_LINE,1.0000,N/A
2026-09-05 21:55:40,1,UNNATURAL_GEOMETRIC_LINE,1.0000,N/A
2026-09-05 21:55:41,1,UNNATURAL_GEOMETRIC_LINE,1.0000,N/A
2026-09-05 21:55:41,1,MECHANICAL_LOCK_NO_TREMOR,1.0000,N/A
2026-09-05 21:55:43,1,UNNATURAL_GEOMETRIC_LINE,1.0000,N/A
2026-09-05 21:55:44,1,UNNATURAL_GEOMETRIC_LINE,1.0000,N/A
2026-09-05 21:55:45,1,UNNATURAL_GEOMETRIC_LINE,1.0000,N/A
2026-09-05 21:55:52,1,UNNATURAL_GEOMETRIC_LINE,1.0000,N/A
2026-09-05 21:55:56,1,UNNATURAL_GEOMETRIC_LINE,1.0000,N/A
2026-09-05 21:55:59,1,UNNATURAL_GEOMETRIC_LINE,1.0000,N/A
2026-09-05 21:56:03,1,UNNATURAL_GEOMETRIC_LINE,1.0000,N/A
2026-09-05 21:56:03,1,UNNATURAL_GEOMETRIC_LINE,1.0000,N/A
2026-09-05 21:56:04,1,UNNATURAL_GEOMETRIC_LINE,1.0000,N/A
2026-09-05 21:56:06,1,UNNATURAL_GEOMETRIC_LINE,1.0000,N/A
2026-09-05 21:56:07,1,UNNATURAL_GEOMETRIC_LINE,1.0000,N/A
2026-09-05 21:56:09,1,UNNATURAL_GEOMETRIC_LINE,1.0000,N/A
2026-09-05 21:56:12,1,UNNATURAL_GEOMETRIC_LINE,1.0000,N/A
2026-09-05 21:56:12,1,UNNATURAL_GEOMETRIC_LINE,1.0000,N/A
2026-09-05 21:56:14,1,UNNATURAL_GEOMETRIC_LINE,1.0000,N/A
2026-09-05 21:56:20,1,UNNATURAL_GEOMETRIC_LINE,1.0000,N/A
2026-09-05 21:56:20,1,UNNATURAL_GEOMETRIC_LINE,1.0000,N/A
2026-09-05 21:56:21,1,UNNATURAL_GEOMETRIC_LINE,1.0000,N/A
2026-09-05 21:56:23,1,UNNATURAL_GEOMETRIC_LINE,1.0000,N/A
2026-09-05 21:56:25,1,UNNATURAL_GEOMETRIC_LINE,1.0000,N/A
2026-09-05 21:56:26,1,UNNATURAL_GEOMETRIC_LINE,1.0000,N/A
2026-09-05 21:56:27,1,UNNATURAL_GEOMETRIC_LINE,1.0000,N/A
2026-09-05 21:56:31,1,UNNATURAL_GEOMETRIC_LINE,1.0000,N/A
2026-09-05 21:56:39,1,UNNATURAL_GEOMETRIC_LINE,1.0000,N/A
2026-09-05 21:56:41,1,UNNATURAL_GEOMETRIC_LINE,1.0000,N/A
2026-09-05 21:56:42,1,UNNATURAL_GEOMETRIC_LINE,1.0000,N/A
2026-09-05 21:56:45,1,UNNATURAL_GEOMETRIC_LINE,1.0000,N/A
2026-09-05 21:56:47,1,UNNATURAL_GEOMETRIC_LINE,1.0000,N/A
2026-09-05 21:56:47,1,UNNATURAL_GEOMETRIC_LINE,1.0000,N/A
2026-09-05 21:56:54,1,UNNATURAL_GEOMETRIC_LINE,1.0000,N/A
2026-09-05 21:56:59,1,UNNATURAL_GEOMETRIC_LINE,1.0000,N/A
2026-09-05 21:56:59,1,UNNATURAL_GEOMETRIC_LINE,1.0000,N/A
2026-09-05 21:57:05,1,UNNATURAL_GEOMETRIC_LINE,1.0000,N/A
2026-09-05 21:57:08,1,UNNATURAL_GEOMETRIC_LINE,1.0000,N/A
2026-09-05 21:57:09,1,UNNATURAL_GEOMETRIC_LINE,1.0000,N/A
2026-09-05 21:57:13,1,UNNATURAL_GEOMETRIC_LINE,1.0000,N/A
2026-09-05 21:57:14,1,UNNATURAL_GEOMETRIC_LINE,1.0000,N/A
2026-09-05 21:57:15,1,UNNATURAL_GEOMETRIC_LINE,1.0000,N/A
2026-09-05 21:57:17,1,UNNATURAL_GEOMETRIC_LINE,1.0000,N/A
2026-09-05 21:57:19,1,UNNATURAL_GEOMETRIC_LINE,1.0000,N/A
2026-09-05 21:57:19,1,UNNATURAL_GEOMETRIC_LINE,1.0000,N/A
2026-09-05 21:57:22,1,UNNATURAL_GEOMETRIC_LINE,1.0000,N/A
2026-09-05 21:57:24,1,UNNATURAL_GEOMETRIC_LINE,1.0000,N/A
2026-09-05 21:57:25,1,UNNATURAL_GEOMETRIC_LINE,1.0000,N/A
2026-09-05 21:57:29,1,UNNATURAL_GEOMETRIC_LINE,1.0000,N/A
2026-09-05 21:57:31,1,UNNATURAL_GEOMETRIC_LINE,1.0000,N/A
2026-09-05 21:57:31,1,UNNATURAL_GEOMETRIC_LINE,1.0000,N/A
2026-09-05 21:57:41,1,UNNATURAL_GEOMETRIC_LINE,1.0000,N/A
2026-09-05 21:57:43,1,UNNATURAL_GEOMETRIC_LINE,1.0000,N/A
2026-09-05 21:57:44,1,UNNATURAL_GEOMETRIC_LINE,1.0000,N/A
2026-09-05 21:57:45,1,UNNATURAL_GEOMETRIC_LINE,1.0000,N/A
2026-09-05 21:57:47,1,UNNATURAL_GEOMETRIC_LINE,1.0000,N/A
2026-09-05 21:57:48,1,UNNATURAL_GEOMETRIC_LINE,1.0000,N/A
2026-09-05 21:57:50,1,UNNATURAL_GEOMETRIC_LINE,1.0000,N/A
2026-09-05 21:57:54,1,UNNATURAL_GEOMETRIC_LINE,1.0000,N/A
2026-09-05 21:57:54,1,UNNATURAL_GEOMETRIC_LINE,1.0000,N/A
2026-09-05 21:57:56,1,UNNATURAL_GEOMETRIC_LINE,1.0000,N/A
2026-09-05 21:57:58,1,UNNATURAL_GEOMETRIC_LINE,1.0000,N/A
2026-09-05 21:57:59,1,UNNATURAL_GEOMETRIC_LINE,1.0000,N/A
2026-09-05 21:58:06,1,UNNATURAL_GEOMETRIC_LINE,1.0000,N/A
2026-09-05 21:58:14,1,UNNATURAL_GEOMETRIC_LINE,1.0000,N/A
2026-09-05 21:58:18,1,UNNATURAL_GEOMETRIC_LINE,1.0000,N/A
2026-09-05 21:58:19,1,UNNATURAL_GEOMETRIC_LINE,1.0000,N/A
2026-09-05 21:58:21,1,UNNATURAL_GEOMETRIC_LINE,1.0000,N/A
2026-09-05 21:58:21,1,UNNATURAL_GEOMETRIC_LINE,1.0000,N/A
2026-09-05 21:58:28,1,UNNATURAL_GEOMETRIC_LINE,1.0000,N/A
2026-09-05 21:58:31,1,UNNATURAL_GEOMETRIC_LINE,1.0000,N/A
2026-09-05 21:58:32,1,UNNATURAL_GEOMETRIC_LINE,1.0000,N/A
2026-09-05 21:58:35,1,UNNATURAL_GEOMETRIC_LINE,1.0000,N/A
2026-09-05 21:58:37,1,UNNATURAL_GEOMETRIC_LINE,1.0000,N/A
2026-09-05 21:58:39,1,UNNATURAL_GEOMETRIC_LINE,1.0000,N/A
2026-09-05 21:58:40,1,UNNATURAL_GEOMETRIC_LINE,1.0000,N/A
2026-09-05 21:58:42,1,UNNATURAL_GEOMETRIC_LINE,1.0000,N/A
2026-09-05 21:58:44,1,UNNATURAL_GEOMETRIC_LINE,1.0000,N/A
2026-09-05 21:58:45,1,UNNATURAL_GEOMETRIC_LINE,1.0000,N/A
2026-09-05 21:58:49,1,UNNATURAL_GEOMETRIC_LINE,1.0000,N/A
2026-09-05 21:58:52,1,UNNATURAL_GEOMETRIC_LINE,1.0000,N/A
2026-09-05 21:58:52,1,UNNATURAL_GEOMETRIC_LINE,1.0000,N/A
2026-09-05 21:58:54,1,UNNATURAL_GEOMETRIC_LINE,1.0000,N/A
2026-09-05 21:58:56,1,UNNATURAL_GEOMETRIC_LINE,1.0000,N/A
2026-09-05 21:58:56,1,UNNATURAL_GEOMETRIC_LINE,1.0000,N/A
2026-09-05 21:58:58,1,UNNATURAL_GEOMETRIC_LINE,1.0000,N/A
2026-09-05 21:59:00,1,UNNATURAL_GEOMETRIC_LINE,1.0000,N/A
2026-09-05 21:59:01,1,UNNATURAL_GEOMETRIC_LINE,1.0000,N/A
2026-09-05 21:59:02,1,UNNATURAL_GEOMETRIC_LINE,1.0000,N/A
2026-09-05 21:59:05,1,UNNATURAL_GEOMETRIC_LINE,1.0000,N/A
2026-09-05 21:59:05,1,UNNATURAL_GEOMETRIC_LINE,1.0000,N/A
2026-09-05 21:59:06,1,MECHANICAL_LOCK_NO_TREMOR,1.0000,N/A
2026-09-05 21:59:09,1,UNNATURAL_GEOMETRIC_LINE,1.0000,N/A
2026-09-05 21:59:16,1,UNNATURAL_GEOMETRIC_LINE,1.0000,N/A
2026-09-05 21:59:18,1,UNNATURAL_GEOMETRIC_LINE,1.0000,N/A
2026-09-05 21:59:19,1,UNNATURAL_GEOMETRIC_LINE,1.0000,N/A
2026-09-05 21:59:19,1,MECHANICAL_LOCK_NO_TREMOR,1.0000,N/A
2026-09-05 21:59:22,1,UNNATURAL_GEOMETRIC_LINE,1.0000,N/A
2026-09-05 21:59:23,1,UNNATURAL_GEOMETRIC_LINE,1.0000,N/A
2026-09-05 21:59:24,1,UNNATURAL_GEOMETRIC_LINE,1.0000,N/A
2026-09-05 21:59:27,1,UNNATURAL_GEOMETRIC_LINE,1.0000,N/A
2026-09-05 21:59:28,1,UNNATURAL_GEOMETRIC_LINE,1.0000,N/A
2026-09-05 21:59:32,1,UNNATURAL_GEOMETRIC_LINE,1.0000,N/A
2026-09-05 21:59:36,1,UNNATURAL_GEOMETRIC_LINE,1.0000,N/A
2026-09-05 21:59:36,1,UNNATURAL_GEOMETRIC_LINE,1.0000,N/A
2026-09-05 21:59:37,1,UNNATURAL_GEOMETRIC_LINE,1.0000,N/A
2026-09-05 21:59:39,1,UNNATURAL_GEOMETRIC_LINE,1.0000,N/A
2026-09-05 21:59:40,1,UNNATURAL_GEOMETRIC_LINE,1.0000,N/A
2026-09-05 21:59:43,1,UNNATURAL_GEOMETRIC_LINE,1.0000,N/A
2026-09-05 21:59:45,1,UNNATURAL_GEOMETRIC_LINE,1.0000,N/A
2026-09-05 21:59:47,1,UNNATURAL_GEOMETRIC_LINE,1.0000,N/A
2026-09-05 21:59:48,1,UNNATURAL_GEOMETRIC_LINE,1.0000,N/A
2026-09-05 21:59:52,1,UNNATURAL_GEOMETRIC_LINE,1.0000,N/A
2026-09-05 21:59:58,1,UNNATURAL_GEOMETRIC_LINE,1.0000,N/A
2026-09-05 22:00:10,1,UNNATURAL_GEOMETRIC_LINE,1.0000,N/A
2026-09-05 22:00:13,1,UNNATURAL_GEOMETRIC_LINE,1.0000,N/A
2026-09-05 22:00:14,1,UNNATURAL_GEOMETRIC_LINE,1.0000,N/A
2026-09-05 22:00:17,1,UNNATURAL_GEOMETRIC_LINE,1.0000,N/A
2026-09-05 22:00:22,1,UNNATURAL_GEOMETRIC_LINE,1.0000,N/A
2026-09-05 22:00:27,1,UNNATURAL_GEOMETRIC_LINE,1.0000,N/A
2026-09-05 22:00:27,1,UNNATURAL_GEOMETRIC_LINE,1.0000,N/A
2026-09-05 22:00:29,1,UNNATURAL_GEOMETRIC_LINE,1.0000,N/A
2026-09-05 22:00:33,1,UNNATURAL_GEOMETRIC_LINE,1.0000,N/A
2026-09-05 22:00:34,1,UNNATURAL_GEOMETRIC_LINE,1.0000,N/A
2026-09-05 22:00:37,1,UNNATURAL_GEOMETRIC_LINE,1.0000,N/A
2026-09-05 22:00:39,1,UNNATURAL_GEOMETRIC_LINE,1.0000,N/A
2026-09-05 22:00:39,1,UNNATURAL_GEOMETRIC_LINE,1.0000,N/A
2026-09-05 22:00:44,1,UNNATURAL_GEOMETRIC_LINE,1.0000,N/A
2026-09-05 22:00:46,1,UNNATURAL_GEOMETRIC_LINE,1.0000,N/A
2026-09-05 22:00:46,1,UNNATURAL_GEOMETRIC_LINE,1.0000,N/A
2026-09-05 22:00:47,1,UNNATURAL_GEOMETRIC_LINE,1.0000,N/A
2026-09-05 22:00:50,1,UNNATURAL_GEOMETRIC_LINE,1.0000,N/A
2026-09-05 22:00:51,1,UNNATURAL_GEOMETRIC_LINE,1.0000,N/A
2026-09-05 22:00:52,1,UNNATURAL_GEOMETRIC_LINE,1.0000,N/A
2026-09-05 22:00:54,1,UNNATURAL_GEOMETRIC_LINE,1.0000,N/A
2026-09-05 22:00:54,1,UNNATURAL_GEOMETRIC_LINE,1.0000,N/A
2026-09-05 22:00:58,1,UNNATURAL_GEOMETRIC_LINE,1.0000,N/A
2026-09-05 22:01:00,1,UNNATURAL_GEOMETRIC_LINE,1.0000,N/A
2026-09-05 22:01:01,1,UNNATURAL_GEOMETRIC_LINE,1.0000,N/A
2026-09-05 22:01:02,1,UNNATURAL_GEOMETRIC_LINE,1.0000,N/A
2026-09-05 22:01:05,1,UNNATURAL_GEOMETRIC_LINE,1.0000,N/A
2026-09-05 22:01:05,1,UNNATURAL_GEOMETRIC_LINE,1.0000,N/A
2026-09-05 22:01:07,1,UNNATURAL_GEOMETRIC_LINE,1.0000,N/A
2026-09-05 22:01:09,1,UNNATURAL_GEOMETRIC_LINE,1.0000,N/A
2026-09-05 22:01:09,1,UNNATURAL_GEOMETRIC_LINE,1.0000,N/A
2026-09-05 22:01:10,1,UNNATURAL_GEOMETRIC_LINE,1.0000,N/A
2026-09-05 22:01:12,1,UNNATURAL_GEOMETRIC_LINE,1.0000,N/A
2026-09-05 22:01:13,1,UNNATURAL_GEOMETRIC_LINE,1.0000,N/A
2026-09-05 22:01:14,1,UNNATURAL_GEOMETRIC_LINE,1.0000,N/A
2026-09-05 22:01:16,1,UNNATURAL_GEOMETRIC_LINE,1.0000,N/A
2026-09-05 22:01:17,1,UNNATURAL_GEOMETRIC_LINE,1.0000,N/A
2026-09-05 22:01:20,1,UNNATURAL_GEOMETRIC_LINE,1.0000,N/A
2026-09-05 22:01:23,1,UNNATURAL_GEOMETRIC_LINE,1.0000,N/A
2026-09-05 22:01:23,1,UNNATURAL_GEOMETRIC_LINE,1.0000,N/A
2026-09-05 22:01:25,1,UNNATURAL_GEOMETRIC_LINE,1.0000,N/A
2026-09-05 22:01:31,1,UNNATURAL_GEOMETRIC_LINE,1.0000,N/A
2026-09-05 22:01:34,1,UNNATURAL_GEOMETRIC_LINE,1.0000,N/A
2026-09-05 22:01:36,1,UNNATURAL_GEOMETRIC_LINE,1.0000,N/A
2026-09-05 22:01:37,1,UNNATURAL_GEOMETRIC_LINE,1.0000,N/A
2026-09-05 22:01:37,1,MECHANICAL_LOCK_NO_TREMOR,1.0000,N/A
2026-09-05 22:01:39,1,UNNATURAL_GEOMETRIC_LINE,1.0000,N/A
2026-09-05 22:01:40,1,UNNATURAL_GEOMETRIC_LINE,1.0000,N/A
2026-09-05 22:01:43,1,UNNATURAL_GEOMETRIC_LINE,1.0000,N/A
2026-09-05 22:01:47,1,UNNATURAL_GEOMETRIC_LINE,1.0000,N/A
2026-09-05 22:01:48,1,UNNATURAL_GEOMETRIC_LINE,1.0000,N/A
2026-09-05 22:01:49,1,UNNATURAL_GEOMETRIC_LINE,1.0000,N/A
2026-09-05 22:01:51,1,UNNATURAL_GEOMETRIC_LINE,1.0000,N/A
2026-09-05 22:01:52,1,UNNATURAL_GEOMETRIC_LINE,1.0000,N/A
2026-09-05 22:01:53,1,UNNATURAL_GEOMETRIC_LINE,1.0000,N/A
2026-09-05 22:01:57,1,UNNATURAL_GEOMETRIC_LINE,1.0000,N/A
2026-09-05 22:01:58,1,UNNATURAL_GEOMETRIC_LINE,1.0000,N/A
2026-09-05 22:02:01,1,UNNATURAL_GEOMETRIC_LINE,1.0000,N/A
2026-09-05 22:02:03,1,UNNATURAL_GEOMETRIC_LINE,1.0000,N/A
2026-09-05 22:02:04,1,UNNATURAL_GEOMETRIC_LINE,1.0000,N/A
2026-09-05 22:02:13,1,UNNATURAL_GEOMETRIC_LINE,1.0000,N/A
2026-09-05 22:02:18,1,UNNATURAL_GEOMETRIC_LINE,1.0000,N/A
2026-09-05 22:02:19,1,UNNATURAL_GEOMETRIC_LINE,1.0000,N/A
2026-09-05 22:02:22,1,UNNATURAL_GEOMETRIC_LINE,1.0000,N/A
2026-09-05 22:02:27,1,UNNATURAL_GEOMETRIC_LINE,1.0000,N/A
2026-09-05 22:02:28,1,UNNATURAL_GEOMETRIC_LINE,1.0000,N/A
2026-09-05 22:02:29,1,UNNATURAL_GEOMETRIC_LINE,1.0000,N/A
2026-09-05 22:02:31,1,UNNATURAL_GEOMETRIC_LINE,1.0000,N/A
2026-09-05 22:02:32,1,UNNATURAL_GEOMETRIC_LINE,1.0000,N/A
2026-09-05 22:02:34,1,UNNATURAL_GEOMETRIC_LINE,1.0000,N/A
2026-09-05 22:02:36,1,UNNATURAL_GEOMETRIC_LINE,1.0000,N/A
2026-09-05 22:02:37,1,UNNATURAL_GEOMETRIC_LINE,1.0000,N/A
2026-09-05 22:02:39,1,UNNATURAL_GEOMETRIC_LINE,1.0000,N/A
2026-09-05 22:02:43,1,UNNATURAL_GEOMETRIC_LINE,1.0000,N/A
2026-09-05 22:02:44,1,UNNATURAL_GEOMETRIC_LINE,1.0000,N/A
2026-09-05 22:02:46,1,UNNATURAL_GEOMETRIC_LINE,1.0000,N/A
2026-09-05 22:02:47,1,UNNATURAL_GEOMETRIC_LINE,1.0000,N/A
2026-09-05 22:02:48,1,UNNATURAL_GEOMETRIC_LINE,1.0000,N/A
2026-09-05 22:02:50,1,UNNATURAL_GEOMETRIC_LINE,1.0000,N/A
2026-09-05 22:02:51,1,UNNATURAL_GEOMETRIC_LINE,1.0000,N/A
2026-09-05 22:02:55,1,UNNATURAL_GEOMETRIC_LINE,1.0000,N/A
2026-09-05 22:02:58,1,UNNATURAL_GEOMETRIC_LINE,1.0000,N/A
2026-09-05 22:02:59,1,UNNATURAL_GEOMETRIC_LINE,1.0000,N/A
2026-09-05 22:03:01,1,UNNATURAL_GEOMETRIC_LINE,1.0000,N/A
2026-09-05 22:03:05,1,UNNATURAL_GEOMETRIC_LINE,1.0000,N/A
2026-09-05 22:03:06,1,UNNATURAL_GEOMETRIC_LINE,1.0000,N/A
2026-09-05 22:03:14,1,UNNATURAL_GEOMETRIC_LINE,1.0000,N/A
2026-09-05 22:03:19,1,UNNATURAL_GEOMETRIC_LINE,1.0000,N/A
2026-09-05 22:03:21,1,UNNATURAL_GEOMETRIC_LINE,1.0000,N/A
2026-09-05 22:03:22,1,UNNATURAL_GEOMETRIC_LINE,1.0000,N/A
2026-09-05 22:03:23,1,UNNATURAL_GEOMETRIC_LINE,1.0000,N/A
2026-09-05 22:03:26,1,UNNATURAL_GEOMETRIC_LINE,1.0000,N/A
2026-09-05 22:03:26,1,UNNATURAL_GEOMETRIC_LINE,1.0000,N/A
2026-09-05 22:03:32,1,UNNATURAL_GEOMETRIC_LINE,1.0000,N/A
2026-09-05 22:03:35,1,UNNATURAL_GEOMETRIC_LINE,1.0000,N/A
2026-09-05 22:03:35,1,UNNATURAL_GEOMETRIC_LINE,1.0000,N/A
2026-09-05 22:03:38,1,UNNATURAL_GEOMETRIC_LINE,1.0000,N/A
2026-09-05 22:03:40,1,UNNATURAL_GEOMETRIC_LINE,1.0000,N/A
2026-09-05 22:03:41,1,UNNATURAL_GEOMETRIC_LINE,1.0000,N/A
2026-09-05 22:03:43,1,UNNATURAL_GEOMETRIC_LINE,1.0000,N/A
2026-09-05 22:03:48,1,UNNATURAL_GEOMETRIC_LINE,1.0000,N/A
2026-09-05 22:03:48,1,UNNATURAL_GEOMETRIC_LINE,1.0000,N/A
2026-09-05 22:03:50,1,UNNATURAL_GEOMETRIC_LINE,1.0000,N/A
2026-09-05 22:03:55,1,UNNATURAL_GEOMETRIC_LINE,1.0000,N/A
2026-09-05 22:03:56,1,UNNATURAL_GEOMETRIC_LINE,1.0000,N/A
2026-09-05 22:03:57,1,UNNATURAL_GEOMETRIC_LINE,1.0000,N/A
2026-09-05 22:03:59,1,UNNATURAL_GEOMETRIC_LINE,1.0000,N/A
2026-09-05 22:03:59,1,UNNATURAL_GEOMETRIC_LINE,1.0000,N/A
2026-09-05 22:04:06,1,UNNATURAL_GEOMETRIC_LINE,1.0000,N/A
2026-09-05 22:04:08,1,UNNATURAL_GEOMETRIC_LINE,1.0000,N/A
2026-09-05 22:04:09,1,UNNATURAL_GEOMETRIC_LINE,1.0000,N/A
2026-09-05 22:04:15,1,UNNATURAL_GEOMETRIC_LINE,1.0000,N/A
2026-09-05 22:04:17,1,UNNATURAL_GEOMETRIC_LINE,1.0000,N/A
2026-09-05 22:04:17,1,UNNATURAL_GEOMETRIC_LINE,1.0000,N/A
2026-09-05 22:04:19,1,UNNATURAL_GEOMETRIC_LINE,1.0000,N/A
2026-09-05 22:04:21,1,UNNATURAL_GEOMETRIC_LINE,1.0000,N/A
2026-09-05 22:04:21,1,UNNATURAL_GEOMETRIC_LINE,1.0000,N/A
2026-09-05 22:04:23,1,UNNATURAL_GEOMETRIC_LINE,1.0000,N/A
2026-09-05 22:04:27,1,UNNATURAL_GEOMETRIC_LINE,1.0000,N/A
2026-09-05 22:04:28,1,UNNATURAL_GEOMETRIC_LINE,1.0000,N/A
2026-09-05 22:04:29,1,UNNATURAL_GEOMETRIC_LINE,1.0000,N/A
2026-09-05 22:04:37,1,UNNATURAL_GEOMETRIC_LINE,1.0000,N/A
2026-09-05 22:04:40,1,UNNATURAL_GEOMETRIC_LINE,1.0000,N/A
2026-09-05 22:04:42,1,UNNATURAL_GEOMETRIC_LINE,1.0000,N/A
2026-09-05 22:04:43,1,UNNATURAL_GEOMETRIC_LINE,1.0000,N/A
2026-09-05 22:04:43,1,UNNATURAL_GEOMETRIC_LINE,1.0000,N/A
2026-09-05 22:04:47,1,UNNATURAL_GEOMETRIC_LINE,1.0000,N/A
2026-09-05 22:04:48,1,UNNATURAL_GEOMETRIC_LINE,1.0000,N/A
2026-09-05 22:04:52,1,UNNATURAL_GEOMETRIC_LINE,1.0000,N/A
2026-09-05 22:04:58,1,UNNATURAL_GEOMETRIC_LINE,1.0000,N/A
2026-09-05 22:04:59,1,UNNATURAL_GEOMETRIC_LINE,1.0000,N/A
2026-09-05 22:05:01,1,UNNATURAL_GEOMETRIC_LINE,1.0000,N/A
2026-09-05 22:05:05,1,UNNATURAL_GEOMETRIC_LINE,1.0000,N/A
2026-09-05 22:05:05,1,UNNATURAL_GEOMETRIC_LINE,1.0000,N/A
2026-09-05 22:05:08,1,UNNATURAL_GEOMETRIC_LINE,1.0000,N/A
2026-09-05 22:05:10,1,UNNATURAL_GEOMETRIC_LINE,1.0000,N/A
2026-09-05 22:05:11,1,UNNATURAL_GEOMETRIC_LINE,1.0000,N/A
2026-09-05 22:05:16,1,UNNATURAL_GEOMETRIC_LINE,1.0000,N/A
2026-09-05 22:05:18,1,UNNATURAL_GEOMETRIC_LINE,1.0000,N/A
2026-09-05 22:05:19,1,UNNATURAL_GEOMETRIC_LINE,1.0000,N/A
2026-09-05 22:05:23,1,UNNATURAL_GEOMETRIC_LINE,1.0000,N/A
2026-09-05 22:05:25,1,UNNATURAL_GEOMETRIC_LINE,1.0000,N/A
2026-09-05 22:05:25,1,UNNATURAL_GEOMETRIC_LINE,1.0000,N/A
2026-09-05 22:05:27,1,UNNATURAL_GEOMETRIC_LINE,1.0000,N/A
2026-09-05 22:05:31,1,UNNATURAL_GEOMETRIC_LINE,1.0000,N/A
2026-09-05 22:05:33,1,UNNATURAL_GEOMETRIC_LINE,1.0000,N/A
2026-09-05 22:05:36,1,UNNATURAL_GEOMETRIC_LINE,1.0000,N/A
2026-09-05 22:05:37,1,UNNATURAL_GEOMETRIC_LINE,1.0000,N/A
2026-09-05 22:05:38,1,UNNATURAL_GEOMETRIC_LINE,1.0000,N/A
2026-09-05 22:05:42,1,UNNATURAL_GEOMETRIC_LINE,1.0000,N/A
2026-09-05 22:05:43,1,UNNATURAL_GEOMETRIC_LINE,1.0000,N/A
2026-09-05 22:05:46,1,UNNATURAL_GEOMETRIC_LINE,1.0000,N/A
2026-09-05 22:05:48,1,UNNATURAL_GEOMETRIC_LINE,1.0000,N/A
2026-09-05 22:05:49,1,UNNATURAL_GEOMETRIC_LINE,1.0000,N/A
2026-09-05 22:05:50,1,UNNATURAL_GEOMETRIC_LINE,1.0000,N/A
2026-09-05 22:05:52,1,UNNATURAL_GEOMETRIC_LINE,1.0000,N/A
2026-09-05 22:05:53,1,UNNATURAL_GEOMETRIC_LINE,1.0000,N/A
2026-09-05 22:05:54,1,UNNATURAL_GEOMETRIC_LINE,1.0000,N/A
2026-09-05 22:05:56,1,UNNATURAL_GEOMETRIC_LINE,1.0000,N/A
2026-09-05 22:05:56,1,UNNATURAL_GEOMETRIC_LINE,1.0000,N/A
2026-09-05 22:06:05,1,UNNATURAL_GEOMETRIC_LINE,1.0000,N/A
2026-09-05 22:06:07,1,UNNATURAL_GEOMETRIC_LINE,1.0000,N/A
2026-09-05 22:06:07,1,UNNATURAL_GEOMETRIC_LINE,1.0000,N/A
2026-09-05 22:06:11,1,UNNATURAL_GEOMETRIC_LINE,1.0000,N/A
2026-09-05 22:06:15,1,UNNATURAL_GEOMETRIC_LINE,1.0000,N/A
2026-09-05 22:06:16,1,UNNATURAL_GEOMETRIC_LINE,1.0000,N/A
2026-09-05 22:06:17,1,UNNATURAL_GEOMETRIC_LINE,1.0000,N/A
2026-09-05 22:06:21,1,UNNATURAL_GEOMETRIC_LINE,1.0000,N/A
2026-09-05 22:06:23,1,UNNATURAL_GEOMETRIC_LINE,1.0000,N/A
2026-09-05 22:06:29,1,UNNATURAL_GEOMETRIC_LINE,1.0000,N/A
2026-09-05 22:06:29,1,UNNATURAL_GEOMETRIC_LINE,1.0000,N/A
2026-09-05 22:06:30,1,UNNATURAL_GEOMETRIC_LINE,1.0000,N/A
2026-09-05 22:06:32,1,UNNATURAL_GEOMETRIC_LINE,1.0000,N/A
2026-09-05 22:06:33,1,UNNATURAL_GEOMETRIC_LINE,1.0000,N/A
2026-09-05 22:06:34,1,UNNATURAL_GEOMETRIC_LINE,1.0000,N/A
2026-09-05 22:06:36,1,UNNATURAL_GEOMETRIC_LINE,1.0000,N/A
2026-09-05 22:06:37,1,UNNATURAL_GEOMETRIC_LINE,1.0000,N/A
2026-09-05 22:06:38,1,UNNATURAL_GEOMETRIC_LINE,1.0000,N/A
2026-09-05 22:06:42,1,UNNATURAL_GEOMETRIC_LINE,1.0000,N/A
2026-09-05 22:06:44,1,UNNATURAL_GEOMETRIC_LINE,1.0000,N/A
2026-09-05 22:06:44,1,UNNATURAL_GEOMETRIC_LINE,1.0000,N/A
2026-09-05 22:06:47,1,UNNATURAL_GEOMETRIC_LINE,1.0000,N/A
2026-09-05 22:06:49,1,UNNATURAL_GEOMETRIC_LINE,1.0000,N/A
2026-09-05 22:06:50,1,UNNATURAL_GEOMETRIC_LINE,1.0000,N/A
2026-09-05 22:06:51,1,UNNATURAL_GEOMETRIC_LINE,1.0000,N/A
2026-09-05 22:06:54,1,UNNATURAL_GEOMETRIC_LINE,1.0000,N/A
2026-09-05 22:06:54,1,UNNATURAL_GEOMETRIC_LINE,1.0000,N/A
2026-09-05 22:06:59,1,UNNATURAL_GEOMETRIC_LINE,1.0000,N/A
2026-09-05 22:07:01,1,UNNATURAL_GEOMETRIC_LINE,1.0000,N/A
2026-09-05 22:07:02,1,UNNATURAL_GEOMETRIC_LINE,1.0000,N/A
2026-09-05 22:07:03,1,UNNATURAL_GEOMETRIC_LINE,1.0000,N/A
2026-09-05 22:07:05,1,UNNATURAL_GEOMETRIC_LINE,1.0000,N/A
2026-09-05 22:07:05,1,UNNATURAL_GEOMETRIC_LINE,1.0000,N/A
2026-09-05 22:07:12,1,UNNATURAL_GEOMETRIC_LINE,1.0000,N/A
2026-09-05 22:07:15,1,UNNATURAL_GEOMETRIC_LINE,1.0000,N/A
2026-09-05 22:07:15,1,UNNATURAL_GEOMETRIC_LINE,1.0000,N/A
2026-09-05 22:07:18,1,UNNATURAL_GEOMETRIC_LINE,1.0000,N/A
2026-09-05 22:07:18,1,UNNATURAL_GEOMETRIC_LINE,1.0000,N/A
2026-09-05 22:07:21,1,UNNATURAL_GEOMETRIC_LINE,1.0000,N/A
2026-09-05 22:07:24,1,UNNATURAL_GEOMETRIC_LINE,1.0000,N/A
2026-09-05 22:07:25,1,UNNATURAL_GEOMETRIC_LINE,1.0000,N/A
2026-09-05 22:07:28,1,UNNATURAL_GEOMETRIC_LINE,1.0000,N/A
2026-09-05 22:07:30,1,UNNATURAL_GEOMETRIC_LINE,1.0000,N/A
2026-09-05 22:07:31,1,UNNATURAL_GEOMETRIC_LINE,1.0000,N/A
2026-09-05 22:07:35,1,UNNATURAL_GEOMETRIC_LINE,1.0000,N/A
2026-09-05 22:07:37,1,UNNATURAL_GEOMETRIC_LINE,1.0000,N/A
2026-09-05 22:07:38,1,UNNATURAL_GEOMETRIC_LINE,1.0000,N/A
2026-09-05 22:07:38,1,MECHANICAL_LOCK_NO_TREMOR,1.0000,N/A
2026-09-05 22:07:44,1,UNNATURAL_GEOMETRIC_LINE,1.0000,N/A
2026-09-05 22:07:44,1,UNNATURAL_GEOMETRIC_LINE,1.0000,N/A
2026-09-05 22:07:46,1,UNNATURAL_GEOMETRIC_LINE,1.0000,N/A
2026-09-05 22:07:48,1,UNNATURAL_GEOMETRIC_LINE,1.0000,N/A
2026-09-05 22:07:49,1,UNNATURAL_GEOMETRIC_LINE,1.0000,N/A
2026-09-05 22:07:50,1,MECHANICAL_LOCK_NO_TREMOR,1.0000,N/A
2026-09-05 22:07:53,1,UNNATURAL_GEOMETRIC_LINE,1.0000,N/A
2026-09-05 22:07:54,1,UNNATURAL_GEOMETRIC_LINE,1.0000,N/A
2026-09-05 22:07:54,1,MECHANICAL_LOCK_NO_TREMOR,1.0000,N/A
2026-09-05 22:07:58,1,UNNATURAL_GEOMETRIC_LINE,1.0000,N/A
2026-09-05 22:08:02,1,UNNATURAL_GEOMETRIC_LINE,1.0000,N/A
2026-09-05 22:08:02,1,UNNATURAL_GEOMETRIC_LINE,1.0000,N/A
2026-09-05 22:08:05,1,UNNATURAL_GEOMETRIC_LINE,1.0000,N/A
2026-09-05 22:08:07,1,UNNATURAL_GEOMETRIC_LINE,1.0000,N/A
2026-09-05 22:08:07,1,UNNATURAL_GEOMETRIC_LINE,1.0000,N/A
2026-09-05 22:08:11,1,UNNATURAL_GEOMETRIC_LINE,1.0000,N/A
2026-09-05 22:08:15,1,UNNATURAL_GEOMETRIC_LINE,1.0000,N/A
2026-09-05 22:08:15,1,UNNATURAL_GEOMETRIC_LINE,1.0000,N/A
2026-09-05 22:08:17,1,UNNATURAL_GEOMETRIC_LINE,1.0000,N/A
2026-09-05 22:08:20,1,UNNATURAL_GEOMETRIC_LINE,1.0000,N/A
2026-09-05 22:08:22,1,UNNATURAL_GEOMETRIC_LINE,1.0000,N/A
2026-09-05 22:08:24,1,UNNATURAL_GEOMETRIC_LINE,1.0000,N/A
2026-09-05 22:08:25,1,UNNATURAL_GEOMETRIC_LINE,1.0000,N/A
2026-09-05 22:08:26,1,UNNATURAL_GEOMETRIC_LINE,1.0000,N/A
2026-09-05 22:08:28,1,UNNATURAL_GEOMETRIC_LINE,1.0000,N/A
2026-09-05 22:08:29,1,UNNATURAL_GEOMETRIC_LINE,1.0000,N/A
2026-09-05 22:08:30,1,UNNATURAL_GEOMETRIC_LINE,1.0000,N/A
2026-09-05 22:08:32,1,UNNATURAL_GEOMETRIC_LINE,1.0000,N/A
2026-09-05 22:08:32,1,UNNATURAL_GEOMETRIC_LINE,1.0000,N/A
2026-09-05 22:08:41,1,UNNATURAL_GEOMETRIC_LINE,1.0000,N/A
2026-09-05 22:08:43,1,UNNATURAL_GEOMETRIC_LINE,1.0000,N/A
2026-09-05 22:08:44,1,UNNATURAL_GEOMETRIC_LINE,1.0000,N/A
2026-09-05 22:08:45,1,UNNATURAL_GEOMETRIC_LINE,1.0000,N/A
2026-09-05 22:08:46,1,UNNATURAL_GEOMETRIC_LINE,1.0000,N/A
2026-09-05 22:08:47,1,UNNATURAL_GEOMETRIC_LINE,1.0000,N/A
2026-09-05 22:08:53,1,UNNATURAL_GEOMETRIC_LINE,1.0000,N/A
2026-09-05 22:08:58,1,UNNATURAL_GEOMETRIC_LINE,1.0000,N/A
2026-09-05 22:08:59,1,UNNATURAL_GEOMETRIC_LINE,1.0000,N/A
2026-09-05 22:09:01,1,UNNATURAL_GEOMETRIC_LINE,1.0000,N/A
2026-09-05 22:09:03,1,UNNATURAL_GEOMETRIC_LINE,1.0000,N/A
2026-09-05 22:09:05,1,UNNATURAL_GEOMETRIC_LINE,1.0000,N/A
2026-09-05 22:09:05,1,UNNATURAL_GEOMETRIC_LINE,1.0000,N/A
2026-09-05 22:09:08,1,UNNATURAL_GEOMETRIC_LINE,1.0000,N/A
2026-09-05 22:09:10,1,UNNATURAL_GEOMETRIC_LINE,1.0000,N/A
2026-09-05 22:09:10,1,UNNATURAL_GEOMETRIC_LINE,1.0000,N/A
2026-09-05 22:09:14,1,UNNATURAL_GEOMETRIC_LINE,1.0000,N/A
2026-09-05 22:09:16,1,UNNATURAL_GEOMETRIC_LINE,1.0000,N/A
2026-09-05 22:09:16,1,UNNATURAL_GEOMETRIC_LINE,1.0000,N/A
2026-09-05 22:09:18,1,UNNATURAL_GEOMETRIC_LINE,1.0000,N/A
2026-09-05 22:09:21,1,UNNATURAL_GEOMETRIC_LINE,1.0000,N/A
2026-09-05 22:09:21,1,UNNATURAL_GEOMETRIC_LINE,1.0000,N/A
2026-09-05 22:09:24,1,UNNATURAL_GEOMETRIC_LINE,1.0000,N/A
2026-09-05 22:09:26,1,UNNATURAL_GEOMETRIC_LINE,1.0000,N/A
2026-09-05 22:09:28,1,UNNATURAL_GEOMETRIC_LINE,1.0000,N/A
2026-09-05 22:09:28,1,UNNATURAL_GEOMETRIC_LINE,1.0000,N/A
2026-09-05 22:09:32,1,UNNATURAL_GEOMETRIC_LINE,1.0000,N/A
2026-09-05 22:09:34,1,UNNATURAL_GEOMETRIC_LINE,1.0000,N/A
2026-09-05 22:09:35,1,UNNATURAL_GEOMETRIC_LINE,1.0000,N/A
2026-09-05 22:09:41,1,UNNATURAL_GEOMETRIC_LINE,1.0000,N/A
2026-09-05 22:09:44,1,UNNATURAL_GEOMETRIC_LINE,1.0000,N/A
2026-09-05 22:09:45,1,UNNATURAL_GEOMETRIC_LINE,1.0000,N/A
2026-09-05 22:09:45,1,MECHANICAL_LOCK_NO_TREMOR,1.0000,N/A
2026-09-05 22:09:48,1,UNNATURAL_GEOMETRIC_LINE,1.0000,N/A
2026-09-05 22:09:48,1,UNNATURAL_GEOMETRIC_LINE,1.0000,N/A
2026-09-05 22:09:50,1,UNNATURAL_GEOMETRIC_LINE,1.0000,N/A
2026-09-05 22:09:52,1,UNNATURAL_GEOMETRIC_LINE,1.0000,N/A
2026-09-05 22:09:52,1,UNNATURAL_GEOMETRIC_LINE,1.0000,N/A
2026-09-05 22:09:53,1,MECHANICAL_LOCK_NO_TREMOR,1.0000,N/A
2026-09-05 22:09:58,1,UNNATURAL_GEOMETRIC_LINE,1.0000,N/A
2026-09-05 22:09:59,1,UNNATURAL_GEOMETRIC_LINE,1.0000,N/A
2026-09-05 22:10:01,1,UNNATURAL_GEOMETRIC_LINE,1.0000,N/A
2026-09-05 22:10:01,1,UNNATURAL_GEOMETRIC_LINE,1.0000,N/A
2026-09-05 22:10:04,1,UNNATURAL_GEOMETRIC_LINE,1.0000,N/A
2026-09-05 22:10:05,1,UNNATURAL_GEOMETRIC_LINE,1.0000,N/A
2026-09-05 22:10:08,1,UNNATURAL_GEOMETRIC_LINE,1.0000,N/A
2026-09-05 22:10:08,1,UNNATURAL_GEOMETRIC_LINE,1.0000,N/A
2026-09-05 22:10:10,1,UNNATURAL_GEOMETRIC_LINE,1.0000,N/A
2026-09-05 22:10:20,1,UNNATURAL_GEOMETRIC_LINE,1.0000,N/A
2026-09-05 22:10:20,1,UNNATURAL_GEOMETRIC_LINE,1.0000,N/A
2026-09-05 22:10:22,1,UNNATURAL_GEOMETRIC_LINE,1.0000,N/A
2026-09-05 22:10:26,1,UNNATURAL_GEOMETRIC_LINE,1.0000,N/A
2026-09-05 22:10:27,1,UNNATURAL_GEOMETRIC_LINE,1.0000,N/A
2026-09-05 22:10:28,1,UNNATURAL_GEOMETRIC_LINE,1.0000,N/A
2026-09-05 22:10:30,1,UNNATURAL_GEOMETRIC_LINE,1.0000,N/A
2026-09-05 22:10:30,1,UNNATURAL_GEOMETRIC_LINE,1.0000,N/A
2026-09-05 22:10:34,1,UNNATURAL_GEOMETRIC_LINE,1.0000,N/A
2026-09-05 22:10:36,1,UNNATURAL_GEOMETRIC_LINE,1.0000,N/A
2026-09-05 22:10:36,1,UNNATURAL_GEOMETRIC_LINE,1.0000,N/A
2026-09-05 22:10:38,1,UNNATURAL_GEOMETRIC_LINE,1.0000,N/A
2026-09-05 22:10:40,1,UNNATURAL_GEOMETRIC_LINE,1.0000,N/A
2026-09-05 22:10:41,1,UNNATURAL_GEOMETRIC_LINE,1.0000,N/A
2026-09-05 22:10:43,1,UNNATURAL_GEOMETRIC_LINE,1.0000,N/A
2026-09-05 22:10:46,1,UNNATURAL_GEOMETRIC_LINE,1.0000,N/A
2026-09-05 22:10:47,1,UNNATURAL_GEOMETRIC_LINE,1.0000,N/A
2026-09-05 22:10:59,1,UNNATURAL_GEOMETRIC_LINE,1.0000,N/A
2026-09-05 22:11:00,1,UNNATURAL_GEOMETRIC_LINE,1.0000,N/A
2026-09-05 22:11:02,1,UNNATURAL_GEOMETRIC_LINE,1.0000,N/A
2026-09-05 22:11:05,1,UNNATURAL_GEOMETRIC_LINE,1.0000,N/A
2026-09-05 22:11:07,1,UNNATURAL_GEOMETRIC_LINE,1.0000,N/A
2026-09-05 22:11:09,1,UNNATURAL_GEOMETRIC_LINE,1.0000,N/A
2026-09-05 22:11:13,1,UNNATURAL_GEOMETRIC_LINE,1.0000,N/A
2026-09-05 22:11:17,1,UNNATURAL_GEOMETRIC_LINE,1.0000,N/A
2026-09-05 22:11:19,1,UNNATURAL_GEOMETRIC_LINE,1.0000,N/A
2026-09-05 22:11:20,1,UNNATURAL_GEOMETRIC_LINE,1.0000,N/A
2026-09-05 22:11:21,1,UNNATURAL_GEOMETRIC_LINE,1.0000,N/A
2026-09-05 22:11:26,1,UNNATURAL_GEOMETRIC_LINE,1.0000,N/A
2026-09-05 22:11:33,1,UNNATURAL_GEOMETRIC_LINE,1.0000,N/A
2026-09-05 22:11:37,1,UNNATURAL_GEOMETRIC_LINE,1.0000,N/A
2026-09-05 22:11:38,1,UNNATURAL_GEOMETRIC_LINE,1.0000,N/A
2026-09-05 22:11:40,1,UNNATURAL_GEOMETRIC_LINE,1.0000,N/A
2026-09-05 22:11:42,1,UNNATURAL_GEOMETRIC_LINE,1.0000,N/A
2026-09-05 22:11:43,1,UNNATURAL_GEOMETRIC_LINE,1.0000,N/A
2026-09-05 22:11:45,1,UNNATURAL_GEOMETRIC_LINE,1.0000,N/A
2026-09-05 22:11:50,1,UNNATURAL_GEOMETRIC_LINE,1.0000,N/A
2026-09-05 22:11:51,1,UNNATURAL_GEOMETRIC_LINE,1.0000,N/A
2026-09-05 22:11:53,1,UNNATURAL_GEOMETRIC_LINE,1.0000,N/A
2026-09-05 22:11:58,1,UNNATURAL_GEOMETRIC_LINE,1.0000,N/A
2026-09-05 22:11:58,1,UNNATURAL_GEOMETRIC_LINE,1.0000,N/A
2026-09-05 22:12:01,1,UNNATURAL_GEOMETRIC_LINE,1.0000,N/A
2026-09-05 22:12:03,1,UNNATURAL_GEOMETRIC_LINE,1.0000,N/A
2026-09-05 22:12:03,1,UNNATURAL_GEOMETRIC_LINE,1.0000,N/A
2026-09-05 22:12:04,1,UNNATURAL_GEOMETRIC_LINE,1.0000,N/A
2026-09-05 22:12:06,1,UNNATURAL_GEOMETRIC_LINE,1.0000,N/A
2026-09-05 22:12:07,1,UNNATURAL_GEOMETRIC_LINE,1.0000,N/A
2026-09-05 22:12:08,1,UNNATURAL_GEOMETRIC_LINE,1.0000,N/A
2026-09-05 22:12:10,1,UNNATURAL_GEOMETRIC_LINE,1.0000,N/A
2026-09-05 22:12:11,1,UNNATURAL_GEOMETRIC_LINE,1.0000,N/A
2026-09-05 22:12:12,1,UNNATURAL_GEOMETRIC_LINE,1.0000,N/A
2026-09-05 22:12:14,1,UNNATURAL_GEOMETRIC_LINE,1.0000,N/A
2026-09-05 22:12:15,1,UNNATURAL_GEOMETRIC_LINE,1.0000,N/A
2026-09-05 22:12:16,1,UNNATURAL_GEOMETRIC_LINE,1.0000,N/A
2026-09-05 22:12:20,1,UNNATURAL_GEOMETRIC_LINE,1.0000,N/A
2026-09-05 22:12:21,1,UNNATURAL_GEOMETRIC_LINE,1.0000,N/A
2026-09-05 22:12:24,1,UNNATURAL_GEOMETRIC_LINE,1.0000,N/A
2026-09-05 22:12:27,1,UNNATURAL_GEOMETRIC_LINE,1.0000,N/A
2026-09-05 22:12:28,1,UNNATURAL_GEOMETRIC_LINE,1.0000,N/A
2026-09-05 22:12:30,1,UNNATURAL_GEOMETRIC_LINE,1.0000,N/A
2026-09-05 22:12:34,1,UNNATURAL_GEOMETRIC_LINE,1.0000,N/A
2026-09-05 22:12:35,1,UNNATURAL_GEOMETRIC_LINE,1.0000,N/A
2026-09-05 22:12:37,1,UNNATURAL_GEOMETRIC_LINE,1.0000,N/A
2026-09-05 22:12:39,1,UNNATURAL_GEOMETRIC_LINE,1.0000,N/A
2026-09-05 22:12:39,1,UNNATURAL_GEOMETRIC_LINE,1.0000,N/A
2026-09-05 22:12:41,1,UNNATURAL_GEOMETRIC_LINE,1.0000,N/A
2026-09-05 22:12:46,1,UNNATURAL_GEOMETRIC_LINE,1.0000,N/A
2026-09-05 22:12:46,1,UNNATURAL_GEOMETRIC_LINE,1.0000,N/A
2026-09-05 22:12:50,1,UNNATURAL_GEOMETRIC_LINE,1.0000,N/A
2026-09-05 22:12:54,1,UNNATURAL_GEOMETRIC_LINE,1.0000,N/A
2026-09-05 22:12:54,1,UNNATURAL_GEOMETRIC_LINE,1.0000,N/A
2026-09-05 22:12:56,1,UNNATURAL_GEOMETRIC_LINE,1.0000,N/A
2026-09-05 22:12:59,1,UNNATURAL_GEOMETRIC_LINE,1.0000,N/A
2026-09-05 22:13:00,1,UNNATURAL_GEOMETRIC_LINE,1.0000,N/A
2026-09-05 22:13:01,1,UNNATURAL_GEOMETRIC_LINE,1.0000,N/A
2026-09-05 22:13:06,1,UNNATURAL_GEOMETRIC_LINE,1.0000,N/A
2026-09-05 22:13:07,1,UNNATURAL_GEOMETRIC_LINE,1.0000,N/A
2026-09-05 22:13:09,1,UNNATURAL_GEOMETRIC_LINE,1.0000,N/A
2026-09-05 22:13:09,1,UNNATURAL_GEOMETRIC_LINE,1.0000,N/A
2026-09-05 22:13:11,1,UNNATURAL_GEOMETRIC_LINE,1.0000,N/A
2026-09-05 22:13:14,1,UNNATURAL_GEOMETRIC_LINE,1.0000,N/A
2026-09-05 22:13:20,1,UNNATURAL_GEOMETRIC_LINE,1.0000,N/A
2026-09-05 22:13:25,1,UNNATURAL_GEOMETRIC_LINE,1.0000,N/A
2026-09-05 22:13:26,1,UNNATURAL_GEOMETRIC_LINE,1.0000,N/A
2026-09-05 22:13:28,1,UNNATURAL_GEOMETRIC_LINE,1.0000,N/A
2026-09-05 22:13:33,1,UNNATURAL_GEOMETRIC_LINE,1.0000,N/A
2026-09-05 22:13:34,1,UNNATURAL_GEOMETRIC_LINE,1.0000,N/A
2026-09-05 22:13:38,1,UNNATURAL_GEOMETRIC_LINE,1.0000,N/A
2026-09-05 22:13:38,1,UNNATURAL_GEOMETRIC_LINE,1.0000,N/A
2026-09-05 22:13:40,1,UNNATURAL_GEOMETRIC_LINE,1.0000,N/A
2026-09-05 22:13:42,1,UNNATURAL_GEOMETRIC_LINE,1.0000,N/A
2026-09-05 22:13:43,1,UNNATURAL_GEOMETRIC_LINE,1.0000,N/A
2026-09-05 22:13:45,1,UNNATURAL_GEOMETRIC_LINE,1.0000,N/A
2026-09-05 22:13:51,1,UNNATURAL_GEOMETRIC_LINE,1.0000,N/A
2026-09-05 22:13:52,1,UNNATURAL_GEOMETRIC_LINE,1.0000,N/A
2026-09-05 22:13:53,1,UNNATURAL_GEOMETRIC_LINE,1.0000,N/A
2026-09-05 22:14:01,1,UNNATURAL_GEOMETRIC_LINE,1.0000,N/A
2026-09-05 22:14:02,1,UNNATURAL_GEOMETRIC_LINE,1.0000,N/A
2026-09-05 22:14:04,1,UNNATURAL_GEOMETRIC_LINE,1.0000,N/A
2026-09-05 22:14:04,1,UNNATURAL_GEOMETRIC_LINE,1.0000,N/A
2026-09-05 22:14:07,1,UNNATURAL_GEOMETRIC_LINE,1.0000,N/A
2026-09-05 22:14:09,1,UNNATURAL_GEOMETRIC_LINE,1.0000,N/A
2026-09-05 22:14:09,1,UNNATURAL_GEOMETRIC_LINE,1.0000,N/A
2026-09-05 22:14:16,1,UNNATURAL_GEOMETRIC_LINE,1.0000,N/A
2026-09-05 22:14:19,1,UNNATURAL_GEOMETRIC_LINE,1.0000,N/A
2026-09-05 22:14:20,1,UNNATURAL_GEOMETRIC_LINE,1.0000,N/A
2026-09-05 22:14:21,1,UNNATURAL_GEOMETRIC_LINE,1.0000,N/A
2026-09-05 22:14:26,1,UNNATURAL_GEOMETRIC_LINE,1.0000,N/A
2026-09-05 22:14:27,1,UNNATURAL_GEOMETRIC_LINE,1.0000,N/A
2026-09-05 22:14:31,1,UNNATURAL_GEOMETRIC_LINE,1.0000,N/A
2026-09-05 22:14:33,1,UNNATURAL_GEOMETRIC_LINE,1.0000,N/A
2026-09-05 22:14:34,1,UNNATURAL_GEOMETRIC_LINE,1.0000,N/A
2026-09-05 22:14:35,1,UNNATURAL_GEOMETRIC_LINE,1.0000,N/A
2026-09-05 22:14:39,1,UNNATURAL_GEOMETRIC_LINE,1.0000,N/A
2026-09-05 22:14:39,1,UNNATURAL_GEOMETRIC_LINE,1.0000,N/A
2026-09-05 22:14:40,1,UNNATURAL_GEOMETRIC_LINE,1.0000,N/A
2026-09-05 22:14:42,1,UNNATURAL_GEOMETRIC_LINE,1.0000,N/A
2026-09-05 22:14:43,1,UNNATURAL_GEOMETRIC_LINE,1.0000,N/A
2026-09-05 22:14:47,1,UNNATURAL_GEOMETRIC_LINE,1.0000,N/A
2026-09-05 22:14:49,1,UNNATURAL_GEOMETRIC_LINE,1.0000,N/A
2026-09-05 22:14:49,1,UNNATURAL_GEOMETRIC_LINE,1.0000,N/A
2026-09-05 22:15:01,1,UNNATURAL_GEOMETRIC_LINE,1.0000,N/A
2026-09-05 22:15:04,1,UNNATURAL_GEOMETRIC_LINE,1.0000,N/A
2026-09-05 22:15:04,1,UNNATURAL_GEOMETRIC_LINE,1.0000,N/A
2026-09-05 22:15:07,1,UNNATURAL_GEOMETRIC_LINE,1.0000,N/A
2026-09-05 22:15:10,1,UNNATURAL_GEOMETRIC_LINE,1.0000,N/A
2026-09-05 22:15:10,1,UNNATURAL_GEOMETRIC_LINE,1.0000,N/A
2026-09-05 22:15:15,1,UNNATURAL_GEOMETRIC_LINE,1.0000,N/A
2026-09-05 22:15:15,1,UNNATURAL_GEOMETRIC_LINE,1.0000,N/A
2026-09-05 22:15:18,1,UNNATURAL_GEOMETRIC_LINE,1.0000,N/A
2026-09-05 22:15:20,1,UNNATURAL_GEOMETRIC_LINE,1.0000,N/A
2026-09-05 22:15:21,1,UNNATURAL_GEOMETRIC_LINE,1.0000,N/A
2026-09-05 22:15:26,1,UNNATURAL_GEOMETRIC_LINE,1.0000,N/A
2026-09-05 22:15:29,1,UNNATURAL_GEOMETRIC_LINE,1.0000,N/A
2026-09-05 22:15:30,1,UNNATURAL_GEOMETRIC_LINE,1.0000,N/A
2026-09-05 22:15:30,1,UNNATURAL_GEOMETRIC_LINE,1.0000,N/A
2026-09-05 22:15:32,1,UNNATURAL_GEOMETRIC_LINE,1.0000,N/A
2026-09-05 22:15:33,1,UNNATURAL_GEOMETRIC_LINE,1.0000,N/A
2026-09-05 22:15:44,1,UNNATURAL_GEOMETRIC_LINE,1.0000,N/A
2026-09-05 22:15:49,1,UNNATURAL_GEOMETRIC_LINE,1.0000,N/A
2026-09-05 22:15:50,1,UNNATURAL_GEOMETRIC_LINE,1.0000,N/A
2026-09-05 22:15:57,1,UNNATURAL_GEOMETRIC_LINE,1.0000,N/A
2026-09-05 22:15:58,1,UNNATURAL_GEOMETRIC_LINE,1.0000,N/A
2026-09-05 22:15:59,1,UNNATURAL_GEOMETRIC_LINE,1.0000,N/A
2026-09-05 22:16:02,1,UNNATURAL_GEOMETRIC_LINE,1.0000,N/A
2026-09-05 22:16:03,1,UNNATURAL_GEOMETRIC_LINE,1.0000,N/A
2026-09-05 22:16:07,1,UNNATURAL_GEOMETRIC_LINE,1.0000,N/A
2026-09-05 22:16:09,1,UNNATURAL_GEOMETRIC_LINE,1.0000,N/A
2026-09-05 22:16:10,1,UNNATURAL_GEOMETRIC_LINE,1.0000,N/A
2026-09-05 22:16:12,1,UNNATURAL_GEOMETRIC_LINE,1.0000,N/A
2026-09-05 22:16:18,1,UNNATURAL_GEOMETRIC_LINE,1.0000,N/A
2026-09-05 22:16:19,1,UNNATURAL_GEOMETRIC_LINE,1.0000,N/A
2026-09-05 22:16:23,1,UNNATURAL_GEOMETRIC_LINE,1.0000,N/A
2026-09-05 22:16:28,1,UNNATURAL_GEOMETRIC_LINE,1.0000,N/A
2026-09-05 22:16:28,1,UNNATURAL_GEOMETRIC_LINE,1.0000,N/A
2026-09-05 22:16:30,1,UNNATURAL_GEOMETRIC_LINE,1.0000,N/A
2026-09-05 22:16:32,1,UNNATURAL_GEOMETRIC_LINE,1.0000,N/A
2026-09-05 22:16:33,1,UNNATURAL_GEOMETRIC_LINE,1.0000,N/A
2026-09-05 22:16:34,1,UNNATURAL_GEOMETRIC_LINE,1.0000,N/A
2026-09-05 22:16:36,1,UNNATURAL_GEOMETRIC_LINE,1.0000,N/A
2026-09-05 22:16:37,1,UNNATURAL_GEOMETRIC_LINE,1.0000,N/A
2026-09-05 22:16:46,1,UNNATURAL_GEOMETRIC_LINE,1.0000,N/A
2026-09-05 22:16:48,1,UNNATURAL_GEOMETRIC_LINE,1.0000,N/A
2026-09-05 22:16:49,1,UNNATURAL_GEOMETRIC_LINE,1.0000,N/A
2026-09-05 22:16:52,1,UNNATURAL_GEOMETRIC_LINE,1.0000,N/A
2026-09-05 22:16:57,1,UNNATURAL_GEOMETRIC_LINE,1.0000,N/A
2026-09-05 22:16:58,1,UNNATURAL_GEOMETRIC_LINE,1.0000,N/A
2026-09-05 22:16:58,1,UNNATURAL_GEOMETRIC_LINE,1.0000,N/A
2026-09-05 22:17:01,1,UNNATURAL_GEOMETRIC_LINE,1.0000,N/A
2026-09-05 22:17:02,1,UNNATURAL_GEOMETRIC_LINE,1.0000,N/A
2026-09-05 22:17:05,1,UNNATURAL_GEOMETRIC_LINE,1.0000,N/A
2026-09-05 22:17:09,1,UNNATURAL_GEOMETRIC_LINE,1.0000,N/A
2026-09-05 22:17:12,1,UNNATURAL_GEOMETRIC_LINE,1.0000,N/A
2026-09-05 22:17:12,1,UNNATURAL_GEOMETRIC_LINE,1.0000,N/A
2026-09-05 22:17:14,1,UNNATURAL_GEOMETRIC_LINE,1.0000,N/A
2026-09-05 22:17:17,1,UNNATURAL_GEOMETRIC_LINE,1.0000,N/A
2026-09-05 22:17:23,1,UNNATURAL_GEOMETRIC_LINE,1.0000,N/A
2026-09-05 22:17:26,1,UNNATURAL_GEOMETRIC_LINE,1.0000,N/A
2026-09-05 22:17:26,1,UNNATURAL_GEOMETRIC_LINE,1.0000,N/A
2026-09-05 22:17:32,1,UNNATURAL_GEOMETRIC_LINE,1.0000,N/A
2026-09-05 22:17:34,1,UNNATURAL_GEOMETRIC_LINE,1.0000,N/A
2026-09-05 22:17:35,1,UNNATURAL_GEOMETRIC_LINE,1.0000,N/A
2026-09-05 22:17:39,1,UNNATURAL_GEOMETRIC_LINE,1.0000,N/A
2026-09-05 22:17:41,1,UNNATURAL_GEOMETRIC_LINE,1.0000,N/A
2026-09-05 22:17:42,1,UNNATURAL_GEOMETRIC_LINE,1.0000,N/A
2026-09-05 22:17:50,1,UNNATURAL_GEOMETRIC_LINE,1.0000,N/A
2026-09-05 22:17:53,1,UNNATURAL_GEOMETRIC_LINE,1.0000,N/A
2026-09-05 22:17:54,1,UNNATURAL_GEOMETRIC_LINE,1.0000,N/A
2026-09-05 22:17:56,1,UNNATURAL_GEOMETRIC_LINE,1.0000,N/A
2026-09-05 22:17:56,1,UNNATURAL_GEOMETRIC_LINE,1.0000,N/A
2026-09-05 22:17:59,1,UNNATURAL_GEOMETRIC_LINE,1.0000,N/A
2026-09-05 22:18:03,1,UNNATURAL_GEOMETRIC_LINE,1.0000,N/A
2026-09-05 22:18:04,1,UNNATURAL_GEOMETRIC_LINE,1.0000,N/A
2026-09-05 22:18:08,1,UNNATURAL_GEOMETRIC_LINE,1.0000,N/A
2026-09-05 22:18:10,1,UNNATURAL_GEOMETRIC_LINE,1.0000,N/A
2026-09-05 22:18:11,1,UNNATURAL_GEOMETRIC_LINE,1.0000,N/A
2026-09-05 22:18:14,1,UNNATURAL_GEOMETRIC_LINE,1.0000,N/A
2026-09-05 22:18:20,1,UNNATURAL_GEOMETRIC_LINE,1.0000,N/A
2026-09-05 22:18:27,1,UNNATURAL_GEOMETRIC_LINE,1.0000,N/A
2026-09-05 22:18:29,1,UNNATURAL_GEOMETRIC_LINE,1.0000,N/A
2026-09-05 22:18:30,1,UNNATURAL_GEOMETRIC_LINE,1.0000,N/A
2026-09-05 22:18:31,1,UNNATURAL_GEOMETRIC_LINE,1.0000,N/A
2026-09-05 22:18:34,1,UNNATURAL_GEOMETRIC_LINE,1.0000,N/A
2026-09-05 22:18:34,1,UNNATURAL_GEOMETRIC_LINE,1.0000,N/A
2026-09-05 22:18:41,1,UNNATURAL_GEOMETRIC_LINE,1.0000,N/A
2026-09-05 22:18:44,1,UNNATURAL_GEOMETRIC_LINE,1.0000,N/A
2026-09-05 22:18:52,1,UNNATURAL_GEOMETRIC_LINE,1.0000,N/A
2026-09-05 22:18:54,1,UNNATURAL_GEOMETRIC_LINE,1.0000,N/A
2026-09-05 22:18:54,1,UNNATURAL_GEOMETRIC_LINE,1.0000,N/A
2026-09-05 22:18:56,1,UNNATURAL_GEOMETRIC_LINE,1.0000,N/A
2026-09-05 22:19:01,1,UNNATURAL_GEOMETRIC_LINE,1.0000,N/A
2026-09-05 22:19:02,1,UNNATURAL_GEOMETRIC_LINE,1.0000,N/A
2026-09-05 22:19:02,1,MECHANICAL_LOCK_NO_TREMOR,1.0000,N/A
2026-09-05 22:19:04,1,UNNATURAL_GEOMETRIC_LINE,1.0000,N/A
2026-09-05 22:19:05,1,UNNATURAL_GEOMETRIC_LINE,1.0000,N/A
2026-09-05 22:19:06,1,UNNATURAL_GEOMETRIC_LINE,1.0000,N/A
2026-09-05 22:19:08,1,UNNATURAL_GEOMETRIC_LINE,1.0000,N/A
2026-09-05 22:19:09,1,UNNATURAL_GEOMETRIC_LINE,1.0000,N/A
2026-09-05 22:19:12,1,UNNATURAL_GEOMETRIC_LINE,1.0000,N/A
2026-09-05 22:19:14,1,UNNATURAL_GEOMETRIC_LINE,1.0000,N/A
2026-09-05 22:19:14,1,UNNATURAL_GEOMETRIC_LINE,1.0000,N/A
2026-09-05 22:19:18,1,UNNATURAL_GEOMETRIC_LINE,1.0000,N/A
2026-09-05 22:19:20,1,UNNATURAL_GEOMETRIC_LINE,1.0000,N/A
2026-09-05 22:19:21,1,UNNATURAL_GEOMETRIC_LINE,1.0000,N/A
2026-09-05 22:19:23,1,UNNATURAL_GEOMETRIC_LINE,1.0000,N/A
2026-09-05 22:19:28,1,UNNATURAL_GEOMETRIC_LINE,1.0000,N/A
2026-09-05 22:19:30,1,UNNATURAL_GEOMETRIC_LINE,1.0000,N/A
2026-09-05 22:19:31,1,UNNATURAL_GEOMETRIC_LINE,1.0000,N/A
2026-09-05 22:19:33,1,UNNATURAL_GEOMETRIC_LINE,1.0000,N/A
2026-09-05 22:19:36,1,UNNATURAL_GEOMETRIC_LINE,1.0000,N/A
2026-09-05 22:19:45,1,UNNATURAL_GEOMETRIC_LINE,1.0000,N/A
2026-09-05 22:19:49,1,UNNATURAL_GEOMETRIC_LINE,1.0000,N/A
2026-09-05 22:19:49,1,UNNATURAL_GEOMETRIC_LINE,1.0000,N/A
2026-09-05 22:19:52,1,UNNATURAL_GEOMETRIC_LINE,1.0000,N/A
2026-09-05 22:19:56,1,UNNATURAL_GEOMETRIC_LINE,1.0000,N/A
2026-09-05 22:19:57,1,UNNATURAL_GEOMETRIC_LINE,1.0000,N/A
2026-09-05 22:19:57,1,UNNATURAL_GEOMETRIC_LINE,1.0000,N/A
2026-09-05 22:20:00,1,UNNATURAL_GEOMETRIC_LINE,1.0000,N/A
2026-09-05 22:20:01,1,UNNATURAL_GEOMETRIC_LINE,1.0000,N/A
2026-09-05 22:20:01,1,MECHANICAL_LOCK_NO_TREMOR,1.0000,N/A
2026-09-05 22:20:03,1,UNNATURAL_GEOMETRIC_LINE,1.0000,N/A
2026-09-05 22:20:04,1,UNNATURAL_GEOMETRIC_LINE,1.0000,N/A
2026-09-05 22:20:14,1,UNNATURAL_GEOMETRIC_LINE,1.0000,N/A
2026-09-05 22:20:17,1,UNNATURAL_GEOMETRIC_LINE,1.0000,N/A
2026-09-05 22:20:18,1,UNNATURAL_GEOMETRIC_LINE,1.0000,N/A
2026-09-05 22:20:22,1,UNNATURAL_GEOMETRIC_LINE,1.0000,N/A
2026-09-05 22:20:25,1,UNNATURAL_GEOMETRIC_LINE,1.0000,N/A
2026-09-05 22:20:28,1,UNNATURAL_GEOMETRIC_LINE,1.0000,N/A
2026-09-05 22:20:30,1,UNNATURAL_GEOMETRIC_LINE,1.0000,N/A
2026-09-05 22:20:31,1,UNNATURAL_GEOMETRIC_LINE,1.0000,N/A
2026-09-05 22:20:33,1,UNNATURAL_GEOMETRIC_LINE,1.0000,N/A
2026-09-05 22:20:35,1,UNNATURAL_GEOMETRIC_LINE,1.0000,N/A
2026-09-05 22:20:38,1,UNNATURAL_GEOMETRIC_LINE,1.0000,N/A
2026-09-05 22:20:40,1,UNNATURAL_GEOMETRIC_LINE,1.0000,N/A
2026-09-05 22:20:42,1,UNNATURAL_GEOMETRIC_LINE,1.0000,N/A
2026-09-05 22:20:43,1,UNNATURAL_GEOMETRIC_LINE,1.0000,N/A
2026-09-05 22:20:44,1,UNNATURAL_GEOMETRIC_LINE,1.0000,N/A
2026-09-05 22:20:47,1,UNNATURAL_GEOMETRIC_LINE,1.0000,N/A
2026-09-05 22:20:48,1,UNNATURAL_GEOMETRIC_LINE,1.0000,N/A
2026-09-05 22:20:50,1,UNNATURAL_GEOMETRIC_LINE,1.0000,N/A
2026-09-05 22:20:51,1,UNNATURAL_GEOMETRIC_LINE,1.0000,N/A
2026-09-05 22:21:06,1,UNNATURAL_GEOMETRIC_LINE,1.0000,N/A
2026-09-05 22:21:08,1,UNNATURAL_GEOMETRIC_LINE,1.0000,N/A
2026-09-05 22:21:09,1,UNNATURAL_GEOMETRIC_LINE,1.0000,N/A
2026-09-05 22:21:10,1,UNNATURAL_GEOMETRIC_LINE,1.0000,N/A
2026-09-05 22:21:13,1,UNNATURAL_GEOMETRIC_LINE,1.0000,N/A
2026-09-05 22:21:14,1,UNNATURAL_GEOMETRIC_LINE,1.0000,N/A
2026-09-05 22:21:16,1,UNNATURAL_GEOMETRIC_LINE,1.0000,N/A
2026-09-05 22:21:18,1,UNNATURAL_GEOMETRIC_LINE,1.0000,N/A
2026-09-05 22:21:19,1,UNNATURAL_GEOMETRIC_LINE,1.0000,N/A
2026-09-05 22:21:20,1,UNNATURAL_GEOMETRIC_LINE,1.0000,N/A
2026-09-05 22:21:23,1,UNNATURAL_GEOMETRIC_LINE,1.0000,N/A
2026-09-05 22:21:24,1,UNNATURAL_GEOMETRIC_LINE,1.0000,N/A
2026-09-05 22:21:30,1,UNNATURAL_GEOMETRIC_LINE,1.0000,N/A
2026-09-05 22:21:32,1,UNNATURAL_GEOMETRIC_LINE,1.0000,N/A
2026-09-05 22:21:33,1,UNNATURAL_GEOMETRIC_LINE,1.0000,N/A
2026-09-05 22:21:37,1,UNNATURAL_GEOMETRIC_LINE,1.0000,N/A
2026-09-05 22:21:40,1,UNNATURAL_GEOMETRIC_LINE,1.0000,N/A
2026-09-05 22:21:40,1,UNNATURAL_GEOMETRIC_LINE,1.0000,N/A
2026-09-05 22:21:44,1,UNNATURAL_GEOMETRIC_LINE,1.0000,N/A
2026-09-05 22:21:48,1,UNNATURAL_GEOMETRIC_LINE,1.0000,N/A
2026-09-05 22:21:48,1,UNNATURAL_GEOMETRIC_LINE,1.0000,N/A
2026-09-05 22:21:52,1,UNNATURAL_GEOMETRIC_LINE,1.0000,N/A
2026-09-05 22:21:54,1,UNNATURAL_GEOMETRIC_LINE,1.0000,N/A
2026-09-05 22:21:54,1,UNNATURAL_GEOMETRIC_LINE,1.0000,N/A
2026-09-05 22:21:58,1,UNNATURAL_GEOMETRIC_LINE,1.0000,N/A
2026-09-05 22:22:00,1,UNNATURAL_GEOMETRIC_LINE,1.0000,N/A
2026-09-05 22:22:01,1,UNNATURAL_GEOMETRIC_LINE,1.0000,N/A
2026-09-05 22:22:01,1,MECHANICAL_LOCK_NO_TREMOR,1.0000,N/A
2026-09-05 22:22:03,1,UNNATURAL_GEOMETRIC_LINE,1.0000,N/A
2026-09-05 22:22:07,1,UNNATURAL_GEOMETRIC_LINE,1.0000,N/A
2026-09-05 22:22:09,1,UNNATURAL_GEOMETRIC_LINE,1.0000,N/A
2026-09-05 22:22:11,1,UNNATURAL_GEOMETRIC_LINE,1.0000,N/A
2026-09-05 22:22:11,1,UNNATURAL_GEOMETRIC_LINE,1.0000,N/A
2026-09-05 22:22:12,1,UNNATURAL_GEOMETRIC_LINE,1.0000,N/A
2026-09-05 22:22:15,1,UNNATURAL_GEOMETRIC_LINE,1.0000,N/A
2026-09-05 22:22:16,1,UNNATURAL_GEOMETRIC_LINE,1.0000,N/A
2026-09-05 22:22:18,1,UNNATURAL_GEOMETRIC_LINE,1.0000,N/A
2026-09-05 22:22:19,1,UNNATURAL_GEOMETRIC_LINE,1.0000,N/A
2026-09-05 22:22:23,1,UNNATURAL_GEOMETRIC_LINE,1.0000,N/A
2026-09-05 22:22:25,1,UNNATURAL_GEOMETRIC_LINE,1.0000,N/A
2026-09-05 22:22:27,1,UNNATURAL_GEOMETRIC_LINE,1.0000,N/A
2026-09-05 22:22:28,1,UNNATURAL_GEOMETRIC_LINE,1.0000,N/A
2026-09-05 22:22:38,1,UNNATURAL_GEOMETRIC_LINE,1.0000,N/A
2026-09-05 22:22:40,1,UNNATURAL_GEOMETRIC_LINE,1.0000,N/A
2026-09-05 22:22:41,1,UNNATURAL_GEOMETRIC_LINE,1.0000,N/A
2026-09-05 22:22:42,1,UNNATURAL_GEOMETRIC_LINE,1.0000,N/A
2026-09-05 22:22:44,1,UNNATURAL_GEOMETRIC_LINE,1.0000,N/A
2026-09-05 22:22:45,1,UNNATURAL_GEOMETRIC_LINE,1.0000,N/A
2026-09-05 22:22:48,1,UNNATURAL_GEOMETRIC_LINE,1.0000,N/A
2026-09-05 22:22:50,1,UNNATURAL_GEOMETRIC_LINE,1.0000,N/A
2026-09-05 22:22:51,1,UNNATURAL_GEOMETRIC_LINE,1.0000,N/A
2026-09-05 22:22:54,1,UNNATURAL_GEOMETRIC_LINE,1.0000,N/A
2026-09-05 22:23:00,1,UNNATURAL_GEOMETRIC_LINE,1.0000,N/A
2026-09-05 22:23:01,1,UNNATURAL_GEOMETRIC_LINE,1.0000,N/A
2026-09-05 22:23:03,1,UNNATURAL_GEOMETRIC_LINE,1.0000,N/A
2026-09-05 22:23:05,1,UNNATURAL_GEOMETRIC_LINE,1.0000,N/A
2026-09-05 22:23:06,1,UNNATURAL_GEOMETRIC_LINE,1.0000,N/A
2026-09-05 22:23:07,1,UNNATURAL_GEOMETRIC_LINE,1.0000,N/A
2026-09-05 22:23:09,1,UNNATURAL_GEOMETRIC_LINE,1.0000,N/A
2026-09-05 22:23:09,1,UNNATURAL_GEOMETRIC_LINE,1.0000,N/A
2026-09-05 22:23:15,1,UNNATURAL_GEOMETRIC_LINE,1.0000,N/A
2026-09-05 22:23:20,1,UNNATURAL_GEOMETRIC_LINE,1.0000,N/A
2026-09-05 22:23:20,1,UNNATURAL_GEOMETRIC_LINE,1.0000,N/A
2026-09-05 22:23:24,1,UNNATURAL_GEOMETRIC_LINE,1.0000,N/A
2026-09-05 22:23:28,1,UNNATURAL_GEOMETRIC_LINE,1.0000,N/A
2026-09-05 22:23:29,1,UNNATURAL_GEOMETRIC_LINE,1.0000,N/A
2026-09-05 22:23:33,1,UNNATURAL_GEOMETRIC_LINE,1.0000,N/A
2026-09-05 22:23:37,1,UNNATURAL_GEOMETRIC_LINE,1.0000,N/A
2026-09-05 22:23:37,1,UNNATURAL_GEOMETRIC_LINE,1.0000,N/A
2026-09-05 22:23:48,1,UNNATURAL_GEOMETRIC_LINE,1.0000,N/A
2026-09-05 22:23:49,1,UNNATURAL_GEOMETRIC_LINE,1.0000,N/A
2026-09-05 22:23:55,1,UNNATURAL_GEOMETRIC_LINE,1.0000,N/A
2026-09-05 22:23:57,1,UNNATURAL_GEOMETRIC_LINE,1.0000,N/A
2026-09-05 22:23:57,1,UNNATURAL_GEOMETRIC_LINE,1.0000,N/A
2026-09-05 22:24:03,1,UNNATURAL_GEOMETRIC_LINE,1.0000,N/A
2026-09-05 22:24:06,1,UNNATURAL_GEOMETRIC_LINE,1.0000,N/A
2026-09-05 22:24:06,1,UNNATURAL_GEOMETRIC_LINE,1.0000,N/A
2026-09-05 22:24:11,1,UNNATURAL_GEOMETRIC_LINE,1.0000,N/A
2026-09-05 22:24:13,1,UNNATURAL_GEOMETRIC_LINE,1.0000,N/A
2026-09-05 22:24:14,1,UNNATURAL_GEOMETRIC_LINE,1.0000,N/A
2026-09-05 22:24:15,1,UNNATURAL_GEOMETRIC_LINE,1.0000,N/A
2026-09-05 22:24:18,1,UNNATURAL_GEOMETRIC_LINE,1.0000,N/A
2026-09-05 22:24:19,1,UNNATURAL_GEOMETRIC_LINE,1.0000,N/A
2026-09-05 22:24:19,1,MECHANICAL_LOCK_NO_TREMOR,1.0000,N/A
2026-09-05 22:24:22,1,UNNATURAL_GEOMETRIC_LINE,1.0000,N/A
2026-09-05 22:24:23,1,UNNATURAL_GEOMETRIC_LINE,1.0000,N/A
2026-09-05 22:24:24,1,UNNATURAL_GEOMETRIC_LINE,1.0000,N/A
2026-09-05 22:24:26,1,UNNATURAL_GEOMETRIC_LINE,1.0000,N/A
2026-09-05 22:24:26,1,UNNATURAL_GEOMETRIC_LINE,1.0000,N/A
2026-09-05 22:24:29,1,UNNATURAL_GEOMETRIC_LINE,1.0000,N/A
2026-09-05 22:24:32,1,UNNATURAL_GEOMETRIC_LINE,1.0000,N/A
2026-09-05 22:24:35,1,UNNATURAL_GEOMETRIC_LINE,1.0000,N/A
2026-09-05 22:24:36,1,UNNATURAL_GEOMETRIC_LINE,1.0000,N/A
2026-09-05 22:24:36,1,MECHANICAL_LOCK_NO_TREMOR,1.0000,N/A
2026-09-05 22:24:39,1,UNNATURAL_GEOMETRIC_LINE,1.0000,N/A
2026-09-05 22:24:39,1,UNNATURAL_GEOMETRIC_LINE,1.0000,N/A
2026-09-05 22:24:48,1,UNNATURAL_GEOMETRIC_LINE,1.0000,N/A
2026-09-05 22:24:50,1,UNNATURAL_GEOMETRIC_LINE,1.0000,N/A
2026-09-05 22:24:51,1,UNNATURAL_GEOMETRIC_LINE,1.0000,N/A
2026-09-05 22:24:53,1,UNNATURAL_GEOMETRIC_LINE,1.0000,N/A
2026-09-05 22:25:01,1,UNNATURAL_GEOMETRIC_LINE,1.0000,N/A
2026-09-05 22:25:01,1,UNNATURAL_GEOMETRIC_LINE,1.0000,N/A
2026-09-05 22:25:03,1,UNNATURAL_GEOMETRIC_LINE,1.0000,N/A
2026-09-05 22:25:05,1,UNNATURAL_GEOMETRIC_LINE,1.0000,N/A
2026-09-05 22:25:06,1,UNNATURAL_GEOMETRIC_LINE,1.0000,N/A
2026-09-05 22:25:07,1,UNNATURAL_GEOMETRIC_LINE,1.0000,N/A
2026-09-05 22:25:11,1,UNNATURAL_GEOMETRIC_LINE,1.0000,N/A
2026-09-05 22:25:12,1,UNNATURAL_GEOMETRIC_LINE,1.0000,N/A
2026-09-05 22:25:20,1,UNNATURAL_GEOMETRIC_LINE,1.0000,N/A
2026-09-05 22:25:24,1,UNNATURAL_GEOMETRIC_LINE,1.0000,N/A
2026-09-05 22:25:28,1,UNNATURAL_GEOMETRIC_LINE,1.0000,N/A
2026-09-05 22:25:33,1,UNNATURAL_GEOMETRIC_LINE,1.0000,N/A
2026-09-05 22:25:34,1,UNNATURAL_GEOMETRIC_LINE,1.0000,N/A
2026-09-05 22:25:36,1,UNNATURAL_GEOMETRIC_LINE,1.0000,N/A
2026-09-05 22:25:37,1,UNNATURAL_GEOMETRIC_LINE,1.0000,N/A
2026-09-05 22:25:50,1,UNNATURAL_GEOMETRIC_LINE,1.0000,N/A
2026-09-05 22:25:54,1,UNNATURAL_GEOMETRIC_LINE,1.0000,N/A
2026-09-05 22:25:55,1,UNNATURAL_GEOMETRIC_LINE,1.0000,N/A
2026-09-05 22:25:59,1,UNNATURAL_GEOMETRIC_LINE,1.0000,N/A
2026-09-05 22:26:01,1,UNNATURAL_GEOMETRIC_LINE,1.0000,N/A
2026-09-05 22:26:02,1,UNNATURAL_GEOMETRIC_LINE,1.0000,N/A
2026-09-05 22:26:07,1,UNNATURAL_GEOMETRIC_LINE,1.0000,N/A
2026-09-05 22:26:10,1,UNNATURAL_GEOMETRIC_LINE,1.0000,N/A
2026-09-05 22:26:11,1,UNNATURAL_GEOMETRIC_LINE,1.0000,N/A
2026-09-05 22:26:12,1,UNNATURAL_GEOMETRIC_LINE,1.0000,N/A
2026-09-05 22:26:16,1,UNNATURAL_GEOMETRIC_LINE,1.0000,N/A
2026-09-05 22:26:17,1,UNNATURAL_GEOMETRIC_LINE,1.0000,N/A
2026-09-05 22:26:20,1,UNNATURAL_GEOMETRIC_LINE,1.0000,N/A
2026-09-05 22:26:24,1,UNNATURAL_GEOMETRIC_LINE,1.0000,N/A
2026-09-05 22:26:25,1,UNNATURAL_GEOMETRIC_LINE,1.0000,N/A
2026-09-05 22:26:30,1,UNNATURAL_GEOMETRIC_LINE,1.0000,N/A
2026-09-05 22:26:34,1,UNNATURAL_GEOMETRIC_LINE,1.0000,N/A
2026-09-05 22:26:34,1,UNNATURAL_GEOMETRIC_LINE,1.0000,N/A
2026-09-05 22:26:43,1,UNNATURAL_GEOMETRIC_LINE,1.0000,N/A
2026-09-05 22:26:47,1,UNNATURAL_GEOMETRIC_LINE,1.0000,N/A
2026-09-05 22:26:48,1,UNNATURAL_GEOMETRIC_LINE,1.0000,N/A
2026-09-05 22:26:49,1,UNNATURAL_GEOMETRIC_LINE,1.0000,N/A
2026-09-05 22:26:51,1,UNNATURAL_GEOMETRIC_LINE,1.0000,N/A
2026-09-05 22:26:51,1,UNNATURAL_GEOMETRIC_LINE,1.0000,N/A
2026-09-05 22:26:54,1,UNNATURAL_GEOMETRIC_LINE,1.0000,N/A
2026-09-05 22:26:59,1,UNNATURAL_GEOMETRIC_LINE,1.0000,N/A
2026-09-05 22:27:00,1,UNNATURAL_GEOMETRIC_LINE,1.0000,N/A
2026-09-05 22:27:06,1,UNNATURAL_GEOMETRIC_LINE,1.0000,N/A
2026-09-05 22:27:10,1,UNNATURAL_GEOMETRIC_LINE,1.0000,N/A
2026-09-05 22:27:11,1,UNNATURAL_GEOMETRIC_LINE,1.0000,N/A
2026-09-05 22:27:18,1,UNNATURAL_GEOMETRIC_LINE,1.0000,N/A
2026-09-05 22:27:21,1,UNNATURAL_GEOMETRIC_LINE,1.0000,N/A
2026-09-05 22:27:22,1,UNNATURAL_GEOMETRIC_LINE,1.0000,N/A
2026-09-05 22:27:31,1,UNNATURAL_GEOMETRIC_LINE,1.0000,N/A
2026-09-05 22:27:33,1,UNNATURAL_GEOMETRIC_LINE,1.0000,N/A
2026-09-05 22:27:34,1,UNNATURAL_GEOMETRIC_LINE,1.0000,N/A
2026-09-05 22:27:35,1,UNNATURAL_GEOMETRIC_LINE,1.0000,N/A
2026-09-05 22:27:37,1,UNNATURAL_GEOMETRIC_LINE,1.0000,N/A
2026-09-05 22:27:37,1,UNNATURAL_GEOMETRIC_LINE,1.0000,N/A
2026-09-05 22:27:38,1,UNNATURAL_GEOMETRIC_LINE,1.0000,N/A
2026-09-05 22:27:40,1,UNNATURAL_GEOMETRIC_LINE,1.0000,N/A
2026-09-05 22:27:41,1,UNNATURAL_GEOMETRIC_LINE,1.0000,N/A
2026-09-05 22:27:46,1,UNNATURAL_GEOMETRIC_LINE,1.0000,N/A
2026-09-05 22:27:48,1,UNNATURAL_GEOMETRIC_LINE,1.0000,N/A
2026-09-05 22:27:49,1,UNNATURAL_GEOMETRIC_LINE,1.0000,N/A
2026-09-05 22:27:54,1,UNNATURAL_GEOMETRIC_LINE,1.0000,N/A
2026-09-05 22:27:56,1,UNNATURAL_GEOMETRIC_LINE,1.0000,N/A
2026-09-05 22:27:57,1,UNNATURAL_GEOMETRIC_LINE,1.0000,N/A
2026-09-05 22:28:04,1,UNNATURAL_GEOMETRIC_LINE,1.0000,N/A
2026-09-05 22:28:05,1,UNNATURAL_GEOMETRIC_LINE,1.0000,N/A
2026-09-05 22:28:06,1,UNNATURAL_GEOMETRIC_LINE,1.0000,N/A
2026-09-05 22:28:08,1,UNNATURAL_GEOMETRIC_LINE,1.0000,N/A
2026-09-05 22:28:09,1,UNNATURAL_GEOMETRIC_LINE,1.0000,N/A
2026-09-05 22:28:11,1,UNNATURAL_GEOMETRIC_LINE,1.0000,N/A
2026-09-05 22:28:13,1,UNNATURAL_GEOMETRIC_LINE,1.0000,N/A
2026-09-05 22:28:13,1,UNNATURAL_GEOMETRIC_LINE,1.0000,N/A
2026-09-05 22:28:14,1,UNNATURAL_GEOMETRIC_LINE,1.0000,N/A
2026-09-05 22:28:18,1,UNNATURAL_GEOMETRIC_LINE,1.0000,N/A
2026-09-05 22:28:19,1,UNNATURAL_GEOMETRIC_LINE,1.0000,N/A
2026-09-05 22:28:21,1,UNNATURAL_GEOMETRIC_LINE,1.0000,N/A
2026-09-05 22:28:22,1,UNNATURAL_GEOMETRIC_LINE,1.0000,N/A
2026-09-05 22:28:24,1,UNNATURAL_GEOMETRIC_LINE,1.0000,N/A
2026-09-05 22:28:26,1,UNNATURAL_GEOMETRIC_LINE,1.0000,N/A
2026-09-05 22:28:26,1,UNNATURAL_GEOMETRIC_LINE,1.0000,N/A
2026-09-05 22:28:28,1,UNNATURAL_GEOMETRIC_LINE,1.0000,N/A
2026-09-05 22:28:32,1,UNNATURAL_GEOMETRIC_LINE,1.0000,N/A
2026-09-05 22:28:33,1,UNNATURAL_GEOMETRIC_LINE,1.0000,N/A
2026-09-05 22:28:34,1,UNNATURAL_GEOMETRIC_LINE,1.0000,N/A
2026-09-05 22:28:36,1,UNNATURAL_GEOMETRIC_LINE,1.0000,N/A
2026-09-05 22:28:37,1,UNNATURAL_GEOMETRIC_LINE,1.0000,N/A
2026-09-05 22:28:41,1,UNNATURAL_GEOMETRIC_LINE,1.0000,N/A
2026-09-05 22:28:44,1,UNNATURAL_GEOMETRIC_LINE,1.0000,N/A
2026-09-05 22:28:45,1,UNNATURAL_GEOMETRIC_LINE,1.0000,N/A
2026-09-05 22:28:50,1,UNNATURAL_GEOMETRIC_LINE,1.0000,N/A
2026-09-05 22:28:53,1,UNNATURAL_GEOMETRIC_LINE,1.0000,N/A
2026-09-05 22:28:53,1,UNNATURAL_GEOMETRIC_LINE,1.0000,N/A
2026-09-05 22:28:56,1,UNNATURAL_GEOMETRIC_LINE,1.0000,N/A
2026-09-05 22:29:00,1,UNNATURAL_GEOMETRIC_LINE,1.0000,N/A
2026-09-05 22:29:01,1,UNNATURAL_GEOMETRIC_LINE,1.0000,N/A
2026-09-05 22:29:02,1,UNNATURAL_GEOMETRIC_LINE,1.0000,N/A
2026-09-05 22:29:04,1,UNNATURAL_GEOMETRIC_LINE,1.0000,N/A
2026-09-05 22:29:05,1,UNNATURAL_GEOMETRIC_LINE,1.0000,N/A
2026-09-05 22:29:13,1,UNNATURAL_GEOMETRIC_LINE,1.0000,N/A
2026-09-05 22:29:15,1,UNNATURAL_GEOMETRIC_LINE,1.0000,N/A
2026-09-05 22:29:16,1,UNNATURAL_GEOMETRIC_LINE,1.0000,N/A
2026-09-05 22:29:17,1,UNNATURAL_GEOMETRIC_LINE,1.0000,N/A
2026-09-05 22:29:20,1,UNNATURAL_GEOMETRIC_LINE,1.0000,N/A
2026-09-05 22:29:21,1,UNNATURAL_GEOMETRIC_LINE,1.0000,N/A
2026-09-05 22:29:21,1,UNNATURAL_GEOMETRIC_LINE,1.0000,N/A
2026-09-05 22:29:23,1,UNNATURAL_GEOMETRIC_LINE,1.0000,N/A
2026-09-05 22:29:24,1,UNNATURAL_GEOMETRIC_LINE,1.0000,N/A
2026-09-05 22:29:32,1,UNNATURAL_GEOMETRIC_LINE,1.0000,N/A
2026-09-05 22:29:35,1,UNNATURAL_GEOMETRIC_LINE,1.0000,N/A
2026-09-05 22:29:35,1,UNNATURAL_GEOMETRIC_LINE,1.0000,N/A
2026-09-05 22:29:36,1,UNNATURAL_GEOMETRIC_LINE,1.0000,N/A
2026-09-05 22:29:38,1,UNNATURAL_GEOMETRIC_LINE,1.0000,N/A
2026-09-05 22:29:39,1,UNNATURAL_GEOMETRIC_LINE,1.0000,N/A
2026-09-05 22:29:45,1,UNNATURAL_GEOMETRIC_LINE,1.0000,N/A
2026-09-05 22:29:48,1,UNNATURAL_GEOMETRIC_LINE,1.0000,N/A
2026-09-05 22:29:49,1,UNNATURAL_GEOMETRIC_LINE,1.0000,N/A
2026-09-05 22:29:49,1,MECHANICAL_LOCK_NO_TREMOR,1.0000,N/A
2026-09-05 22:29:51,1,UNNATURAL_GEOMETRIC_LINE,1.0000,N/A
2026-09-05 22:29:52,1,UNNATURAL_GEOMETRIC_LINE,1.0000,N/A
2026-09-05 22:29:55,1,UNNATURAL_GEOMETRIC_LINE,1.0000,N/A
2026-09-05 22:29:59,1,UNNATURAL_GEOMETRIC_LINE,1.0000,N/A
2026-09-05 22:30:00,1,UNNATURAL_GEOMETRIC_LINE,1.0000,N/A
2026-09-05 22:30:02,1,UNNATURAL_GEOMETRIC_LINE,1.0000,N/A
2026-09-05 22:30:04,1,UNNATURAL_GEOMETRIC_LINE,1.0000,N/A
2026-09-05 22:30:07,1,UNNATURAL_GEOMETRIC_LINE,1.0000,N/A
2026-09-05 22:30:07,1,UNNATURAL_GEOMETRIC_LINE,1.0000,N/A
2026-09-05 22:30:12,1,UNNATURAL_GEOMETRIC_LINE,1.0000,N/A
2026-09-05 22:30:18,1,UNNATURAL_GEOMETRIC_LINE,1.0000,N/A
2026-09-05 22:30:18,1,UNNATURAL_GEOMETRIC_LINE,1.0000,N/A
2026-09-05 22:30:22,1,UNNATURAL_GEOMETRIC_LINE,1.0000,N/A
2026-09-05 22:30:23,1,UNNATURAL_GEOMETRIC_LINE,1.0000,N/A
2026-09-05 22:30:24,1,UNNATURAL_GEOMETRIC_LINE,1.0000,N/A
2026-09-05 22:30:30,1,UNNATURAL_GEOMETRIC_LINE,1.0000,N/A
2026-09-05 22:30:33,1,UNNATURAL_GEOMETRIC_LINE,1.0000,N/A
2026-09-05 22:30:33,1,UNNATURAL_GEOMETRIC_LINE,1.0000,N/A
2026-09-05 22:30:34,1,UNNATURAL_GEOMETRIC_LINE,1.0000,N/A
2026-09-05 22:30:36,1,UNNATURAL_GEOMETRIC_LINE,1.0000,N/A
2026-09-05 22:30:37,1,UNNATURAL_GEOMETRIC_LINE,1.0000,N/A
2026-09-05 22:30:38,1,UNNATURAL_GEOMETRIC_LINE,1.0000,N/A
2026-09-05 22:30:40,1,UNNATURAL_GEOMETRIC_LINE,1.0000,N/A
2026-09-05 22:30:40,1,UNNATURAL_GEOMETRIC_LINE,1.0000,N/A
2026-09-05 22:30:42,1,UNNATURAL_GEOMETRIC_LINE,1.0000,N/A
2026-09-05 22:30:44,1,UNNATURAL_GEOMETRIC_LINE,1.0000,N/A
2026-09-05 22:30:45,1,UNNATURAL_GEOMETRIC_LINE,1.0000,N/A
2026-09-05 22:30:45,1,UNNATURAL_GEOMETRIC_LINE,1.0000,N/A
2026-09-05 22:30:47,1,UNNATURAL_GEOMETRIC_LINE,1.0000,N/A
2026-09-05 22:30:48,1,UNNATURAL_GEOMETRIC_LINE,1.0000,N/A
2026-09-05 22:30:51,1,UNNATURAL_GEOMETRIC_LINE,1.0000,N/A
2026-09-05 22:30:53,1,UNNATURAL_GEOMETRIC_LINE,1.0000,N/A
2026-09-05 22:30:53,1,UNNATURAL_GEOMETRIC_LINE,1.0000,N/A
2026-09-05 22:30:55,1,UNNATURAL_GEOMETRIC_LINE,1.0000,N/A
2026-09-05 22:30:57,1,UNNATURAL_GEOMETRIC_LINE,1.0000,N/A
2026-09-05 22:30:57,1,UNNATURAL_GEOMETRIC_LINE,1.0000,N/A
2026-09-05 22:31:02,1,UNNATURAL_GEOMETRIC_LINE,1.0000,N/A
2026-09-05 22:31:07,1,UNNATURAL_GEOMETRIC_LINE,1.0000,N/A
2026-09-05 22:31:07,1,UNNATURAL_GEOMETRIC_LINE,1.0000,N/A
2026-09-05 22:31:09,1,UNNATURAL_GEOMETRIC_LINE,1.0000,N/A
2026-09-05 22:31:11,1,UNNATURAL_GEOMETRIC_LINE,1.0000,N/A
2026-09-05 22:31:11,1,UNNATURAL_GEOMETRIC_LINE,1.0000,N/A
2026-09-05 22:31:13,1,UNNATURAL_GEOMETRIC_LINE,1.0000,N/A
2026-09-05 22:31:15,1,UNNATURAL_GEOMETRIC_LINE,1.0000,N/A
2026-09-05 22:31:15,1,UNNATURAL_GEOMETRIC_LINE,1.0000,N/A
2026-09-05 22:31:21,1,UNNATURAL_GEOMETRIC_LINE,1.0000,N/A
2026-09-05 22:31:23,1,UNNATURAL_GEOMETRIC_LINE,1.0000,N/A
2026-09-05 22:31:23,1,UNNATURAL_GEOMETRIC_LINE,1.0000,N/A
2026-09-05 22:31:26,1,UNNATURAL_GEOMETRIC_LINE,1.0000,N/A
2026-09-05 22:31:28,1,UNNATURAL_GEOMETRIC_LINE,1.0000,N/A
2026-09-05 22:31:29,1,UNNATURAL_GEOMETRIC_LINE,1.0000,N/A
2026-09-05 22:31:30,1,UNNATURAL_GEOMETRIC_LINE,1.0000,N/A
2026-09-05 22:31:32,1,UNNATURAL_GEOMETRIC_LINE,1.0000,N/A
2026-09-05 22:31:33,1,UNNATURAL_GEOMETRIC_LINE,1.0000,N/A
2026-09-05 22:31:36,1,UNNATURAL_GEOMETRIC_LINE,1.0000,N/A
2026-09-05 22:31:38,1,UNNATURAL_GEOMETRIC_LINE,1.0000,N/A
2026-09-05 22:31:39,1,UNNATURAL_GEOMETRIC_LINE,1.0000,N/A
2026-09-05 22:31:40,1,UNNATURAL_GEOMETRIC_LINE,1.0000,N/A
2026-09-05 22:31:43,1,UNNATURAL_GEOMETRIC_LINE,1.0000,N/A
2026-09-05 22:31:44,1,UNNATURAL_GEOMETRIC_LINE,1.0000,N/A
2026-09-05 22:31:44,1,UNNATURAL_GEOMETRIC_LINE,1.0000,N/A
2026-09-05 22:31:50,1,UNNATURAL_GEOMETRIC_LINE,1.0000,N/A
2026-09-05 22:31:50,1,UNNATURAL_GEOMETRIC_LINE,1.0000,N/A
2026-09-05 22:31:51,1,MECHANICAL_LOCK_NO_TREMOR,1.0000,N/A
2026-09-05 22:31:56,1,UNNATURAL_GEOMETRIC_LINE,1.0000,N/A
2026-09-05 22:31:56,1,UNNATURAL_GEOMETRIC_LINE,1.0000,N/A
2026-09-05 22:32:02,1,UNNATURAL_GEOMETRIC_LINE,1.0000,N/A
2026-09-05 22:32:04,1,UNNATURAL_GEOMETRIC_LINE,1.0000,N/A
2026-09-05 22:32:05,1,UNNATURAL_GEOMETRIC_LINE,1.0000,N/A
2026-09-05 22:32:09,1,UNNATURAL_GEOMETRIC_LINE,1.0000,N/A
2026-09-05 22:32:11,1,UNNATURAL_GEOMETRIC_LINE,1.0000,N/A
2026-09-05 22:32:11,1,UNNATURAL_GEOMETRIC_LINE,1.0000,N/A
2026-09-05 22:32:14,1,UNNATURAL_GEOMETRIC_LINE,1.0000,N/A
2026-09-05 22:32:17,1,UNNATURAL_GEOMETRIC_LINE,1.0000,N/A
2026-09-05 22:32:18,1,UNNATURAL_GEOMETRIC_LINE,1.0000,N/A
2026-09-05 22:32:21,1,UNNATURAL_GEOMETRIC_LINE,1.0000,N/A
2026-09-05 22:32:26,1,UNNATURAL_GEOMETRIC_LINE,1.0000,N/A
2026-09-05 22:32:26,1,UNNATURAL_GEOMETRIC_LINE,1.0000,N/A
2026-09-05 22:32:33,1,UNNATURAL_GEOMETRIC_LINE,1.0000,N/A
2026-09-05 22:32:35,1,UNNATURAL_GEOMETRIC_LINE,1.0000,N/A
2026-09-05 22:32:35,1,UNNATURAL_GEOMETRIC_LINE,1.0000,N/A
2026-09-05 22:32:42,1,UNNATURAL_GEOMETRIC_LINE,1.0000,N/A
2026-09-05 22:32:44,1,UNNATURAL_GEOMETRIC_LINE,1.0000,N/A
2026-09-05 22:32:45,1,UNNATURAL_GEOMETRIC_LINE,1.0000,N/A
2026-09-05 22:32:50,1,UNNATURAL_GEOMETRIC_LINE,1.0000,N/A
2026-09-05 22:32:55,1,UNNATURAL_GEOMETRIC_LINE,1.0000,N/A
2026-09-05 22:32:56,1,UNNATURAL_GEOMETRIC_LINE,1.0000,N/A
2026-09-05 22:32:59,1,UNNATURAL_GEOMETRIC_LINE,1.0000,N/A
2026-09-05 22:33:01,1,UNNATURAL_GEOMETRIC_LINE,1.0000,N/A
2026-09-05 22:33:02,1,UNNATURAL_GEOMETRIC_LINE,1.0000,N/A
2026-09-05 22:33:03,1,UNNATURAL_GEOMETRIC_LINE,1.0000,N/A
2026-09-05 22:33:05,1,UNNATURAL_GEOMETRIC_LINE,1.0000,N/A
2026-09-05 22:33:05,1,UNNATURAL_GEOMETRIC_LINE,1.0000,N/A
2026-09-05 22:33:06,1,UNNATURAL_GEOMETRIC_LINE,1.0000,N/A
2026-09-05 22:33:11,1,UNNATURAL_GEOMETRIC_LINE,1.0000,N/A
2026-09-05 22:33:15,1,UNNATURAL_GEOMETRIC_LINE,1.0000,N/A
2026-09-05 22:33:17,1,UNNATURAL_GEOMETRIC_LINE,1.0000,N/A
2026-09-05 22:33:18,1,UNNATURAL_GEOMETRIC_LINE,1.0000,N/A
2026-09-05 22:33:22,1,UNNATURAL_GEOMETRIC_LINE,1.0000,N/A
2026-09-05 22:33:24,1,UNNATURAL_GEOMETRIC_LINE,1.0000,N/A
2026-09-05 22:33:24,1,UNNATURAL_GEOMETRIC_LINE,1.0000,N/A
2026-09-05 22:33:29,1,UNNATURAL_GEOMETRIC_LINE,1.0000,N/A
2026-09-05 22:33:32,1,UNNATURAL_GEOMETRIC_LINE,1.0000,N/A
2026-09-05 22:33:33,1,UNNATURAL_GEOMETRIC_LINE,1.0000,N/A
2026-09-05 22:33:34,1,UNNATURAL_GEOMETRIC_LINE,1.0000,N/A
2026-09-05 22:33:37,1,UNNATURAL_GEOMETRIC_LINE,1.0000,N/A
2026-09-05 22:33:38,1,UNNATURAL_GEOMETRIC_LINE,1.0000,N/A
2026-09-05 22:33:41,1,UNNATURAL_GEOMETRIC_LINE,1.0000,N/A
2026-09-05 22:33:44,1,UNNATURAL_GEOMETRIC_LINE,1.0000,N/A
2026-09-05 22:33:45,1,UNNATURAL_GEOMETRIC_LINE,1.0000,N/A
2026-09-05 22:33:48,1,UNNATURAL_GEOMETRIC_LINE,1.0000,N/A
2026-09-05 22:33:53,1,UNNATURAL_GEOMETRIC_LINE,1.0000,N/A
2026-09-05 22:33:56,1,UNNATURAL_GEOMETRIC_LINE,1.0000,N/A
2026-09-05 22:34:02,1,UNNATURAL_GEOMETRIC_LINE,1.0000,N/A
2026-09-05 22:34:03,1,UNNATURAL_GEOMETRIC_LINE,1.0000,N/A
2026-09-05 22:34:10,1,UNNATURAL_GEOMETRIC_LINE,1.0000,N/A
2026-09-05 22:34:13,1,UNNATURAL_GEOMETRIC_LINE,1.0000,N/A
2026-09-05 22:34:13,1,UNNATURAL_GEOMETRIC_LINE,1.0000,N/A
2026-09-05 22:34:16,1,UNNATURAL_GEOMETRIC_LINE,1.0000,N/A
2026-09-05 22:34:18,1,UNNATURAL_GEOMETRIC_LINE,1.0000,N/A
2026-09-05 22:34:20,1,UNNATURAL_GEOMETRIC_LINE,1.0000,N/A
2026-09-05 22:34:21,1,UNNATURAL_GEOMETRIC_LINE,1.0000,N/A
2026-09-05 22:34:23,1,UNNATURAL_GEOMETRIC_LINE,1.0000,N/A
2026-09-05 22:34:26,1,UNNATURAL_GEOMETRIC_LINE,1.0000,N/A
2026-09-05 22:34:26,1,UNNATURAL_GEOMETRIC_LINE,1.0000,N/A
2026-09-05 22:34:32,1,UNNATURAL_GEOMETRIC_LINE,1.0000,N/A
2026-09-05 22:34:34,1,UNNATURAL_GEOMETRIC_LINE,1.0000,N/A
2026-09-05 22:34:34,1,UNNATURAL_GEOMETRIC_LINE,1.0000,N/A
2026-09-05 22:34:36,1,UNNATURAL_GEOMETRIC_LINE,1.0000,N/A
2026-09-05 22:34:39,1,UNNATURAL_GEOMETRIC_LINE,1.0000,N/A
2026-09-05 22:34:40,1,UNNATURAL_GEOMETRIC_LINE,1.0000,N/A
2026-09-05 22:34:45,1,UNNATURAL_GEOMETRIC_LINE,1.0000,N/A
2026-09-05 22:34:47,1,UNNATURAL_GEOMETRIC_LINE,1.0000,N/A
2026-09-05 22:34:47,1,UNNATURAL_GEOMETRIC_LINE,1.0000,N/A
2026-09-05 22:34:49,1,UNNATURAL_GEOMETRIC_LINE,1.0000,N/A
2026-09-05 22:34:51,1,UNNATURAL_GEOMETRIC_LINE,1.0000,N/A
2026-09-05 22:34:51,1,UNNATURAL_GEOMETRIC_LINE,1.0000,N/A
2026-09-05 22:34:57,1,UNNATURAL_GEOMETRIC_LINE,1.0000,N/A
2026-09-05 22:34:59,1,UNNATURAL_GEOMETRIC_LINE,1.0000,N/A
2026-09-05 22:34:59,1,UNNATURAL_GEOMETRIC_LINE,1.0000,N/A
2026-09-05 22:35:00,1,UNNATURAL_GEOMETRIC_LINE,1.0000,N/A
2026-09-05 22:35:02,1,UNNATURAL_GEOMETRIC_LINE,1.0000,N/A
2026-09-05 22:35:03,1,UNNATURAL_GEOMETRIC_LINE,1.0000,N/A
2026-09-05 22:35:05,1,UNNATURAL_GEOMETRIC_LINE,1.0000,N/A
2026-09-05 22:35:09,1,UNNATURAL_GEOMETRIC_LINE,1.0000,N/A
2026-09-05 22:35:09,1,UNNATURAL_GEOMETRIC_LINE,1.0000,N/A
2026-09-05 22:35:13,1,UNNATURAL_GEOMETRIC_LINE,1.0000,N/A
2026-09-05 22:35:15,1,UNNATURAL_GEOMETRIC_LINE,1.0000,N/A
2026-09-05 22:35:16,1,UNNATURAL_GEOMETRIC_LINE,1.0000,N/A
2026-09-05 22:35:17,1,UNNATURAL_GEOMETRIC_LINE,1.0000,N/A
2026-09-05 22:35:21,1,UNNATURAL_GEOMETRIC_LINE,1.0000,N/A
2026-09-05 22:35:22,1,UNNATURAL_GEOMETRIC_LINE,1.0000,N/A
2026-09-05 22:35:24,1,UNNATURAL_GEOMETRIC_LINE,1.0000,N/A
2026-09-05 22:35:26,1,UNNATURAL_GEOMETRIC_LINE,1.0000,N/A
2026-09-05 22:35:27,1,UNNATURAL_GEOMETRIC_LINE,1.0000,N/A
2026-09-05 22:35:29,1,UNNATURAL_GEOMETRIC_LINE,1.0000,N/A
2026-09-05 22:35:31,1,UNNATURAL_GEOMETRIC_LINE,1.0000,N/A
2026-09-05 22:35:31,1,UNNATURAL_GEOMETRIC_LINE,1.0000,N/A
2026-09-05 22:35:35,1,UNNATURAL_GEOMETRIC_LINE,1.0000,N/A
2026-09-05 22:35:37,1,UNNATURAL_GEOMETRIC_LINE,1.0000,N/A
2026-09-05 22:35:37,1,UNNATURAL_GEOMETRIC_LINE,1.0000,N/A
2026-09-05 22:35:44,1,UNNATURAL_GEOMETRIC_LINE,1.0000,N/A
2026-09-05 22:35:47,1,UNNATURAL_GEOMETRIC_LINE,1.0000,N/A
2026-09-05 22:35:48,1,UNNATURAL_GEOMETRIC_LINE,1.0000,N/A
2026-09-05 22:35:50,1,UNNATURAL_GEOMETRIC_LINE,1.0000,N/A
2026-09-05 22:35:57,1,UNNATURAL_GEOMETRIC_LINE,1.0000,N/A
2026-09-05 22:36:00,1,UNNATURAL_GEOMETRIC_LINE,1.0000,N/A
2026-09-05 22:36:02,1,UNNATURAL_GEOMETRIC_LINE,1.0000,N/A
2026-09-05 22:36:02,1,UNNATURAL_GEOMETRIC_LINE,1.0000,N/A
2026-09-05 22:36:05,1,UNNATURAL_GEOMETRIC_LINE,1.0000,N/A
2026-09-05 22:36:07,1,UNNATURAL_GEOMETRIC_LINE,1.0000,N/A
2026-09-05 22:36:08,1,UNNATURAL_GEOMETRIC_LINE,1.0000,N/A
2026-09-05 22:36:09,1,UNNATURAL_GEOMETRIC_LINE,1.0000,N/A
2026-09-05 22:36:13,1,UNNATURAL_GEOMETRIC_LINE,1.0000,N/A
2026-09-05 22:36:14,1,UNNATURAL_GEOMETRIC_LINE,1.0000,N/A
2026-09-05 22:36:15,1,UNNATURAL_GEOMETRIC_LINE,1.0000,N/A
2026-09-05 22:36:17,1,UNNATURAL_GEOMETRIC_LINE,1.0000,N/A
2026-09-05 22:36:18,1,UNNATURAL_GEOMETRIC_LINE,1.0000,N/A
2026-09-05 22:36:23,1,UNNATURAL_GEOMETRIC_LINE,1.0000,N/A
2026-09-05 22:36:25,1,UNNATURAL_GEOMETRIC_LINE,1.0000,N/A
2026-09-05 22:36:25,1,UNNATURAL_GEOMETRIC_LINE,1.0000,N/A
2026-09-05 22:36:33,1,UNNATURAL_GEOMETRIC_LINE,1.0000,N/A
2026-09-05 22:36:37,1,UNNATURAL_GEOMETRIC_LINE,1.0000,N/A
2026-09-05 22:36:37,1,UNNATURAL_GEOMETRIC_LINE,1.0000,N/A
2026-09-05 22:36:51,1,UNNATURAL_GEOMETRIC_LINE,1.0000,N/A
2026-09-05 22:36:54,1,UNNATURAL_GEOMETRIC_LINE,1.0000,N/A
2026-09-05 22:36:54,1,UNNATURAL_GEOMETRIC_LINE,1.0000,N/A
2026-09-05 22:36:58,1,UNNATURAL_GEOMETRIC_LINE,1.0000,N/A
2026-09-05 22:37:00,1,UNNATURAL_GEOMETRIC_LINE,1.0000,N/A
2026-09-05 22:37:01,1,UNNATURAL_GEOMETRIC_LINE,1.0000,N/A
2026-09-05 22:37:02,1,UNNATURAL_GEOMETRIC_LINE,1.0000,N/A
2026-09-05 22:37:04,1,UNNATURAL_GEOMETRIC_LINE,1.0000,N/A
2026-09-05 22:37:05,1,UNNATURAL_GEOMETRIC_LINE,1.0000,N/A
2026-09-05 22:37:08,1,UNNATURAL_GEOMETRIC_LINE,1.0000,N/A
2026-09-05 22:37:10,1,UNNATURAL_GEOMETRIC_LINE,1.0000,N/A
2026-09-05 22:37:10,1,UNNATURAL_GEOMETRIC_LINE,1.0000,N/A
2026-09-05 22:37:12,1,UNNATURAL_GEOMETRIC_LINE,1.0000,N/A
2026-09-05 22:37:14,1,UNNATURAL_GEOMETRIC_LINE,1.0000,N/A
2026-09-05 22:37:15,1,UNNATURAL_GEOMETRIC_LINE,1.0000,N/A
2026-09-05 22:37:17,1,UNNATURAL_GEOMETRIC_LINE,1.0000,N/A
2026-09-05 22:37:20,1,UNNATURAL_GEOMETRIC_LINE,1.0000,N/A
2026-09-05 22:37:21,1,UNNATURAL_GEOMETRIC_LINE,1.0000,N/A
2026-09-05 22:37:25,1,UNNATURAL_GEOMETRIC_LINE,1.0000,N/A
2026-09-05 22:37:27,1,UNNATURAL_GEOMETRIC_LINE,1.0000,N/A
2026-09-05 22:37:27,1,UNNATURAL_GEOMETRIC_LINE,1.0000,N/A
2026-09-05 22:37:31,1,UNNATURAL_GEOMETRIC_LINE,1.0000,N/A
2026-09-05 22:37:35,1,UNNATURAL_GEOMETRIC_LINE,1.0000,N/A
2026-09-05 22:37:36,1,UNNATURAL_GEOMETRIC_LINE,1.0000,N/A
2026-09-05 22:37:39,1,UNNATURAL_GEOMETRIC_LINE,1.0000,N/A
2026-09-05 22:37:43,1,UNNATURAL_GEOMETRIC_LINE,1.0000,N/A
2026-09-05 22:37:43,1,UNNATURAL_GEOMETRIC_LINE,1.0000,N/A
2026-09-05 22:37:44,1,UNNATURAL_GEOMETRIC_LINE,1.0000,N/A
2026-09-05 22:37:48,1,UNNATURAL_GEOMETRIC_LINE,1.0000,N/A
2026-09-05 22:37:48,1,UNNATURAL_GEOMETRIC_LINE,1.0000,N/A
2026-09-05 22:37:50,1,UNNATURAL_GEOMETRIC_LINE,1.0000,N/A
2026-09-05 22:37:52,1,UNNATURAL_GEOMETRIC_LINE,1.0000,N/A
2026-09-05 22:37:53,1,UNNATURAL_GEOMETRIC_LINE,1.0000,N/A
2026-09-05 22:37:53,1,MECHANICAL_LOCK_NO_TREMOR,1.0000,N/A
2026-09-05 22:37:56,1,UNNATURAL_GEOMETRIC_LINE,1.0000,N/A
2026-09-05 22:37:57,1,UNNATURAL_GEOMETRIC_LINE,1.0000,N/A
2026-09-05 22:38:04,1,UNNATURAL_GEOMETRIC_LINE,1.0000,N/A
2026-09-05 22:38:07,1,UNNATURAL_GEOMETRIC_LINE,1.0000,N/A
2026-09-05 22:38:08,1,UNNATURAL_GEOMETRIC_LINE,1.0000,N/A
2026-09-05 22:38:14,1,UNNATURAL_GEOMETRIC_LINE,1.0000,N/A
2026-09-05 22:38:18,1,UNNATURAL_GEOMETRIC_LINE,1.0000,N/A
2026-09-05 22:38:19,1,UNNATURAL_GEOMETRIC_LINE,1.0000,N/A
2026-09-05 22:38:23,1,UNNATURAL_GEOMETRIC_LINE,1.0000,N/A
2026-09-05 22:38:26,1,UNNATURAL_GEOMETRIC_LINE,1.0000,N/A
2026-09-05 22:38:30,1,UNNATURAL_GEOMETRIC_LINE,1.0000,N/A
2026-09-05 22:38:33,1,UNNATURAL_GEOMETRIC_LINE,1.0000,N/A
2026-09-05 22:38:33,1,UNNATURAL_GEOMETRIC_LINE,1.0000,N/A
2026-09-05 22:38:38,1,UNNATURAL_GEOMETRIC_LINE,1.0000,N/A
2026-09-05 22:38:43,1,UNNATURAL_GEOMETRIC_LINE,1.0000,N/A
2026-09-05 22:38:45,1,UNNATURAL_GEOMETRIC_LINE,1.0000,N/A
2026-09-05 22:38:45,1,UNNATURAL_GEOMETRIC_LINE,1.0000,N/A
2026-09-05 22:38:47,1,UNNATURAL_GEOMETRIC_LINE,1.0000,N/A
2026-09-05 22:38:49,1,UNNATURAL_GEOMETRIC_LINE,1.0000,N/A
2026-09-05 22:38:51,1,UNNATURAL_GEOMETRIC_LINE,1.0000,N/A
2026-09-05 22:38:52,1,UNNATURAL_GEOMETRIC_LINE,1.0000,N/A
2026-09-05 22:38:53,1,UNNATURAL_GEOMETRIC_LINE,1.0000,N/A
2026-09-05 22:38:55,1,UNNATURAL_GEOMETRIC_LINE,1.0000,N/A
2026-09-05 22:38:56,1,UNNATURAL_GEOMETRIC_LINE,1.0000,N/A
2026-09-05 22:39:13,1,UNNATURAL_GEOMETRIC_LINE,1.0000,N/A
2026-09-05 22:39:18,1,UNNATURAL_GEOMETRIC_LINE,1.0000,N/A
2026-09-05 22:39:19,1,UNNATURAL_GEOMETRIC_LINE,1.0000,N/A
2026-09-05 22:39:21,1,UNNATURAL_GEOMETRIC_LINE,1.0000,N/A
2026-09-05 22:39:22,1,UNNATURAL_GEOMETRIC_LINE,1.0000,N/A
2026-09-05 22:39:27,1,UNNATURAL_GEOMETRIC_LINE,1.0000,N/A
2026-09-05 22:39:29,1,UNNATURAL_GEOMETRIC_LINE,1.0000,N/A
2026-09-05 22:39:30,1,UNNATURAL_GEOMETRIC_LINE,1.0000,N/A
2026-09-05 22:39:34,1,UNNATURAL_GEOMETRIC_LINE,1.0000,N/A
2026-09-05 22:39:36,1,UNNATURAL_GEOMETRIC_LINE,1.0000,N/A
2026-09-05 22:39:36,1,UNNATURAL_GEOMETRIC_LINE,1.0000,N/A
2026-09-05 22:39:39,1,UNNATURAL_GEOMETRIC_LINE,1.0000,N/A
2026-09-05 22:39:41,1,UNNATURAL_GEOMETRIC_LINE,1.0000,N/A
2026-09-05 22:39:42,1,UNNATURAL_GEOMETRIC_LINE,1.0000,N/A
2026-09-05 22:39:44,1,UNNATURAL_GEOMETRIC_LINE,1.0000,N/A
2026-09-05 22:39:47,1,UNNATURAL_GEOMETRIC_LINE,1.0000,N/A
2026-09-05 22:39:47,1,UNNATURAL_GEOMETRIC_LINE,1.0000,N/A
2026-09-05 22:39:49,1,UNNATURAL_GEOMETRIC_LINE,1.0000,N/A
2026-09-05 22:39:52,1,UNNATURAL_GEOMETRIC_LINE,1.0000,N/A
2026-09-05 22:39:53,1,UNNATURAL_GEOMETRIC_LINE,1.0000,N/A
2026-09-05 22:39:55,1,UNNATURAL_GEOMETRIC_LINE,1.0000,N/A
2026-09-05 22:39:55,1,UNNATURAL_GEOMETRIC_LINE,1.0000,N/A
2026-09-05 22:39:56,1,UNNATURAL_GEOMETRIC_LINE,1.0000,N/A
2026-09-05 22:39:59,1,UNNATURAL_GEOMETRIC_LINE,1.0000,N/A
2026-09-05 22:40:08,1,UNNATURAL_GEOMETRIC_LINE,1.0000,N/A
2026-09-05 22:40:10,1,UNNATURAL_GEOMETRIC_LINE,1.0000,N/A
2026-09-05 22:40:10,1,UNNATURAL_GEOMETRIC_LINE,1.0000,N/A
2026-09-05 22:40:11,1,MECHANICAL_LOCK_NO_TREMOR,1.0000,N/A
2026-09-05 22:40:18,1,UNNATURAL_GEOMETRIC_LINE,1.0000,N/A
2026-09-05 22:40:23,1,UNNATURAL_GEOMETRIC_LINE,1.0000,N/A
2026-09-05 22:40:24,1,UNNATURAL_GEOMETRIC_LINE,1.0000,N/A
2026-09-05 22:40:25,1,UNNATURAL_GEOMETRIC_LINE,1.0000,N/A
2026-09-05 22:40:27,1,UNNATURAL_GEOMETRIC_LINE,1.0000,N/A
2026-09-05 22:40:29,1,UNNATURAL_GEOMETRIC_LINE,1.0000,N/A
2026-09-05 22:40:30,1,UNNATURAL_GEOMETRIC_LINE,1.0000,N/A
2026-09-05 22:40:30,1,UNNATURAL_GEOMETRIC_LINE,1.0000,N/A
2026-09-05 22:40:32,1,UNNATURAL_GEOMETRIC_LINE,1.0000,N/A
2026-09-05 22:40:33,1,UNNATURAL_GEOMETRIC_LINE,1.0000,N/A
2026-09-05 22:40:34,1,UNNATURAL_GEOMETRIC_LINE,1.0000,N/A
2026-09-05 22:40:37,1,UNNATURAL_GEOMETRIC_LINE,1.0000,N/A
2026-09-05 22:40:38,1,UNNATURAL_GEOMETRIC_LINE,1.0000,N/A
2026-09-05 22:40:47,1,UNNATURAL_GEOMETRIC_LINE,1.0000,N/A
2026-09-05 22:40:51,1,UNNATURAL_GEOMETRIC_LINE,1.0000,N/A
2026-09-05 22:40:53,1,UNNATURAL_GEOMETRIC_LINE,1.0000,N/A
2026-09-05 22:40:54,1,UNNATURAL_GEOMETRIC_LINE,1.0000,N/A
2026-09-05 22:40:55,1,UNNATURAL_GEOMETRIC_LINE,1.0000,N/A
2026-09-05 22:40:58,1,UNNATURAL_GEOMETRIC_LINE,1.0000,N/A
2026-09-05 22:40:59,1,UNNATURAL_GEOMETRIC_LINE,1.0000,N/A
2026-09-05 22:41:00,1,UNNATURAL_GEOMETRIC_LINE,1.0000,N/A
2026-09-05 22:41:02,1,UNNATURAL_GEOMETRIC_LINE,1.0000,N/A
2026-09-05 22:41:03,1,UNNATURAL_GEOMETRIC_LINE,1.0000,N/A
2026-09-05 22:41:04,1,UNNATURAL_GEOMETRIC_LINE,1.0000,N/A
2026-09-05 22:41:09,1,UNNATURAL_GEOMETRIC_LINE,1.0000,N/A
2026-09-05 22:41:11,1,UNNATURAL_GEOMETRIC_LINE,1.0000,N/A
2026-09-05 22:41:11,1,UNNATURAL_GEOMETRIC_LINE,1.0000,N/A
2026-09-05 22:41:13,1,UNNATURAL_GEOMETRIC_LINE,1.0000,N/A
2026-09-05 22:41:15,1,UNNATURAL_GEOMETRIC_LINE,1.0000,N/A
2026-09-05 22:41:15,1,UNNATURAL_GEOMETRIC_LINE,1.0000,N/A
2026-09-05 22:41:23,1,UNNATURAL_GEOMETRIC_LINE,1.0000,N/A
2026-09-05 22:41:25,1,UNNATURAL_GEOMETRIC_LINE,1.0000,N/A
2026-09-05 22:41:26,1,UNNATURAL_GEOMETRIC_LINE,1.0000,N/A
2026-09-05 22:41:28,1,UNNATURAL_GEOMETRIC_LINE,1.0000,N/A
2026-09-05 22:41:30,1,UNNATURAL_GEOMETRIC_LINE,1.0000,N/A
2026-09-05 22:41:31,1,UNNATURAL_GEOMETRIC_LINE,1.0000,N/A
2026-09-05 22:41:33,1,UNNATURAL_GEOMETRIC_LINE,1.0000,N/A
2026-09-05 22:41:35,1,UNNATURAL_GEOMETRIC_LINE,1.0000,N/A
2026-09-05 22:41:35,1,UNNATURAL_GEOMETRIC_LINE,1.0000,N/A
2026-09-05 22:41:37,1,UNNATURAL_GEOMETRIC_LINE,1.0000,N/A
2026-09-05 22:41:42,1,UNNATURAL_GEOMETRIC_LINE,1.0000,N/A
2026-09-05 22:41:43,1,UNNATURAL_GEOMETRIC_LINE,1.0000,N/A
2026-09-05 22:41:45,1,UNNATURAL_GEOMETRIC_LINE,1.0000,N/A
2026-09-05 22:41:46,1,UNNATURAL_GEOMETRIC_LINE,1.0000,N/A
2026-09-05 22:41:46,1,MECHANICAL_LOCK_NO_TREMOR,1.0000,N/A
2026-09-05 22:41:49,1,UNNATURAL_GEOMETRIC_LINE,1.0000,N/A
2026-09-05 22:41:49,1,UNNATURAL_GEOMETRIC_LINE,1.0000,N/A
2026-09-05 22:41:54,1,UNNATURAL_GEOMETRIC_LINE,1.0000,N/A
2026-09-05 22:41:59,1,UNNATURAL_GEOMETRIC_LINE,1.0000,N/A
2026-09-05 22:41:59,1,UNNATURAL_GEOMETRIC_LINE,1.0000,N/A
2026-09-05 22:42:05,1,UNNATURAL_GEOMETRIC_LINE,1.0000,N/A
2026-09-05 22:42:08,1,UNNATURAL_GEOMETRIC_LINE,1.0000,N/A
2026-09-05 22:42:09,1,UNNATURAL_GEOMETRIC_LINE,1.0000,N/A
2026-09-05 22:42:10,1,UNNATURAL_GEOMETRIC_LINE,1.0000,N/A
2026-09-05 22:42:12,1,UNNATURAL_GEOMETRIC_LINE,1.0000,N/A
2026-09-05 22:42:13,1,UNNATURAL_GEOMETRIC_LINE,1.0000,N/A
2026-09-05 22:42:15,1,UNNATURAL_GEOMETRIC_LINE,1.0000,N/A
2026-09-05 22:42:19,1,UNNATURAL_GEOMETRIC_LINE,1.0000,N/A
2026-09-05 22:42:20,1,UNNATURAL_GEOMETRIC_LINE,1.0000,N/A
2026-09-05 22:42:23,1,UNNATURAL_GEOMETRIC_LINE,1.0000,N/A
2026-09-05 22:42:25,1,UNNATURAL_GEOMETRIC_LINE,1.0000,N/A
2026-09-05 22:42:31,1,UNNATURAL_GEOMETRIC_LINE,1.0000,N/A
2026-09-05 22:42:33,1,UNNATURAL_GEOMETRIC_LINE,1.0000,N/A
2026-09-05 22:42:34,1,UNNATURAL_GEOMETRIC_LINE,1.0000,N/A
2026-09-05 22:42:45,1,UNNATURAL_GEOMETRIC_LINE,1.0000,N/A
2026-09-05 22:42:46,1,UNNATURAL_GEOMETRIC_LINE,1.0000,N/A
2026-09-05 22:42:47,1,UNNATURAL_GEOMETRIC_LINE,1.0000,N/A
2026-09-05 22:42:50,1,UNNATURAL_GEOMETRIC_LINE,1.0000,N/A
2026-09-05 22:42:52,1,UNNATURAL_GEOMETRIC_LINE,1.0000,N/A
2026-09-05 22:42:53,1,UNNATURAL_GEOMETRIC_LINE,1.0000,N/A
2026-09-05 22:42:55,1,UNNATURAL_GEOMETRIC_LINE,1.0000,N/A
2026-09-05 22:43:01,1,UNNATURAL_GEOMETRIC_LINE,1.0000,N/A
2026-09-05 22:43:03,1,UNNATURAL_GEOMETRIC_LINE,1.0000,N/A
2026-09-05 22:43:05,1,UNNATURAL_GEOMETRIC_LINE,1.0000,N/A
2026-09-05 22:43:05,1,UNNATURAL_GEOMETRIC_LINE,1.0000,N/A
2026-09-05 22:43:06,1,UNNATURAL_GEOMETRIC_LINE,1.0000,N/A
2026-09-05 22:43:08,1,UNNATURAL_GEOMETRIC_LINE,1.0000,N/A
2026-09-05 22:43:09,1,UNNATURAL_GEOMETRIC_LINE,1.0000,N/A
2026-09-05 22:43:11,1,UNNATURAL_GEOMETRIC_LINE,1.0000,N/A
2026-09-05 22:43:13,1,UNNATURAL_GEOMETRIC_LINE,1.0000,N/A
2026-09-05 22:43:13,1,UNNATURAL_GEOMETRIC_LINE,1.0000,N/A
2026-09-05 22:43:14,1,UNNATURAL_GEOMETRIC_LINE,1.0000,N/A
2026-09-05 22:43:16,1,UNNATURAL_GEOMETRIC_LINE,1.0000,N/A
2026-09-05 22:43:17,1,UNNATURAL_GEOMETRIC_LINE,1.0000,N/A
2026-09-05 22:43:20,1,UNNATURAL_GEOMETRIC_LINE,1.0000,N/A
2026-09-05 22:43:22,1,UNNATURAL_GEOMETRIC_LINE,1.0000,N/A
2026-09-05 22:43:23,1,UNNATURAL_GEOMETRIC_LINE,1.0000,N/A
2026-09-05 22:43:24,1,UNNATURAL_GEOMETRIC_LINE,1.0000,N/A
2026-09-05 22:43:27,1,UNNATURAL_GEOMETRIC_LINE,1.0000,N/A
2026-09-05 22:43:27,1,UNNATURAL_GEOMETRIC_LINE,1.0000,N/A
2026-09-05 22:43:36,1,UNNATURAL_GEOMETRIC_LINE,1.0000,N/A
2026-09-05 22:43:37,1,UNNATURAL_GEOMETRIC_LINE,1.0000,N/A
2026-09-05 22:43:38,1,UNNATURAL_GEOMETRIC_LINE,1.0000,N/A
2026-09-05 22:43:41,1,UNNATURAL_GEOMETRIC_LINE,1.0000,N/A
2026-09-05 22:43:43,1,UNNATURAL_GEOMETRIC_LINE,1.0000,N/A
2026-09-05 22:43:43,1,UNNATURAL_GEOMETRIC_LINE,1.0000,N/A
2026-09-05 22:43:44,1,UNNATURAL_GEOMETRIC_LINE,1.0000,N/A
2026-09-05 22:43:48,1,UNNATURAL_GEOMETRIC_LINE,1.0000,N/A
2026-09-05 22:43:52,1,UNNATURAL_GEOMETRIC_LINE,1.0000,N/A
2026-09-05 22:43:57,1,UNNATURAL_GEOMETRIC_LINE,1.0000,N/A
2026-09-05 22:43:57,1,UNNATURAL_GEOMETRIC_LINE,1.0000,N/A
2026-09-05 22:44:00,1,UNNATURAL_GEOMETRIC_LINE,1.0000,N/A
2026-09-05 22:44:02,1,UNNATURAL_GEOMETRIC_LINE,1.0000,N/A
2026-09-05 22:44:02,1,UNNATURAL_GEOMETRIC_LINE,1.0000,N/A
2026-09-05 22:44:03,1,MECHANICAL_LOCK_NO_TREMOR,1.0000,N/A
2026-09-05 22:44:05,1,UNNATURAL_GEOMETRIC_LINE,1.0000,N/A
2026-09-05 22:44:11,1,UNNATURAL_GEOMETRIC_LINE,1.0000,N/A
2026-09-05 22:44:27,1,UNNATURAL_GEOMETRIC_LINE,1.0000,N/A
2026-09-05 22:44:32,1,UNNATURAL_GEOMETRIC_LINE,1.0000,N/A
2026-09-05 22:44:37,1,UNNATURAL_GEOMETRIC_LINE,1.0000,N/A
2026-09-05 22:44:40,1,UNNATURAL_GEOMETRIC_LINE,1.0000,N/A
2026-09-05 22:44:43,1,UNNATURAL_GEOMETRIC_LINE,1.0000,N/A
2026-09-05 22:44:49,1,UNNATURAL_GEOMETRIC_LINE,1.0000,N/A
2026-09-05 22:44:51,1,UNNATURAL_GEOMETRIC_LINE,1.0000,N/A
2026-09-05 22:44:51,1,UNNATURAL_GEOMETRIC_LINE,1.0000,N/A
2026-09-05 22:44:57,1,UNNATURAL_GEOMETRIC_LINE,1.0000,N/A
2026-09-05 22:44:59,1,UNNATURAL_GEOMETRIC_LINE,1.0000,N/A
2026-09-05 22:45:00,1,UNNATURAL_GEOMETRIC_LINE,1.0000,N/A
2026-09-05 22:45:01,1,UNNATURAL_GEOMETRIC_LINE,1.0000,N/A
2026-09-05 22:45:06,1,UNNATURAL_GEOMETRIC_LINE,1.0000,N/A
2026-09-05 22:45:06,1,UNNATURAL_GEOMETRIC_LINE,1.0000,N/A
2026-09-05 22:45:09,1,UNNATURAL_GEOMETRIC_LINE,1.0000,N/A
2026-09-05 22:45:13,1,UNNATURAL_GEOMETRIC_LINE,1.0000,N/A
2026-09-05 22:45:13,1,UNNATURAL_GEOMETRIC_LINE,1.0000,N/A
2026-09-05 22:45:20,1,UNNATURAL_GEOMETRIC_LINE,1.0000,N/A
2026-09-05 22:45:22,1,UNNATURAL_GEOMETRIC_LINE,1.0000,N/A
2026-09-05 22:45:23,1,UNNATURAL_GEOMETRIC_LINE,1.0000,N/A
2026-09-05 22:45:30,1,UNNATURAL_GEOMETRIC_LINE,1.0000,N/A
2026-09-05 22:45:33,1,UNNATURAL_GEOMETRIC_LINE,1.0000,N/A
2026-09-05 22:45:33,1,UNNATURAL_GEOMETRIC_LINE,1.0000,N/A
2026-09-05 22:45:37,1,UNNATURAL_GEOMETRIC_LINE,1.0000,N/A
2026-09-05 22:45:43,1,UNNATURAL_GEOMETRIC_LINE,1.0000,N/A
2026-09-05 22:45:43,1,UNNATURAL_GEOMETRIC_LINE,1.0000,N/A
2026-09-05 22:45:46,1,UNNATURAL_GEOMETRIC_LINE,1.0000,N/A
2026-09-05 22:45:48,1,UNNATURAL_GEOMETRIC_LINE,1.0000,N/A
2026-09-05 22:45:48,1,UNNATURAL_GEOMETRIC_LINE,1.0000,N/A
2026-09-05 22:45:50,1,UNNATURAL_GEOMETRIC_LINE,1.0000,N/A
2026-09-05 22:45:52,1,UNNATURAL_GEOMETRIC_LINE,1.0000,N/A
2026-09-05 22:45:52,1,UNNATURAL_GEOMETRIC_LINE,1.0000,N/A
2026-09-05 22:45:53,1,MECHANICAL_LOCK_NO_TREMOR,1.0000,N/A
2026-09-05 22:45:55,1,UNNATURAL_GEOMETRIC_LINE,1.0000,N/A
2026-09-05 22:45:56,1,UNNATURAL_GEOMETRIC_LINE,1.0000,N/A
2026-09-05 22:45:57,1,UNNATURAL_GEOMETRIC_LINE,1.0000,N/A
2026-09-05 22:46:00,1,UNNATURAL_GEOMETRIC_LINE,1.0000,N/A
2026-09-05 22:46:01,1,UNNATURAL_GEOMETRIC_LINE,1.0000,N/A
2026-09-05 22:46:05,1,UNNATURAL_GEOMETRIC_LINE,1.0000,N/A
2026-09-05 22:46:07,1,UNNATURAL_GEOMETRIC_LINE,1.0000,N/A
2026-09-05 22:46:08,1,UNNATURAL_GEOMETRIC_LINE,1.0000,N/A
2026-09-05 22:46:17,1,UNNATURAL_GEOMETRIC_LINE,1.0000,N/A
2026-09-05 22:46:20,1,UNNATURAL_GEOMETRIC_LINE,1.0000,N/A
2026-09-05 22:46:21,1,UNNATURAL_GEOMETRIC_LINE,1.0000,N/A
2026-09-05 22:46:23,1,UNNATURAL_GEOMETRIC_LINE,1.0000,N/A
2026-09-05 22:46:25,1,UNNATURAL_GEOMETRIC_LINE,1.0000,N/A
2026-09-05 22:46:26,1,UNNATURAL_GEOMETRIC_LINE,1.0000,N/A
2026-09-05 22:46:28,1,UNNATURAL_GEOMETRIC_LINE,1.0000,N/A
2026-09-05 22:46:30,1,UNNATURAL_GEOMETRIC_LINE,1.0000,N/A
2026-09-05 22:46:30,1,UNNATURAL_GEOMETRIC_LINE,1.0000,N/A
2026-09-05 22:46:33,1,UNNATURAL_GEOMETRIC_LINE,1.0000,N/A
2026-09-05 22:46:37,1,UNNATURAL_GEOMETRIC_LINE,1.0000,N/A
2026-09-05 22:46:37,1,UNNATURAL_GEOMETRIC_LINE,1.0000,N/A
2026-09-05 22:46:38,1,UNNATURAL_GEOMETRIC_LINE,1.0000,N/A
2026-09-05 22:46:41,1,UNNATURAL_GEOMETRIC_LINE,1.0000,N/A
2026-09-05 22:46:55,1,UNNATURAL_GEOMETRIC_LINE,1.0000,N/A
2026-09-05 22:47:00,1,UNNATURAL_GEOMETRIC_LINE,1.0000,N/A
2026-09-05 22:47:01,1,UNNATURAL_GEOMETRIC_LINE,1.0000,N/A
2026-09-05 22:47:01,1,UNNATURAL_GEOMETRIC_LINE,1.0000,N/A
2026-09-05 22:47:06,1,UNNATURAL_GEOMETRIC_LINE,1.0000,N/A
2026-09-05 22:47:08,1,UNNATURAL_GEOMETRIC_LINE,1.0000,N/A
2026-09-05 22:47:17,1,UNNATURAL_GEOMETRIC_LINE,1.0000,N/A
2026-09-05 22:47:19,1,UNNATURAL_GEOMETRIC_LINE,1.0000,N/A
2026-09-05 22:47:20,1,UNNATURAL_GEOMETRIC_LINE,1.0000,N/A
2026-09-05 22:47:23,1,UNNATURAL_GEOMETRIC_LINE,1.0000,N/A
2026-09-05 22:47:26,1,UNNATURAL_GEOMETRIC_LINE,1.0000,N/A
2026-09-05 22:47:27,1,UNNATURAL_GEOMETRIC_LINE,1.0000,N/A
2026-09-05 22:47:29,1,UNNATURAL_GEOMETRIC_LINE,1.0000,N/A
2026-09-05 22:47:29,1,UNNATURAL_GEOMETRIC_LINE,1.0000,N/A
2026-09-05 22:47:31,1,UNNATURAL_GEOMETRIC_LINE,1.0000,N/A
2026-09-05 22:47:37,1,UNNATURAL_GEOMETRIC_LINE,1.0000,N/A
2026-09-05 22:47:37,1,UNNATURAL_GEOMETRIC_LINE,1.0000,N/A
2026-09-05 22:47:46,1,UNNATURAL_GEOMETRIC_LINE,1.0000,N/A
2026-09-05 22:47:48,1,UNNATURAL_GEOMETRIC_LINE,1.0000,N/A
2026-09-05 22:47:48,1,UNNATURAL_GEOMETRIC_LINE,1.0000,N/A
2026-09-05 22:47:53,1,UNNATURAL_GEOMETRIC_LINE,1.0000,N/A
2026-09-05 22:47:57,1,UNNATURAL_GEOMETRIC_LINE,1.0000,N/A
2026-09-05 22:47:57,1,UNNATURAL_GEOMETRIC_LINE,1.0000,N/A
2026-09-05 22:47:59,1,UNNATURAL_GEOMETRIC_LINE,1.0000,N/A
2026-09-05 22:48:00,1,UNNATURAL_GEOMETRIC_LINE,1.0000,N/A
2026-09-05 22:48:03,1,UNNATURAL_GEOMETRIC_LINE,1.0000,N/A
2026-09-05 22:48:05,1,UNNATURAL_GEOMETRIC_LINE,1.0000,N/A
2026-09-05 22:48:05,1,UNNATURAL_GEOMETRIC_LINE,1.0000,N/A
2026-09-05 22:48:09,1,UNNATURAL_GEOMETRIC_LINE,1.0000,N/A
2026-09-05 22:48:11,1,UNNATURAL_GEOMETRIC_LINE,1.0000,N/A
2026-09-05 22:48:12,1,UNNATURAL_GEOMETRIC_LINE,1.0000,N/A
2026-09-05 22:48:12,1,MECHANICAL_LOCK_NO_TREMOR,1.0000,N/A
2026-09-05 22:48:15,1,UNNATURAL_GEOMETRIC_LINE,1.0000,N/A
2026-09-05 22:48:16,1,UNNATURAL_GEOMETRIC_LINE,1.0000,N/A
2026-09-05 22:48:16,1,MECHANICAL_LOCK_NO_TREMOR,1.0000,N/A
2026-09-05 22:48:19,1,UNNATURAL_GEOMETRIC_LINE,1.0000,N/A
2026-09-05 22:48:23,1,UNNATURAL_GEOMETRIC_LINE,1.0000,N/A
2026-09-05 22:48:26,1,UNNATURAL_GEOMETRIC_LINE,1.0000,N/A
2026-09-05 22:48:26,1,UNNATURAL_GEOMETRIC_LINE,1.0000,N/A
2026-09-05 22:48:36,1,UNNATURAL_GEOMETRIC_LINE,1.0000,N/A
2026-09-05 22:48:38,1,UNNATURAL_GEOMETRIC_LINE,1.0000,N/A
2026-09-05 22:48:38,1,UNNATURAL_GEOMETRIC_LINE,1.0000,N/A
2026-09-05 22:48:40,1,UNNATURAL_GEOMETRIC_LINE,1.0000,N/A
2026-09-05 22:48:42,1,UNNATURAL_GEOMETRIC_LINE,1.0000,N/A
2026-09-05 22:48:43,1,UNNATURAL_GEOMETRIC_LINE,1.0000,N/A
2026-09-05 22:48:44,1,UNNATURAL_GEOMETRIC_LINE,1.0000,N/A
2026-09-05 22:48:46,1,UNNATURAL_GEOMETRIC_LINE,1.0000,N/A
2026-09-05 22:48:47,1,UNNATURAL_GEOMETRIC_LINE,1.0000,N/A
2026-09-05 22:48:48,1,UNNATURAL_GEOMETRIC_LINE,1.0000,N/A
2026-09-05 22:48:50,1,UNNATURAL_GEOMETRIC_LINE,1.0000,N/A
2026-09-05 22:48:51,1,UNNATURAL_GEOMETRIC_LINE,1.0000,N/A
2026-09-05 22:48:53,1,UNNATURAL_GEOMETRIC_LINE,1.0000,N/A
2026-09-05 22:48:55,1,UNNATURAL_GEOMETRIC_LINE,1.0000,N/A
2026-09-05 22:48:55,1,UNNATURAL_GEOMETRIC_LINE,1.0000,N/A
2026-09-05 22:48:57,1,UNNATURAL_GEOMETRIC_LINE,1.0000,N/A
2026-09-05 22:48:59,1,UNNATURAL_GEOMETRIC_LINE,1.0000,N/A
2026-09-05 22:48:59,1,UNNATURAL_GEOMETRIC_LINE,1.0000,N/A
2026-09-05 22:49:03,1,UNNATURAL_GEOMETRIC_LINE,1.0000,N/A
2026-09-05 22:49:05,1,UNNATURAL_GEOMETRIC_LINE,1.0000,N/A
2026-09-05 22:49:05,1,UNNATURAL_GEOMETRIC_LINE,1.0000,N/A
2026-09-05 22:49:07,1,UNNATURAL_GEOMETRIC_LINE,1.0000,N/A
2026-09-05 22:49:10,1,UNNATURAL_GEOMETRIC_LINE,1.0000,N/A
2026-09-05 22:49:11,1,UNNATURAL_GEOMETRIC_LINE,1.0000,N/A
2026-09-05 22:49:13,1,UNNATURAL_GEOMETRIC_LINE,1.0000,N/A
2026-09-05 22:49:14,1,UNNATURAL_GEOMETRIC_LINE,1.0000,N/A
2026-09-05 22:49:22,1,UNNATURAL_GEOMETRIC_LINE,1.0000,N/A
2026-09-05 22:49:25,1,UNNATURAL_GEOMETRIC_LINE,1.0000,N/A
2026-09-05 22:49:26,1,UNNATURAL_GEOMETRIC_LINE,1.0000,N/A
2026-09-05 22:49:28,1,UNNATURAL_GEOMETRIC_LINE,1.0000,N/A
2026-09-05 22:49:30,1,UNNATURAL_GEOMETRIC_LINE,1.0000,N/A
2026-09-05 22:49:31,1,UNNATURAL_GEOMETRIC_LINE,1.0000,N/A
2026-09-05 22:49:33,1,UNNATURAL_GEOMETRIC_LINE,1.0000,N/A
2026-09-05 22:49:36,1,UNNATURAL_GEOMETRIC_LINE,1.0000,N/A
2026-09-05 22:49:38,1,UNNATURAL_GEOMETRIC_LINE,1.0000,N/A
2026-09-05 22:49:41,1,UNNATURAL_GEOMETRIC_LINE,1.0000,N/A
2026-09-05 22:49:42,1,UNNATURAL_GEOMETRIC_LINE,1.0000,N/A
2026-09-05 22:49:44,1,UNNATURAL_GEOMETRIC_LINE,1.0000,N/A
2026-09-05 22:49:47,1,UNNATURAL_GEOMETRIC_LINE,1.0000,N/A
2026-09-05 22:49:54,1,UNNATURAL_GEOMETRIC_LINE,1.0000,N/A
2026-09-05 22:49:56,1,UNNATURAL_GEOMETRIC_LINE,1.0000,N/A
2026-09-05 22:49:57,1,UNNATURAL_GEOMETRIC_LINE,1.0000,N/A
2026-09-05 22:50:11,1,UNNATURAL_GEOMETRIC_LINE,1.0000,N/A
2026-09-05 22:50:13,1,UNNATURAL_GEOMETRIC_LINE,1.0000,N/A
2026-09-05 22:50:14,1,UNNATURAL_GEOMETRIC_LINE,1.0000,N/A
2026-09-05 22:50:16,1,UNNATURAL_GEOMETRIC_LINE,1.0000,N/A
2026-09-05 22:50:18,1,UNNATURAL_GEOMETRIC_LINE,1.0000,N/A
2026-09-05 22:50:19,1,UNNATURAL_GEOMETRIC_LINE,1.0000,N/A
2026-09-05 22:50:20,1,UNNATURAL_GEOMETRIC_LINE,1.0000,N/A
2026-09-05 22:50:24,1,UNNATURAL_GEOMETRIC_LINE,1.0000,N/A
2026-09-05 22:50:25,1,UNNATURAL_GEOMETRIC_LINE,1.0000,N/A
2026-09-05 22:50:33,1,UNNATURAL_GEOMETRIC_LINE,1.0000,N/A
2026-09-05 22:50:35,1,UNNATURAL_GEOMETRIC_LINE,1.0000,N/A
2026-09-05 22:50:35,1,UNNATURAL_GEOMETRIC_LINE,1.0000,N/A
2026-09-05 22:50:38,1,UNNATURAL_GEOMETRIC_LINE,1.0000,N/A
2026-09-05 22:50:41,1,UNNATURAL_GEOMETRIC_LINE,1.0000,N/A
2026-09-05 22:50:42,1,UNNATURAL_GEOMETRIC_LINE,1.0000,N/A
2026-09-05 22:50:44,1,UNNATURAL_GEOMETRIC_LINE,1.0000,N/A
2026-09-05 22:50:46,1,UNNATURAL_GEOMETRIC_LINE,1.0000,N/A
2026-09-05 22:50:47,1,UNNATURAL_GEOMETRIC_LINE,1.0000,N/A
2026-09-05 22:50:49,1,UNNATURAL_GEOMETRIC_LINE,1.0000,N/A
2026-09-05 22:50:51,1,UNNATURAL_GEOMETRIC_LINE,1.0000,N/A
2026-09-05 22:50:52,1,UNNATURAL_GEOMETRIC_LINE,1.0000,N/A
2026-09-05 22:50:56,1,UNNATURAL_GEOMETRIC_LINE,1.0000,N/A
2026-09-05 22:50:58,1,UNNATURAL_GEOMETRIC_LINE,1.0000,N/A
2026-09-05 22:50:59,1,UNNATURAL_GEOMETRIC_LINE,1.0000,N/A
2026-09-05 22:51:02,1,UNNATURAL_GEOMETRIC_LINE,1.0000,N/A
2026-09-05 22:51:04,1,UNNATURAL_GEOMETRIC_LINE,1.0000,N/A
2026-09-05 22:51:05,1,UNNATURAL_GEOMETRIC_LINE,1.0000,N/A
2026-09-05 22:51:05,1,UNNATURAL_GEOMETRIC_LINE,1.0000,N/A
2026-09-05 22:51:09,1,UNNATURAL_GEOMETRIC_LINE,1.0000,N/A
2026-09-05 22:51:10,1,UNNATURAL_GEOMETRIC_LINE,1.0000,N/A
2026-09-05 22:51:23,1,UNNATURAL_GEOMETRIC_LINE,1.0000,N/A
2026-09-05 22:51:25,1,UNNATURAL_GEOMETRIC_LINE,1.0000,N/A
2026-09-05 22:51:26,1,UNNATURAL_GEOMETRIC_LINE,1.0000,N/A
2026-09-05 22:51:27,1,UNNATURAL_GEOMETRIC_LINE,1.0000,N/A
2026-09-05 22:51:30,1,UNNATURAL_GEOMETRIC_LINE,1.0000,N/A
2026-09-05 22:51:34,1,UNNATURAL_GEOMETRIC_LINE,1.0000,N/A
2026-09-05 22:51:36,1,UNNATURAL_GEOMETRIC_LINE,1.0000,N/A
2026-09-05 22:51:36,1,UNNATURAL_GEOMETRIC_LINE,1.0000,N/A
2026-09-05 22:51:38,1,UNNATURAL_GEOMETRIC_LINE,1.0000,N/A
2026-09-05 22:51:40,1,UNNATURAL_GEOMETRIC_LINE,1.0000,N/A
2026-09-05 22:51:40,1,UNNATURAL_GEOMETRIC_LINE,1.0000,N/A
2026-09-05 22:51:42,1,UNNATURAL_GEOMETRIC_LINE,1.0000,N/A
2026-09-05 22:51:44,1,UNNATURAL_GEOMETRIC_LINE,1.0000,N/A
2026-09-05 22:51:48,1,UNNATURAL_GEOMETRIC_LINE,1.0000,N/A
2026-09-05 22:51:50,1,UNNATURAL_GEOMETRIC_LINE,1.0000,N/A
2026-09-05 22:51:51,1,UNNATURAL_GEOMETRIC_LINE,1.0000,N/A
2026-09-05 22:51:52,1,UNNATURAL_GEOMETRIC_LINE,1.0000,N/A
2026-09-05 22:51:56,1,UNNATURAL_GEOMETRIC_LINE,1.0000,N/A
2026-09-05 22:51:57,1,UNNATURAL_GEOMETRIC_LINE,1.0000,N/A
2026-09-05 22:51:59,1,UNNATURAL_GEOMETRIC_LINE,1.0000,N/A
2026-09-05 22:52:02,1,UNNATURAL_GEOMETRIC_LINE,1.0000,N/A
2026-09-05 22:52:02,1,UNNATURAL_GEOMETRIC_LINE,1.0000,N/A
2026-09-05 22:52:04,1,UNNATURAL_GEOMETRIC_LINE,1.0000,N/A
2026-09-05 22:52:06,1,UNNATURAL_GEOMETRIC_LINE,1.0000,N/A
2026-09-05 22:52:06,1,UNNATURAL_GEOMETRIC_LINE,1.0000,N/A
2026-09-05 22:52:10,1,UNNATURAL_GEOMETRIC_LINE,1.0000,N/A
2026-09-05 22:52:14,1,UNNATURAL_GEOMETRIC_LINE,1.0000,N/A
2026-09-05 22:52:14,1,UNNATURAL_GEOMETRIC_LINE,1.0000,N/A
2026-09-05 22:52:15,1,MECHANICAL_LOCK_NO_TREMOR,1.0000,N/A
2026-09-05 22:52:18,1,UNNATURAL_GEOMETRIC_LINE,1.0000,N/A
2026-09-05 22:52:23,1,UNNATURAL_GEOMETRIC_LINE,1.0000,N/A
2026-09-05 22:52:26,1,UNNATURAL_GEOMETRIC_LINE,1.0000,N/A
2026-09-05 22:52:27,1,UNNATURAL_GEOMETRIC_LINE,1.0000,N/A
2026-09-05 22:52:30,1,UNNATURAL_GEOMETRIC_LINE,1.0000,N/A
2026-09-05 22:52:32,1,UNNATURAL_GEOMETRIC_LINE,1.0000,N/A
2026-09-05 22:52:33,1,UNNATURAL_GEOMETRIC_LINE,1.0000,N/A
2026-09-05 22:52:35,1,UNNATURAL_GEOMETRIC_LINE,1.0000,N/A
2026-09-05 22:52:37,1,UNNATURAL_GEOMETRIC_LINE,1.0000,N/A
2026-09-05 22:52:37,1,UNNATURAL_GEOMETRIC_LINE,1.0000,N/A
2026-09-05 22:52:41,1,UNNATURAL_GEOMETRIC_LINE,1.0000,N/A
2026-09-05 22:52:44,1,UNNATURAL_GEOMETRIC_LINE,1.0000,N/A
2026-09-05 22:52:46,1,UNNATURAL_GEOMETRIC_LINE,1.0000,N/A
2026-09-05 22:52:49,1,UNNATURAL_GEOMETRIC_LINE,1.0000,N/A
2026-09-05 22:52:49,1,UNNATURAL_GEOMETRIC_LINE,1.0000,N/A
2026-09-05 22:52:50,1,MECHANICAL_LOCK_NO_TREMOR,1.0000,N/A
2026-09-05 22:52:52,1,UNNATURAL_GEOMETRIC_LINE,1.0000,N/A
2026-09-05 22:52:53,1,UNNATURAL_GEOMETRIC_LINE,1.0000,N/A
2026-09-05 22:52:57,1,UNNATURAL_GEOMETRIC_LINE,1.0000,N/A
2026-09-05 22:52:59,1,UNNATURAL_GEOMETRIC_LINE,1.0000,N/A
2026-09-05 22:53:00,1,UNNATURAL_GEOMETRIC_LINE,1.0000,N/A
2026-09-05 22:53:06,1,UNNATURAL_GEOMETRIC_LINE,1.0000,N/A
2026-09-05 22:53:08,1,UNNATURAL_GEOMETRIC_LINE,1.0000,N/A
2026-09-05 22:53:09,1,UNNATURAL_GEOMETRIC_LINE,1.0000,N/A
2026-09-05 22:53:11,1,UNNATURAL_GEOMETRIC_LINE,1.0000,N/A
2026-09-05 22:53:13,1,UNNATURAL_GEOMETRIC_LINE,1.0000,N/A
2026-09-05 22:53:13,1,UNNATURAL_GEOMETRIC_LINE,1.0000,N/A
2026-09-05 22:53:17,1,UNNATURAL_GEOMETRIC_LINE,1.0000,N/A
2026-09-05 22:53:20,1,UNNATURAL_GEOMETRIC_LINE,1.0000,N/A
2026-09-05 22:53:21,1,UNNATURAL_GEOMETRIC_LINE,1.0000,N/A
2026-09-05 22:53:24,1,UNNATURAL_GEOMETRIC_LINE,1.0000,N/A
2026-09-05 22:53:27,1,UNNATURAL_GEOMETRIC_LINE,1.0000,N/A
2026-09-05 22:53:27,1,UNNATURAL_GEOMETRIC_LINE,1.0000,N/A
2026-09-05 22:53:28,1,UNNATURAL_GEOMETRIC_LINE,1.0000,N/A
2026-09-05 22:53:30,1,UNNATURAL_GEOMETRIC_LINE,1.0000,N/A
2026-09-05 22:53:34,1,UNNATURAL_GEOMETRIC_LINE,1.0000,N/A
2026-09-05 22:53:35,1,UNNATURAL_GEOMETRIC_LINE,1.0000,N/A
2026-09-05 22:53:40,1,UNNATURAL_GEOMETRIC_LINE,1.0000,N/A
2026-09-05 22:53:42,1,UNNATURAL_GEOMETRIC_LINE,1.0000,N/A
2026-09-05 22:53:43,1,UNNATURAL_GEOMETRIC_LINE,1.0000,N/A
2026-09-05 22:53:44,1,UNNATURAL_GEOMETRIC_LINE,1.0000,N/A
2026-09-05 22:53:49,1,UNNATURAL_GEOMETRIC_LINE,1.0000,N/A
2026-09-05 22:53:50,1,UNNATURAL_GEOMETRIC_LINE,1.0000,N/A
2026-09-05 22:53:54,1,UNNATURAL_GEOMETRIC_LINE,1.0000,N/A
2026-09-05 22:53:58,1,UNNATURAL_GEOMETRIC_LINE,1.0000,N/A
2026-09-05 22:53:59,1,UNNATURAL_GEOMETRIC_LINE,1.0000,N/A
2026-09-05 22:54:02,1,UNNATURAL_GEOMETRIC_LINE,1.0000,N/A
2026-09-05 22:54:02,1,UNNATURAL_GEOMETRIC_LINE,1.0000,N/A
2026-09-05 22:54:11,1,UNNATURAL_GEOMETRIC_LINE,1.0000,N/A
2026-09-05 22:54:13,1,UNNATURAL_GEOMETRIC_LINE,1.0000,N/A
2026-09-05 22:54:14,1,UNNATURAL_GEOMETRIC_LINE,1.0000,N/A
2026-09-05 22:54:17,1,UNNATURAL_GEOMETRIC_LINE,1.0000,N/A
2026-09-05 22:54:19,1,UNNATURAL_GEOMETRIC_LINE,1.0000,N/A
2026-09-05 22:54:20,1,UNNATURAL_GEOMETRIC_LINE,1.0000,N/A
2026-09-05 22:54:21,1,UNNATURAL_GEOMETRIC_LINE,1.0000,N/A
2026-09-05 22:54:28,1,UNNATURAL_GEOMETRIC_LINE,1.0000,N/A
2026-09-05 22:54:29,1,UNNATURAL_GEOMETRIC_LINE,1.0000,N/A
2026-09-05 22:54:33,1,UNNATURAL_GEOMETRIC_LINE,1.0000,N/A
2026-09-05 22:54:37,1,UNNATURAL_GEOMETRIC_LINE,1.0000,N/A
2026-09-05 22:54:38,1,UNNATURAL_GEOMETRIC_LINE,1.0000,N/A
2026-09-05 22:54:39,1,UNNATURAL_GEOMETRIC_LINE,1.0000,N/A
2026-09-05 22:54:41,1,UNNATURAL_GEOMETRIC_LINE,1.0000,N/A
2026-09-05 22:54:42,1,UNNATURAL_GEOMETRIC_LINE,1.0000,N/A
2026-09-05 22:54:43,1,UNNATURAL_GEOMETRIC_LINE,1.0000,N/A
2026-09-05 22:54:45,1,UNNATURAL_GEOMETRIC_LINE,1.0000,N/A
2026-09-05 22:54:46,1,UNNATURAL_GEOMETRIC_LINE,1.0000,N/A
2026-09-05 22:54:47,1,UNNATURAL_GEOMETRIC_LINE,1.0000,N/A
2026-09-05 22:54:49,1,UNNATURAL_GEOMETRIC_LINE,1.0000,N/A
2026-09-05 22:54:50,1,UNNATURAL_GEOMETRIC_LINE,1.0000,N/A
2026-09-05 22:54:52,1,UNNATURAL_GEOMETRIC_LINE,1.0000,N/A
2026-09-05 22:54:54,1,UNNATURAL_GEOMETRIC_LINE,1.0000,N/A
2026-09-05 22:54:55,1,UNNATURAL_GEOMETRIC_LINE,1.0000,N/A
2026-09-05 22:54:57,1,UNNATURAL_GEOMETRIC_LINE,1.0000,N/A
2026-09-05 22:54:59,1,UNNATURAL_GEOMETRIC_LINE,1.0000,N/A
2026-09-05 22:55:00,1,UNNATURAL_GEOMETRIC_LINE,1.0000,N/A
2026-09-05 22:55:07,1,UNNATURAL_GEOMETRIC_LINE,1.0000,N/A
2026-09-05 22:55:10,1,UNNATURAL_GEOMETRIC_LINE,1.0000,N/A
2026-09-05 22:55:10,1,UNNATURAL_GEOMETRIC_LINE,1.0000,N/A
2026-09-05 22:55:11,1,UNNATURAL_GEOMETRIC_LINE,1.0000,N/A
2026-09-05 22:55:14,1,UNNATURAL_GEOMETRIC_LINE,1.0000,N/A
2026-09-05 22:55:15,1,UNNATURAL_GEOMETRIC_LINE,1.0000,N/A
2026-09-05 22:55:16,1,UNNATURAL_GEOMETRIC_LINE,1.0000,N/A
2026-09-05 22:55:19,1,UNNATURAL_GEOMETRIC_LINE,1.0000,N/A
2026-09-05 22:55:19,1,UNNATURAL_GEOMETRIC_LINE,1.0000,N/A
2026-09-05 22:55:28,1,UNNATURAL_GEOMETRIC_LINE,1.0000,N/A
2026-09-05 22:55:30,1,UNNATURAL_GEOMETRIC_LINE,1.0000,N/A
2026-09-05 22:55:31,1,UNNATURAL_GEOMETRIC_LINE,1.0000,N/A
2026-09-05 22:55:34,1,UNNATURAL_GEOMETRIC_LINE,1.0000,N/A
2026-09-05 22:55:36,1,UNNATURAL_GEOMETRIC_LINE,1.0000,N/A
2026-09-05 22:55:37,1,UNNATURAL_GEOMETRIC_LINE,1.0000,N/A
2026-09-05 22:55:39,1,UNNATURAL_GEOMETRIC_LINE,1.0000,N/A
2026-09-05 22:55:44,1,UNNATURAL_GEOMETRIC_LINE,1.0000,N/A
2026-09-05 22:55:56,1,UNNATURAL_GEOMETRIC_LINE,1.0000,N/A
2026-09-05 22:55:58,1,UNNATURAL_GEOMETRIC_LINE,1.0000,N/A
2026-09-05 22:55:58,1,UNNATURAL_GEOMETRIC_LINE,1.0000,N/A
2026-09-05 22:56:10,1,UNNATURAL_GEOMETRIC_LINE,1.0000,N/A
2026-09-05 22:56:14,1,UNNATURAL_GEOMETRIC_LINE,1.0000,N/A
2026-09-05 22:56:16,1,UNNATURAL_GEOMETRIC_LINE,1.0000,N/A
2026-09-05 22:56:22,1,UNNATURAL_GEOMETRIC_LINE,1.0000,N/A
2026-09-05 22:56:23,1,UNNATURAL_GEOMETRIC_LINE,1.0000,N/A
2026-09-05 22:56:24,1,UNNATURAL_GEOMETRIC_LINE,1.0000,N/A
2026-09-05 22:56:27,1,UNNATURAL_GEOMETRIC_LINE,1.0000,N/A
2026-09-05 22:56:27,1,UNNATURAL_GEOMETRIC_LINE,1.0000,N/A
2026-09-05 22:56:30,1,UNNATURAL_GEOMETRIC_LINE,1.0000,N/A
2026-09-05 22:56:33,1,UNNATURAL_GEOMETRIC_LINE,1.0000,N/A
2026-09-05 22:56:34,1,UNNATURAL_GEOMETRIC_LINE,1.0000,N/A
2026-09-05 22:56:34,1,UNNATURAL_GEOMETRIC_LINE,1.0000,N/A
2026-09-05 22:56:36,1,UNNATURAL_GEOMETRIC_LINE,1.0000,N/A
2026-09-05 22:56:37,1,UNNATURAL_GEOMETRIC_LINE,1.0000,N/A
2026-09-05 22:56:40,1,UNNATURAL_GEOMETRIC_LINE,1.0000,N/A
2026-09-05 22:56:43,1,UNNATURAL_GEOMETRIC_LINE,1.0000,N/A
2026-09-05 22:56:59,1,UNNATURAL_GEOMETRIC_LINE,1.0000,N/A
2026-09-05 22:57:02,1,UNNATURAL_GEOMETRIC_LINE,1.0000,N/A
2026-09-05 22:57:02,1,UNNATURAL_GEOMETRIC_LINE,1.0000,N/A
2026-09-05 22:57:09,1,UNNATURAL_GEOMETRIC_LINE,1.0000,N/A
2026-09-05 22:57:12,1,UNNATURAL_GEOMETRIC_LINE,1.0000,N/A
2026-09-05 22:57:15,1,UNNATURAL_GEOMETRIC_LINE,1.0000,N/A
2026-09-05 22:57:17,1,UNNATURAL_GEOMETRIC_LINE,1.0000,N/A
2026-09-05 22:57:18,1,UNNATURAL_GEOMETRIC_LINE,1.0000,N/A
2026-09-05 22:57:24,1,UNNATURAL_GEOMETRIC_LINE,1.0000,N/A
2026-09-05 22:57:26,1,UNNATURAL_GEOMETRIC_LINE,1.0000,N/A
2026-09-05 22:57:26,1,UNNATURAL_GEOMETRIC_LINE,1.0000,N/A
2026-09-05 22:57:27,1,MECHANICAL_LOCK_NO_TREMOR,1.0000,N/A
2026-09-05 22:57:30,1,UNNATURAL_GEOMETRIC_LINE,1.0000,N/A
2026-09-05 22:57:31,1,UNNATURAL_GEOMETRIC_LINE,1.0000,N/A
2026-09-05 22:57:33,1,UNNATURAL_GEOMETRIC_LINE,1.0000,N/A
2026-09-05 22:57:35,1,UNNATURAL_GEOMETRIC_LINE,1.0000,N/A
2026-09-05 22:57:36,1,UNNATURAL_GEOMETRIC_LINE,1.0000,N/A
2026-09-05 22:57:40,1,UNNATURAL_GEOMETRIC_LINE,1.0000,N/A
2026-09-05 22:57:42,1,UNNATURAL_GEOMETRIC_LINE,1.0000,N/A
2026-09-05 22:57:42,1,UNNATURAL_GEOMETRIC_LINE,1.0000,N/A
2026-09-05 22:57:46,1,UNNATURAL_GEOMETRIC_LINE,1.0000,N/A
2026-09-05 22:57:49,1,UNNATURAL_GEOMETRIC_LINE,1.0000,N/A
2026-09-05 22:57:49,1,UNNATURAL_GEOMETRIC_LINE,1.0000,N/A
2026-09-05 22:57:54,1,UNNATURAL_GEOMETRIC_LINE,1.0000,N/A
2026-09-05 22:57:55,1,UNNATURAL_GEOMETRIC_LINE,1.0000,N/A
2026-09-05 22:57:55,1,UNNATURAL_GEOMETRIC_LINE,1.0000,N/A
2026-09-05 22:57:58,1,UNNATURAL_GEOMETRIC_LINE,1.0000,N/A
2026-09-05 22:57:58,1,UNNATURAL_GEOMETRIC_LINE,1.0000,N/A
2026-09-05 22:58:04,1,UNNATURAL_GEOMETRIC_LINE,1.0000,N/A
2026-09-05 22:58:06,1,UNNATURAL_GEOMETRIC_LINE,1.0000,N/A
2026-09-05 22:58:07,1,UNNATURAL_GEOMETRIC_LINE,1.0000,N/A
2026-09-05 22:58:08,1,UNNATURAL_GEOMETRIC_LINE,1.0000,N/A
2026-09-05 22:58:10,1,UNNATURAL_GEOMETRIC_LINE,1.0000,N/A
2026-09-05 22:58:10,1,UNNATURAL_GEOMETRIC_LINE,1.0000,N/A
2026-09-05 22:58:13,1,UNNATURAL_GEOMETRIC_LINE,1.0000,N/A
2026-09-05 22:58:16,1,UNNATURAL_GEOMETRIC_LINE,1.0000,N/A
2026-09-05 22:58:17,1,UNNATURAL_GEOMETRIC_LINE,1.0000,N/A
2026-09-05 22:58:20,1,UNNATURAL_GEOMETRIC_LINE,1.0000,N/A
2026-09-05 22:58:26,1,UNNATURAL_GEOMETRIC_LINE,1.0000,N/A
2026-09-05 22:58:27,1,UNNATURAL_GEOMETRIC_LINE,1.0000,N/A
2026-09-05 22:58:28,1,UNNATURAL_GEOMETRIC_LINE,1.0000,N/A
2026-09-05 22:58:33,1,UNNATURAL_GEOMETRIC_LINE,1.0000,N/A
2026-09-05 22:58:38,1,UNNATURAL_GEOMETRIC_LINE,1.0000,N/A
2026-09-05 22:58:40,1,UNNATURAL_GEOMETRIC_LINE,1.0000,N/A
2026-09-05 22:58:41,1,UNNATURAL_GEOMETRIC_LINE,1.0000,N/A
2026-09-05 22:58:44,1,UNNATURAL_GEOMETRIC_LINE,1.0000,N/A
2026-09-05 22:58:46,1,UNNATURAL_GEOMETRIC_LINE,1.0000,N/A
2026-09-05 22:58:46,1,UNNATURAL_GEOMETRIC_LINE,1.0000,N/A
2026-09-05 22:58:49,1,UNNATURAL_GEOMETRIC_LINE,1.0000,N/A
2026-09-05 22:58:51,1,UNNATURAL_GEOMETRIC_LINE,1.0000,N/A
2026-09-05 22:58:51,1,UNNATURAL_GEOMETRIC_LINE,1.0000,N/A
2026-09-05 22:58:54,1,UNNATURAL_GEOMETRIC_LINE,1.0000,N/A
2026-09-05 22:58:56,1,UNNATURAL_GEOMETRIC_LINE,1.0000,N/A
2026-09-05 22:58:56,1,UNNATURAL_GEOMETRIC_LINE,1.0000,N/A
2026-09-05 22:59:02,1,UNNATURAL_GEOMETRIC_LINE,1.0000,N/A
2026-09-05 22:59:08,1,UNNATURAL_GEOMETRIC_LINE,1.0000,N/A
2026-09-05 22:59:09,1,UNNATURAL_GEOMETRIC_LINE,1.0000,N/A
2026-09-05 22:59:11,1,UNNATURAL_GEOMETRIC_LINE,1.0000,N/A
2026-09-05 22:59:13,1,UNNATURAL_GEOMETRIC_LINE,1.0000,N/A
2026-09-05 22:59:14,1,UNNATURAL_GEOMETRIC_LINE,1.0000,N/A
2026-09-05 22:59:21,1,UNNATURAL_GEOMETRIC_LINE,1.0000,N/A
2026-09-05 22:59:23,1,UNNATURAL_GEOMETRIC_LINE,1.0000,N/A
2026-09-05 22:59:24,1,UNNATURAL_GEOMETRIC_LINE,1.0000,N/A
2026-09-05 22:59:26,1,UNNATURAL_GEOMETRIC_LINE,1.0000,N/A
2026-09-05 22:59:31,1,UNNATURAL_GEOMETRIC_LINE,1.0000,N/A
2026-09-05 22:59:33,1,UNNATURAL_GEOMETRIC_LINE,1.0000,N/A
2026-09-05 22:59:36,1,UNNATURAL_GEOMETRIC_LINE,1.0000,N/A
2026-09-05 22:59:36,1,UNNATURAL_GEOMETRIC_LINE,1.0000,N/A
2026-09-05 22:59:37,1,UNNATURAL_GEOMETRIC_LINE,1.0000,N/A
2026-09-05 22:59:40,1,UNNATURAL_GEOMETRIC_LINE,1.0000,N/A
2026-09-05 22:59:40,1,UNNATURAL_GEOMETRIC_LINE,1.0000,N/A
2026-09-05 22:59:45,1,UNNATURAL_GEOMETRIC_LINE,1.0000,N/A
2026-09-05 22:59:48,1,UNNATURAL_GEOMETRIC_LINE,1.0000,N/A
2026-09-05 22:59:49,1,UNNATURAL_GEOMETRIC_LINE,1.0000,N/A
2026-09-05 22:59:51,1,UNNATURAL_GEOMETRIC_LINE,1.0000,N/A
2026-09-05 22:59:56,1,UNNATURAL_GEOMETRIC_LINE,1.0000,N/A
2026-09-05 22:59:57,1,UNNATURAL_GEOMETRIC_LINE,1.0000,N/A
2026-09-05 22:59:58,1,UNNATURAL_GEOMETRIC_LINE,1.0000,N/A
2026-09-05 23:00:04,1,UNNATURAL_GEOMETRIC_LINE,1.0000,N/A
2026-09-05 23:00:07,1,UNNATURAL_GEOMETRIC_LINE,1.0000,N/A
2026-09-05 23:00:07,1,UNNATURAL_GEOMETRIC_LINE,1.0000,N/A
2026-09-05 23:00:13,1,UNNATURAL_GEOMETRIC_LINE,1.0000,N/A
2026-09-05 23:00:15,1,UNNATURAL_GEOMETRIC_LINE,1.0000,N/A
2026-09-05 23:00:16,1,UNNATURAL_GEOMETRIC_LINE,1.0000,N/A
2026-09-05 23:00:18,1,UNNATURAL_GEOMETRIC_LINE,1.0000,N/A
2026-09-05 23:00:21,1,UNNATURAL_GEOMETRIC_LINE,1.0000,N/A
2026-09-05 23:00:22,1,UNNATURAL_GEOMETRIC_LINE,1.0000,N/A
2026-09-05 23:00:23,1,UNNATURAL_GEOMETRIC_LINE,1.0000,N/A
2026-09-05 23:00:25,1,UNNATURAL_GEOMETRIC_LINE,1.0000,N/A
2026-09-05 23:00:26,1,UNNATURAL_GEOMETRIC_LINE,1.0000,N/A
2026-09-05 23:00:28,1,UNNATURAL_GEOMETRIC_LINE,1.0000,N/A
2026-09-05 23:00:30,1,UNNATURAL_GEOMETRIC_LINE,1.0000,N/A
2026-09-05 23:00:31,1,UNNATURAL_GEOMETRIC_LINE,1.0000,N/A
2026-09-05 23:00:34,1,UNNATURAL_GEOMETRIC_LINE,1.0000,N/A
2026-09-05 23:00:37,1,UNNATURAL_GEOMETRIC_LINE,1.0000,N/A
2026-09-05 23:00:37,1,UNNATURAL_GEOMETRIC_LINE,1.0000,N/A
2026-09-05 23:00:40,1,UNNATURAL_GEOMETRIC_LINE,1.0000,N/A
2026-09-05 23:00:42,1,UNNATURAL_GEOMETRIC_LINE,1.0000,N/A
2026-09-05 23:00:43,1,UNNATURAL_GEOMETRIC_LINE,1.0000,N/A
2026-09-05 23:00:48,1,UNNATURAL_GEOMETRIC_LINE,1.0000,N/A
2026-09-05 23:00:50,1,UNNATURAL_GEOMETRIC_LINE,1.0000,N/A
2026-09-05 23:00:51,1,UNNATURAL_GEOMETRIC_LINE,1.0000,N/A
2026-09-05 23:00:53,1,UNNATURAL_GEOMETRIC_LINE,1.0000,N/A
2026-09-05 23:00:55,1,UNNATURAL_GEOMETRIC_LINE,1.0000,N/A
2026-09-05 23:00:55,1,UNNATURAL_GEOMETRIC_LINE,1.0000,N/A
2026-09-05 23:00:56,1,UNNATURAL_GEOMETRIC_LINE,1.0000,N/A
2026-09-05 23:01:01,1,UNNATURAL_GEOMETRIC_LINE,1.0000,N/A
2026-09-05 23:01:01,1,UNNATURAL_GEOMETRIC_LINE,1.0000,N/A
2026-09-05 23:01:02,1,UNNATURAL_GEOMETRIC_LINE,1.0000,N/A
2026-09-05 23:01:05,1,UNNATURAL_GEOMETRIC_LINE,1.0000,N/A
2026-09-05 23:01:05,1,UNNATURAL_GEOMETRIC_LINE,1.0000,N/A
2026-09-05 23:01:06,1,MECHANICAL_LOCK_NO_TREMOR,1.0000,N/A
2026-09-05 23:01:08,1,UNNATURAL_GEOMETRIC_LINE,1.0000,N/A
2026-09-05 23:01:09,1,UNNATURAL_GEOMETRIC_LINE,1.0000,N/A
2026-09-05 23:01:13,1,UNNATURAL_GEOMETRIC_LINE,1.0000,N/A
2026-09-05 23:01:15,1,UNNATURAL_GEOMETRIC_LINE,1.0000,N/A
2026-09-05 23:01:16,1,UNNATURAL_GEOMETRIC_LINE,1.0000,N/A
2026-09-05 23:01:20,1,UNNATURAL_GEOMETRIC_LINE,1.0000,N/A
2026-09-05 23:01:23,1,UNNATURAL_GEOMETRIC_LINE,1.0000,N/A
2026-09-05 23:01:23,1,UNNATURAL_GEOMETRIC_LINE,1.0000,N/A
2026-09-05 23:01:26,1,UNNATURAL_GEOMETRIC_LINE,1.0000,N/A
2026-09-05 23:01:31,1,UNNATURAL_GEOMETRIC_LINE,1.0000,N/A
2026-09-05 23:01:32,1,UNNATURAL_GEOMETRIC_LINE,1.0000,N/A
2026-09-05 23:01:42,1,UNNATURAL_GEOMETRIC_LINE,1.0000,N/A
2026-09-05 23:01:48,1,UNNATURAL_GEOMETRIC_LINE,1.0000,N/A
2026-09-05 23:01:51,1,UNNATURAL_GEOMETRIC_LINE,1.0000,N/A
2026-09-05 23:01:56,1,UNNATURAL_GEOMETRIC_LINE,1.0000,N/A
2026-09-05 23:01:56,1,UNNATURAL_GEOMETRIC_LINE,1.0000,N/A
2026-09-05 23:01:58,1,UNNATURAL_GEOMETRIC_LINE,1.0000,N/A
2026-09-05 23:02:01,1,UNNATURAL_GEOMETRIC_LINE,1.0000,N/A
2026-09-05 23:02:02,1,UNNATURAL_GEOMETRIC_LINE,1.0000,N/A
2026-09-05 23:02:10,1,UNNATURAL_GEOMETRIC_LINE,1.0000,N/A
2026-09-05 23:02:11,1,UNNATURAL_GEOMETRIC_LINE,1.0000,N/A
2026-09-05 23:02:12,1,UNNATURAL_GEOMETRIC_LINE,1.0000,N/A
2026-09-05 23:02:21,1,UNNATURAL_GEOMETRIC_LINE,1.0000,N/A
2026-09-05 23:02:21,1,UNNATURAL_GEOMETRIC_LINE,1.0000,N/A
2026-09-05 23:02:23,1,UNNATURAL_GEOMETRIC_LINE,1.0000,N/A
2026-09-05 23:02:27,1,UNNATURAL_GEOMETRIC_LINE,1.0000,N/A
2026-09-05 23:02:28,1,UNNATURAL_GEOMETRIC_LINE,1.0000,N/A
2026-09-05 23:02:29,1,UNNATURAL_GEOMETRIC_LINE,1.0000,N/A
2026-09-05 23:02:34,1,UNNATURAL_GEOMETRIC_LINE,1.0000,N/A
2026-09-05 23:02:34,1,UNNATURAL_GEOMETRIC_LINE,1.0000,N/A
2026-09-05 23:02:42,1,UNNATURAL_GEOMETRIC_LINE,1.0000,N/A
2026-09-05 23:02:44,1,UNNATURAL_GEOMETRIC_LINE,1.0000,N/A
2026-09-05 23:02:45,1,UNNATURAL_GEOMETRIC_LINE,1.0000,N/A
2026-09-05 23:02:48,1,UNNATURAL_GEOMETRIC_LINE,1.0000,N/A
2026-09-05 23:02:50,1,UNNATURAL_GEOMETRIC_LINE,1.0000,N/A
2026-09-05 23:02:50,1,UNNATURAL_GEOMETRIC_LINE,1.0000,N/A
2026-09-05 23:02:53,1,UNNATURAL_GEOMETRIC_LINE,1.0000,N/A
2026-09-05 23:02:55,1,UNNATURAL_GEOMETRIC_LINE,1.0000,N/A
2026-09-05 23:02:55,1,UNNATURAL_GEOMETRIC_LINE,1.0000,N/A
2026-09-05 23:02:57,1,UNNATURAL_GEOMETRIC_LINE,1.0000,N/A
2026-09-05 23:03:00,1,UNNATURAL_GEOMETRIC_LINE,1.0000,N/A
2026-09-05 23:03:00,1,UNNATURAL_GEOMETRIC_LINE,1.0000,N/A
2026-09-05 23:03:04,1,UNNATURAL_GEOMETRIC_LINE,1.0000,N/A
2026-09-05 23:03:06,1,UNNATURAL_GEOMETRIC_LINE,1.0000,N/A
2026-09-05 23:03:06,1,UNNATURAL_GEOMETRIC_LINE,1.0000,N/A
2026-09-05 23:03:12,1,UNNATURAL_GEOMETRIC_LINE,1.0000,N/A
2026-09-05 23:03:14,1,UNNATURAL_GEOMETRIC_LINE,1.0000,N/A
2026-09-05 23:03:15,1,UNNATURAL_GEOMETRIC_LINE,1.0000,N/A
2026-09-05 23:03:16,1,UNNATURAL_GEOMETRIC_LINE,1.0000,N/A
2026-09-05 23:03:19,1,UNNATURAL_GEOMETRIC_LINE,1.0000,N/A
2026-09-05 23:03:19,1,UNNATURAL_GEOMETRIC_LINE,1.0000,N/A
2026-09-05 23:03:23,1,UNNATURAL_GEOMETRIC_LINE,1.0000,N/A
2026-09-05 23:03:27,1,UNNATURAL_GEOMETRIC_LINE,1.0000,N/A
2026-09-05 23:03:28,1,UNNATURAL_GEOMETRIC_LINE,1.0000,N/A
2026-09-05 23:03:34,1,UNNATURAL_GEOMETRIC_LINE,1.0000,N/A
2026-09-05 23:03:36,1,UNNATURAL_GEOMETRIC_LINE,1.0000,N/A
2026-09-05 23:03:37,1,UNNATURAL_GEOMETRIC_LINE,1.0000,N/A
2026-09-05 23:03:38,1,MECHANICAL_LOCK_NO_TREMOR,1.0000,N/A
2026-09-05 23:03:40,1,UNNATURAL_GEOMETRIC_LINE,1.0000,N/A
2026-09-05 23:03:40,1,UNNATURAL_GEOMETRIC_LINE,1.0000,N/A
2026-09-05 23:03:42,1,UNNATURAL_GEOMETRIC_LINE,1.0000,N/A
2026-09-05 23:03:45,1,UNNATURAL_GEOMETRIC_LINE,1.0000,N/A
2026-09-05 23:03:46,1,UNNATURAL_GEOMETRIC_LINE,1.0000,N/A
2026-09-05 23:03:49,1,UNNATURAL_GEOMETRIC_LINE,1.0000,N/A
2026-09-05 23:03:51,1,UNNATURAL_GEOMETRIC_LINE,1.0000,N/A
2026-09-05 23:03:51,1,UNNATURAL_GEOMETRIC_LINE,1.0000,N/A
2026-09-05 23:03:52,1,UNNATURAL_GEOMETRIC_LINE,1.0000,N/A
2026-09-05 23:03:58,1,UNNATURAL_GEOMETRIC_LINE,1.0000,N/A
2026-09-05 23:03:58,1,UNNATURAL_GEOMETRIC_LINE,1.0000,N/A
2026-09-05 23:03:59,1,MECHANICAL_LOCK_NO_TREMOR,1.0000,N/A
2026-09-05 23:04:01,1,UNNATURAL_GEOMETRIC_LINE,1.0000,N/A
2026-09-05 23:04:02,1,UNNATURAL_GEOMETRIC_LINE,1.0000,N/A
2026-09-05 23:04:03,1,MECHANICAL_LOCK_NO_TREMOR,1.0000,N/A
2026-09-05 23:04:05,1,UNNATURAL_GEOMETRIC_LINE,1.0000,N/A
2026-09-05 23:04:09,1,UNNATURAL_GEOMETRIC_LINE,1.0000,N/A
2026-09-05 23:04:11,1,UNNATURAL_GEOMETRIC_LINE,1.0000,N/A
2026-09-05 23:04:11,1,UNNATURAL_GEOMETRIC_LINE,1.0000,N/A
2026-09-05 23:04:13,1,UNNATURAL_GEOMETRIC_LINE,1.0000,N/A
2026-09-05 23:04:20,1,UNNATURAL_GEOMETRIC_LINE,1.0000,N/A
2026-09-05 23:04:24,1,UNNATURAL_GEOMETRIC_LINE,1.0000,N/A
2026-09-05 23:04:26,1,UNNATURAL_GEOMETRIC_LINE,1.0000,N/A
2026-09-05 23:04:26,1,UNNATURAL_GEOMETRIC_LINE,1.0000,N/A
2026-09-05 23:04:30,1,UNNATURAL_GEOMETRIC_LINE,1.0000,N/A
2026-09-05 23:04:32,1,UNNATURAL_GEOMETRIC_LINE,1.0000,N/A
2026-09-05 23:04:33,1,UNNATURAL_GEOMETRIC_LINE,1.0000,N/A
2026-09-05 23:04:34,1,UNNATURAL_GEOMETRIC_LINE,1.0000,N/A
2026-09-05 23:04:36,1,UNNATURAL_GEOMETRIC_LINE,1.0000,N/A
2026-09-05 23:04:36,1,UNNATURAL_GEOMETRIC_LINE,1.0000,N/A
2026-09-05 23:04:54,1,UNNATURAL_GEOMETRIC_LINE,1.0000,N/A
2026-09-05 23:04:57,1,UNNATURAL_GEOMETRIC_LINE,1.0000,N/A
2026-09-05 23:04:58,1,UNNATURAL_GEOMETRIC_LINE,1.0000,N/A
2026-09-05 23:05:00,1,UNNATURAL_GEOMETRIC_LINE,1.0000,N/A
2026-09-05 23:05:02,1,UNNATURAL_GEOMETRIC_LINE,1.0000,N/A
2026-09-05 23:05:03,1,UNNATURAL_GEOMETRIC_LINE,1.0000,N/A
2026-09-05 23:05:04,1,UNNATURAL_GEOMETRIC_LINE,1.0000,N/A
2026-09-05 23:05:06,1,UNNATURAL_GEOMETRIC_LINE,1.0000,N/A
2026-09-05 23:05:06,1,UNNATURAL_GEOMETRIC_LINE,1.0000,N/A
2026-09-05 23:05:07,1,MECHANICAL_LOCK_NO_TREMOR,1.0000,N/A
2026-09-05 23:05:09,1,UNNATURAL_GEOMETRIC_LINE,1.0000,N/A
2026-09-05 23:05:10,1,UNNATURAL_GEOMETRIC_LINE,1.0000,N/A
2026-09-05 23:05:19,1,UNNATURAL_GEOMETRIC_LINE,1.0000,N/A
2026-09-05 23:05:22,1,UNNATURAL_GEOMETRIC_LINE,1.0000,N/A
2026-09-05 23:05:23,1,UNNATURAL_GEOMETRIC_LINE,1.0000,N/A
2026-09-05 23:05:27,1,UNNATURAL_GEOMETRIC_LINE,1.0000,N/A
2026-09-05 23:05:31,1,UNNATURAL_GEOMETRIC_LINE,1.0000,N/A
2026-09-05 23:05:31,1,UNNATURAL_GEOMETRIC_LINE,1.0000,N/A
2026-09-05 23:05:35,1,UNNATURAL_GEOMETRIC_LINE,1.0000,N/A
2026-09-05 23:05:37,1,UNNATURAL_GEOMETRIC_LINE,1.0000,N/A
2026-09-05 23:05:38,1,UNNATURAL_GEOMETRIC_LINE,1.0000,N/A
2026-09-05 23:05:40,1,UNNATURAL_GEOMETRIC_LINE,1.0000,N/A
2026-09-05 23:05:43,1,UNNATURAL_GEOMETRIC_LINE,1.0000,N/A
2026-09-05 23:05:44,1,UNNATURAL_GEOMETRIC_LINE,1.0000,N/A
2026-09-05 23:05:45,1,UNNATURAL_GEOMETRIC_LINE,1.0000,N/A
2026-09-05 23:05:48,1,UNNATURAL_GEOMETRIC_LINE,1.0000,N/A
2026-09-05 23:05:52,1,UNNATURAL_GEOMETRIC_LINE,1.0000,N/A
2026-09-05 23:05:53,1,UNNATURAL_GEOMETRIC_LINE,1.0000,N/A
2026-09-05 23:06:00,1,UNNATURAL_GEOMETRIC_LINE,1.0000,N/A
2026-09-05 23:06:01,1,UNNATURAL_GEOMETRIC_LINE,1.0000,N/A
2026-09-05 23:06:07,1,UNNATURAL_GEOMETRIC_LINE,1.0000,N/A
2026-09-05 23:06:08,1,UNNATURAL_GEOMETRIC_LINE,1.0000,N/A
2026-09-05 23:06:10,1,UNNATURAL_GEOMETRIC_LINE,1.0000,N/A
2026-09-05 23:06:11,1,UNNATURAL_GEOMETRIC_LINE,1.0000,N/A
2026-09-05 23:06:16,1,UNNATURAL_GEOMETRIC_LINE,1.0000,N/A
2026-09-05 23:06:20,1,UNNATURAL_GEOMETRIC_LINE,1.0000,N/A
2026-09-05 23:06:21,1,UNNATURAL_GEOMETRIC_LINE,1.0000,N/A
2026-09-05 23:06:26,1,UNNATURAL_GEOMETRIC_LINE,1.0000,N/A
2026-09-05 23:06:27,1,UNNATURAL_GEOMETRIC_LINE,1.0000,N/A
2026-09-05 23:06:34,1,UNNATURAL_GEOMETRIC_LINE,1.0000,N/A
2026-09-05 23:06:38,1,UNNATURAL_GEOMETRIC_LINE,1.0000,N/A
2026-09-05 23:06:39,1,UNNATURAL_GEOMETRIC_LINE,1.0000,N/A
2026-09-05 23:06:43,1,UNNATURAL_GEOMETRIC_LINE,1.0000,N/A
2026-09-05 23:06:45,1,UNNATURAL_GEOMETRIC_LINE,1.0000,N/A
2026-09-05 23:06:46,1,UNNATURAL_GEOMETRIC_LINE,1.0000,N/A
2026-09-05 23:06:48,1,UNNATURAL_GEOMETRIC_LINE,1.0000,N/A
2026-09-05 23:06:50,1,UNNATURAL_GEOMETRIC_LINE,1.0000,N/A
2026-09-05 23:06:51,1,UNNATURAL_GEOMETRIC_LINE,1.0000,N/A
2026-09-05 23:06:53,1,UNNATURAL_GEOMETRIC_LINE,1.0000,N/A
2026-09-05 23:06:56,1,UNNATURAL_GEOMETRIC_LINE,1.0000,N/A
2026-09-05 23:06:57,1,UNNATURAL_GEOMETRIC_LINE,1.0000,N/A
2026-09-05 23:07:01,1,UNNATURAL_GEOMETRIC_LINE,1.0000,N/A
2026-09-05 23:07:02,1,UNNATURAL_GEOMETRIC_LINE,1.0000,N/A
2026-09-05 23:07:04,1,UNNATURAL_GEOMETRIC_LINE,1.0000,N/A
2026-09-05 23:07:08,1,UNNATURAL_GEOMETRIC_LINE,1.0000,N/A
2026-09-05 23:07:09,1,UNNATURAL_GEOMETRIC_LINE,1.0000,N/A
2026-09-05 23:07:19,1,UNNATURAL_GEOMETRIC_LINE,1.0000,N/A
2026-09-05 23:07:23,1,UNNATURAL_GEOMETRIC_LINE,1.0000,N/A
2026-09-05 23:07:24,1,UNNATURAL_GEOMETRIC_LINE,1.0000,N/A
2026-09-05 23:07:25,1,UNNATURAL_GEOMETRIC_LINE,1.0000,N/A
2026-09-05 23:07:27,1,UNNATURAL_GEOMETRIC_LINE,1.0000,N/A
2026-09-05 23:07:28,1,UNNATURAL_GEOMETRIC_LINE,1.0000,N/A
2026-09-05 23:07:30,1,UNNATURAL_GEOMETRIC_LINE,1.0000,N/A
2026-09-05 23:07:33,1,UNNATURAL_GEOMETRIC_LINE,1.0000,N/A
2026-09-05 23:07:36,1,UNNATURAL_GEOMETRIC_LINE,1.0000,N/A
2026-09-05 23:07:38,1,UNNATURAL_GEOMETRIC_LINE,1.0000,N/A
2026-09-05 23:07:39,1,UNNATURAL_GEOMETRIC_LINE,1.0000,N/A
2026-09-05 23:07:41,1,UNNATURAL_GEOMETRIC_LINE,1.0000,N/A
2026-09-05 23:07:43,1,UNNATURAL_GEOMETRIC_LINE,1.0000,N/A
2026-09-05 23:07:45,1,UNNATURAL_GEOMETRIC_LINE,1.0000,N/A
2026-09-05 23:07:46,1,UNNATURAL_GEOMETRIC_LINE,1.0000,N/A
2026-09-05 23:07:54,1,UNNATURAL_GEOMETRIC_LINE,1.0000,N/A
2026-09-05 23:07:59,1,UNNATURAL_GEOMETRIC_LINE,1.0000,N/A
2026-09-05 23:08:00,1,UNNATURAL_GEOMETRIC_LINE,1.0000,N/A
2026-09-05 23:08:09,1,UNNATURAL_GEOMETRIC_LINE,1.0000,N/A
2026-09-05 23:08:11,1,UNNATURAL_GEOMETRIC_LINE,1.0000,N/A
2026-09-05 23:08:12,1,UNNATURAL_GEOMETRIC_LINE,1.0000,N/A
2026-09-05 23:08:15,1,UNNATURAL_GEOMETRIC_LINE,1.0000,N/A
2026-09-05 23:08:19,1,UNNATURAL_GEOMETRIC_LINE,1.0000,N/A
2026-09-05 23:08:22,1,UNNATURAL_GEOMETRIC_LINE,1.0000,N/A
2026-09-05 23:08:23,1,UNNATURAL_GEOMETRIC_LINE,1.0000,N/A
2026-09-05 23:08:24,1,UNNATURAL_GEOMETRIC_LINE,1.0000,N/A
2026-09-05 23:08:28,1,UNNATURAL_GEOMETRIC_LINE,1.0000,N/A
2026-09-05 23:08:29,1,UNNATURAL_GEOMETRIC_LINE,1.0000,N/A
2026-09-05 23:08:30,1,UNNATURAL_GEOMETRIC_LINE,1.0000,N/A
2026-09-05 23:08:34,1,UNNATURAL_GEOMETRIC_LINE,1.0000,N/A
2026-09-05 23:08:36,1,UNNATURAL_GEOMETRIC_LINE,1.0000,N/A
2026-09-05 23:08:37,1,UNNATURAL_GEOMETRIC_LINE,1.0000,N/A
2026-09-05 23:08:40,1,UNNATURAL_GEOMETRIC_LINE,1.0000,N/A
2026-09-05 23:08:46,1,UNNATURAL_GEOMETRIC_LINE,1.0000,N/A
2026-09-05 23:08:49,1,UNNATURAL_GEOMETRIC_LINE,1.0000,N/A
2026-09-05 23:08:50,1,UNNATURAL_GEOMETRIC_LINE,1.0000,N/A
2026-09-05 23:08:52,1,UNNATURAL_GEOMETRIC_LINE,1.0000,N/A
2026-09-05 23:08:54,1,UNNATURAL_GEOMETRIC_LINE,1.0000,N/A
2026-09-05 23:08:55,1,UNNATURAL_GEOMETRIC_LINE,1.0000,N/A
2026-09-05 23:08:57,1,UNNATURAL_GEOMETRIC_LINE,1.0000,N/A
2026-09-05 23:08:59,1,UNNATURAL_GEOMETRIC_LINE,1.0000,N/A
2026-09-05 23:09:00,1,UNNATURAL_GEOMETRIC_LINE,1.0000,N/A
2026-09-05 23:09:04,1,UNNATURAL_GEOMETRIC_LINE,1.0000,N/A
2026-09-05 23:09:06,1,UNNATURAL_GEOMETRIC_LINE,1.0000,N/A
2026-09-05 23:09:07,1,UNNATURAL_GEOMETRIC_LINE,1.0000,N/A
2026-09-05 23:09:09,1,UNNATURAL_GEOMETRIC_LINE,1.0000,N/A
2026-09-05 23:09:12,1,UNNATURAL_GEOMETRIC_LINE,1.0000,N/A
2026-09-05 23:09:12,1,UNNATURAL_GEOMETRIC_LINE,1.0000,N/A
2026-09-05 23:09:13,1,UNNATURAL_GEOMETRIC_LINE,1.0000,N/A
2026-09-05 23:09:16,1,UNNATURAL_GEOMETRIC_LINE,1.0000,N/A
2026-09-05 23:09:16,1,UNNATURAL_GEOMETRIC_LINE,1.0000,N/A
2026-09-05 23:09:17,1,UNNATURAL_GEOMETRIC_LINE,1.0000,N/A
2026-09-05 23:09:19,1,UNNATURAL_GEOMETRIC_LINE,1.0000,N/A
2026-09-05 23:09:23,1,UNNATURAL_GEOMETRIC_LINE,1.0000,N/A
2026-09-05 23:09:25,1,UNNATURAL_GEOMETRIC_LINE,1.0000,N/A
2026-09-05 23:09:27,1,UNNATURAL_GEOMETRIC_LINE,1.0000,N/A
2026-09-05 23:09:28,1,UNNATURAL_GEOMETRIC_LINE,1.0000,N/A
2026-09-05 23:09:30,1,UNNATURAL_GEOMETRIC_LINE,1.0000,N/A
2026-09-05 23:09:32,1,UNNATURAL_GEOMETRIC_LINE,1.0000,N/A
2026-09-05 23:09:33,1,UNNATURAL_GEOMETRIC_LINE,1.0000,N/A
2026-09-05 23:09:36,1,UNNATURAL_GEOMETRIC_LINE,1.0000,N/A
2026-09-05 23:09:39,1,UNNATURAL_GEOMETRIC_LINE,1.0000,N/A
2026-09-05 23:09:39,1,UNNATURAL_GEOMETRIC_LINE,1.0000,N/A
2026-09-05 23:09:41,1,UNNATURAL_GEOMETRIC_LINE,1.0000,N/A
2026-09-05 23:09:43,1,UNNATURAL_GEOMETRIC_LINE,1.0000,N/A
2026-09-05 23:09:43,1,UNNATURAL_GEOMETRIC_LINE,1.0000,N/A
2026-09-05 23:09:46,1,UNNATURAL_GEOMETRIC_LINE,1.0000,N/A
2026-09-05 23:09:49,1,UNNATURAL_GEOMETRIC_LINE,1.0000,N/A
2026-09-05 23:09:49,1,UNNATURAL_GEOMETRIC_LINE,1.0000,N/A
2026-09-05 23:09:50,1,MECHANICAL_LOCK_NO_TREMOR,1.0000,N/A
2026-09-05 23:09:52,1,UNNATURAL_GEOMETRIC_LINE,1.0000,N/A
2026-09-05 23:09:53,1,UNNATURAL_GEOMETRIC_LINE,1.0000,N/A
2026-09-05 23:09:54,1,UNNATURAL_GEOMETRIC_LINE,1.0000,N/A
2026-09-05 23:09:56,1,UNNATURAL_GEOMETRIC_LINE,1.0000,N/A
2026-09-05 23:09:57,1,UNNATURAL_GEOMETRIC_LINE,1.0000,N/A
2026-09-05 23:09:59,1,UNNATURAL_GEOMETRIC_LINE,1.0000,N/A
2026-09-05 23:10:03,1,UNNATURAL_GEOMETRIC_LINE,1.0000,N/A
2026-09-05 23:10:04,1,UNNATURAL_GEOMETRIC_LINE,1.0000,N/A
2026-09-05 23:10:16,1,UNNATURAL_GEOMETRIC_LINE,1.0000,N/A
2026-09-05 23:10:21,1,UNNATURAL_GEOMETRIC_LINE,1.0000,N/A
2026-09-05 23:10:22,1,UNNATURAL_GEOMETRIC_LINE,1.0000,N/A
2026-09-05 23:10:24,1,UNNATURAL_GEOMETRIC_LINE,1.0000,N/A
2026-09-05 23:10:26,1,UNNATURAL_GEOMETRIC_LINE,1.0000,N/A
2026-09-05 23:10:26,1,UNNATURAL_GEOMETRIC_LINE,1.0000,N/A
2026-09-05 23:10:28,1,UNNATURAL_GEOMETRIC_LINE,1.0000,N/A
2026-09-05 23:10:32,1,UNNATURAL_GEOMETRIC_LINE,1.0000,N/A
2026-09-05 23:10:33,1,UNNATURAL_GEOMETRIC_LINE,1.0000,N/A
2026-09-05 23:10:37,1,UNNATURAL_GEOMETRIC_LINE,1.0000,N/A
2026-09-05 23:10:42,1,UNNATURAL_GEOMETRIC_LINE,1.0000,N/A
2026-09-05 23:10:43,1,UNNATURAL_GEOMETRIC_LINE,1.0000,N/A
2026-09-05 23:10:47,1,UNNATURAL_GEOMETRIC_LINE,1.0000,N/A
2026-09-05 23:10:49,1,UNNATURAL_GEOMETRIC_LINE,1.0000,N/A
2026-09-05 23:10:50,1,UNNATURAL_GEOMETRIC_LINE,1.0000,N/A
2026-09-05 23:10:52,1,UNNATURAL_GEOMETRIC_LINE,1.0000,N/A
2026-09-05 23:10:55,1,UNNATURAL_GEOMETRIC_LINE,1.0000,N/A
2026-09-05 23:10:56,1,UNNATURAL_GEOMETRIC_LINE,1.0000,N/A
2026-09-05 23:10:58,1,UNNATURAL_GEOMETRIC_LINE,1.0000,N/A
2026-09-05 23:11:01,1,UNNATURAL_GEOMETRIC_LINE,1.0000,N/A
2026-09-05 23:11:02,1,UNNATURAL_GEOMETRIC_LINE,1.0000,N/A
2026-09-05 23:11:06,1,UNNATURAL_GEOMETRIC_LINE,1.0000,N/A
2026-09-05 23:11:09,1,UNNATURAL_GEOMETRIC_LINE,1.0000,N/A
2026-09-05 23:11:11,1,UNNATURAL_GEOMETRIC_LINE,1.0000,N/A
2026-09-05 23:11:15,1,UNNATURAL_GEOMETRIC_LINE,1.0000,N/A
2026-09-05 23:11:15,1,UNNATURAL_GEOMETRIC_LINE,1.0000,N/A
2026-09-05 23:11:21,1,UNNATURAL_GEOMETRIC_LINE,1.0000,N/A
2026-09-05 23:11:24,1,UNNATURAL_GEOMETRIC_LINE,1.0000,N/A
2026-09-05 23:11:24,1,UNNATURAL_GEOMETRIC_LINE,1.0000,N/A
2026-09-05 23:11:31,1,UNNATURAL_GEOMETRIC_LINE,1.0000,N/A
2026-09-05 23:11:33,1,UNNATURAL_GEOMETRIC_LINE,1.0000,N/A
2026-09-05 23:11:34,1,UNNATURAL_GEOMETRIC_LINE,1.0000,N/A
2026-09-05 23:11:37,1,UNNATURAL_GEOMETRIC_LINE,1.0000,N/A
2026-09-05 23:11:39,1,UNNATURAL_GEOMETRIC_LINE,1.0000,N/A
2026-09-05 23:11:40,1,UNNATURAL_GEOMETRIC_LINE,1.0000,N/A
2026-09-05 23:11:45,1,UNNATURAL_GEOMETRIC_LINE,1.0000,N/A
2026-09-05 23:11:47,1,UNNATURAL_GEOMETRIC_LINE,1.0000,N/A
2026-09-05 23:11:48,1,UNNATURAL_GEOMETRIC_LINE,1.0000,N/A
2026-09-05 23:11:53,1,UNNATURAL_GEOMETRIC_LINE,1.0000,N/A
2026-09-05 23:11:57,1,UNNATURAL_GEOMETRIC_LINE,1.0000,N/A
2026-09-05 23:12:02,1,UNNATURAL_GEOMETRIC_LINE,1.0000,N/A
2026-09-05 23:12:05,1,UNNATURAL_GEOMETRIC_LINE,1.0000,N/A
2026-09-05 23:12:07,1,UNNATURAL_GEOMETRIC_LINE,1.0000,N/A
2026-09-05 23:12:08,1,UNNATURAL_GEOMETRIC_LINE,1.0000,N/A
2026-09-05 23:12:13,1,UNNATURAL_GEOMETRIC_LINE,1.0000,N/A
2026-09-05 23:12:19,1,UNNATURAL_GEOMETRIC_LINE,1.0000,N/A
2026-09-05 23:12:19,1,UNNATURAL_GEOMETRIC_LINE,1.0000,N/A
2026-09-05 23:12:24,1,UNNATURAL_GEOMETRIC_LINE,1.0000,N/A
2026-09-05 23:12:33,1,UNNATURAL_GEOMETRIC_LINE,1.0000,N/A
2026-09-05 23:12:34,1,UNNATURAL_GEOMETRIC_LINE,1.0000,N/A
2026-09-05 23:12:37,1,UNNATURAL_GEOMETRIC_LINE,1.0000,N/A
2026-09-05 23:12:37,1,UNNATURAL_GEOMETRIC_LINE,1.0000,N/A
2026-09-05 23:12:38,1,UNNATURAL_GEOMETRIC_LINE,1.0000,N/A
2026-09-05 23:12:40,1,UNNATURAL_GEOMETRIC_LINE,1.0000,N/A
2026-09-05 23:12:41,1,UNNATURAL_GEOMETRIC_LINE,1.0000,N/A
2026-09-05 23:12:45,1,UNNATURAL_GEOMETRIC_LINE,1.0000,N/A
2026-09-05 23:12:47,1,UNNATURAL_GEOMETRIC_LINE,1.0000,N/A
2026-09-05 23:12:48,1,UNNATURAL_GEOMETRIC_LINE,1.0000,N/A
2026-09-05 23:12:50,1,UNNATURAL_GEOMETRIC_LINE,1.0000,N/A
2026-09-05 23:12:53,1,UNNATURAL_GEOMETRIC_LINE,1.0000,N/A
2026-09-05 23:12:53,1,UNNATURAL_GEOMETRIC_LINE,1.0000,N/A
2026-09-05 23:12:55,1,UNNATURAL_GEOMETRIC_LINE,1.0000,N/A
2026-09-05 23:12:58,1,UNNATURAL_GEOMETRIC_LINE,1.0000,N/A
2026-09-05 23:12:58,1,UNNATURAL_GEOMETRIC_LINE,1.0000,N/A
2026-09-05 23:13:03,1,UNNATURAL_GEOMETRIC_LINE,1.0000,N/A
2026-09-05 23:13:05,1,UNNATURAL_GEOMETRIC_LINE,1.0000,N/A
2026-09-05 23:13:06,1,UNNATURAL_GEOMETRIC_LINE,1.0000,N/A
2026-09-05 23:13:08,1,UNNATURAL_GEOMETRIC_LINE,1.0000,N/A
2026-09-05 23:13:14,1,UNNATURAL_GEOMETRIC_LINE,1.0000,N/A
2026-09-05 23:13:18,1,UNNATURAL_GEOMETRIC_LINE,1.0000,N/A
2026-09-05 23:13:20,1,UNNATURAL_GEOMETRIC_LINE,1.0000,N/A
2026-09-05 23:13:21,1,UNNATURAL_GEOMETRIC_LINE,1.0000,N/A
2026-09-05 23:13:23,1,UNNATURAL_GEOMETRIC_LINE,1.0000,N/A
2026-09-05 23:13:25,1,UNNATURAL_GEOMETRIC_LINE,1.0000,N/A
2026-09-05 23:13:26,1,UNNATURAL_GEOMETRIC_LINE,1.0000,N/A
2026-09-05 23:13:37,1,UNNATURAL_GEOMETRIC_LINE,1.0000,N/A
2026-09-05 23:13:39,1,UNNATURAL_GEOMETRIC_LINE,1.0000,N/A
2026-09-05 23:13:40,1,UNNATURAL_GEOMETRIC_LINE,1.0000,N/A
2026-09-05 23:13:43,1,UNNATURAL_GEOMETRIC_LINE,1.0000,N/A
2026-09-05 23:13:46,1,UNNATURAL_GEOMETRIC_LINE,1.0000,N/A
2026-09-05 23:13:47,1,UNNATURAL_GEOMETRIC_LINE,1.0000,N/A
2026-09-05 23:13:53,1,UNNATURAL_GEOMETRIC_LINE,1.0000,N/A
2026-09-05 23:13:56,1,UNNATURAL_GEOMETRIC_LINE,1.0000,N/A
2026-09-05 23:13:59,1,UNNATURAL_GEOMETRIC_LINE,1.0000,N/A
2026-09-05 23:13:59,1,UNNATURAL_GEOMETRIC_LINE,1.0000,N/A
2026-09-05 23:14:04,1,UNNATURAL_GEOMETRIC_LINE,1.0000,N/A
2026-09-05 23:14:06,1,UNNATURAL_GEOMETRIC_LINE,1.0000,N/A
2026-09-05 23:14:07,1,UNNATURAL_GEOMETRIC_LINE,1.0000,N/A
2026-09-05 23:14:08,1,UNNATURAL_GEOMETRIC_LINE,1.0000,N/A
2026-09-05 23:14:11,1,UNNATURAL_GEOMETRIC_LINE,1.0000,N/A
2026-09-05 23:14:11,1,UNNATURAL_GEOMETRIC_LINE,1.0000,N/A
2026-09-05 23:14:14,1,UNNATURAL_GEOMETRIC_LINE,1.0000,N/A
2026-09-05 23:14:17,1,UNNATURAL_GEOMETRIC_LINE,1.0000,N/A
2026-09-05 23:14:22,1,UNNATURAL_GEOMETRIC_LINE,1.0000,N/A
2026-09-05 23:14:27,1,UNNATURAL_GEOMETRIC_LINE,1.0000,N/A
2026-09-05 23:14:28,1,UNNATURAL_GEOMETRIC_LINE,1.0000,N/A
2026-09-05 23:14:35,1,UNNATURAL_GEOMETRIC_LINE,1.0000,N/A
2026-09-05 23:14:37,1,UNNATURAL_GEOMETRIC_LINE,1.0000,N/A
2026-09-05 23:14:38,1,UNNATURAL_GEOMETRIC_LINE,1.0000,N/A
2026-09-05 23:14:46,1,UNNATURAL_GEOMETRIC_LINE,1.0000,N/A
2026-09-05 23:14:48,1,UNNATURAL_GEOMETRIC_LINE,1.0000,N/A
2026-09-05 23:14:49,1,UNNATURAL_GEOMETRIC_LINE,1.0000,N/A
2026-09-05 23:14:51,1,UNNATURAL_GEOMETRIC_LINE,1.0000,N/A
2026-09-05 23:14:54,1,UNNATURAL_GEOMETRIC_LINE,1.0000,N/A
2026-09-05 23:14:55,1,UNNATURAL_GEOMETRIC_LINE,1.0000,N/A
2026-09-05 23:14:58,1,UNNATURAL_GEOMETRIC_LINE,1.0000,N/A
2026-09-05 23:15:00,1,UNNATURAL_GEOMETRIC_LINE,1.0000,N/A
2026-09-05 23:15:01,1,UNNATURAL_GEOMETRIC_LINE,1.0000,N/A
2026-09-05 23:15:02,1,UNNATURAL_GEOMETRIC_LINE,1.0000,N/A
2026-09-05 23:15:06,1,UNNATURAL_GEOMETRIC_LINE,1.0000,N/A
2026-09-05 23:15:06,1,UNNATURAL_GEOMETRIC_LINE,1.0000,N/A
2026-09-05 23:15:10,1,UNNATURAL_GEOMETRIC_LINE,1.0000,N/A
2026-09-05 23:15:14,1,UNNATURAL_GEOMETRIC_LINE,1.0000,N/A
2026-09-05 23:15:17,1,UNNATURAL_GEOMETRIC_LINE,1.0000,N/A
2026-09-05 23:15:21,1,UNNATURAL_GEOMETRIC_LINE,1.0000,N/A
2026-09-05 23:15:26,1,UNNATURAL_GEOMETRIC_LINE,1.0000,N/A
2026-09-05 23:15:28,1,UNNATURAL_GEOMETRIC_LINE,1.0000,N/A
2026-09-05 23:15:29,1,UNNATURAL_GEOMETRIC_LINE,1.0000,N/A
2026-09-05 23:15:33,1,UNNATURAL_GEOMETRIC_LINE,1.0000,N/A
2026-09-05 23:15:36,1,UNNATURAL_GEOMETRIC_LINE,1.0000,N/A
2026-09-05 23:15:37,1,UNNATURAL_GEOMETRIC_LINE,1.0000,N/A
2026-09-05 23:15:40,1,UNNATURAL_GEOMETRIC_LINE,1.0000,N/A
2026-09-05 23:15:44,1,UNNATURAL_GEOMETRIC_LINE,1.0000,N/A
2026-09-05 23:15:45,1,UNNATURAL_GEOMETRIC_LINE,1.0000,N/A
2026-09-05 23:15:48,1,UNNATURAL_GEOMETRIC_LINE,1.0000,N/A
2026-09-05 23:15:49,1,UNNATURAL_GEOMETRIC_LINE,1.0000,N/A
2026-09-05 23:15:50,1,UNNATURAL_GEOMETRIC_LINE,1.0000,N/A
2026-09-05 23:15:57,1,UNNATURAL_GEOMETRIC_LINE,1.0000,N/A
2026-09-05 23:15:59,1,UNNATURAL_GEOMETRIC_LINE,1.0000,N/A
2026-09-05 23:16:01,1,UNNATURAL_GEOMETRIC_LINE,1.0000,N/A
2026-09-05 23:16:02,1,UNNATURAL_GEOMETRIC_LINE,1.0000,N/A
2026-09-05 23:16:04,1,UNNATURAL_GEOMETRIC_LINE,1.0000,N/A
2026-09-05 23:16:07,1,UNNATURAL_GEOMETRIC_LINE,1.0000,N/A
2026-09-05 23:16:07,1,UNNATURAL_GEOMETRIC_LINE,1.0000,N/A
2026-09-05 23:16:09,1,UNNATURAL_GEOMETRIC_LINE,1.0000,N/A
2026-09-05 23:16:11,1,UNNATURAL_GEOMETRIC_LINE,1.0000,N/A
2026-09-05 23:16:12,1,UNNATURAL_GEOMETRIC_LINE,1.0000,N/A
2026-09-05 23:16:15,1,UNNATURAL_GEOMETRIC_LINE,1.0000,N/A
2026-09-05 23:16:18,1,UNNATURAL_GEOMETRIC_LINE,1.0000,N/A
2026-09-05 23:16:18,1,UNNATURAL_GEOMETRIC_LINE,1.0000,N/A
2026-09-05 23:16:31,1,UNNATURAL_GEOMETRIC_LINE,1.0000,N/A
2026-09-05 23:16:33,1,UNNATURAL_GEOMETRIC_LINE,1.0000,N/A
2026-09-05 23:16:34,1,UNNATURAL_GEOMETRIC_LINE,1.0000,N/A
2026-09-05 23:16:37,1,UNNATURAL_GEOMETRIC_LINE,1.0000,N/A
2026-09-05 23:16:39,1,UNNATURAL_GEOMETRIC_LINE,1.0000,N/A
2026-09-05 23:16:40,1,UNNATURAL_GEOMETRIC_LINE,1.0000,N/A
2026-09-05 23:16:42,1,UNNATURAL_GEOMETRIC_LINE,1.0000,N/A
2026-09-05 23:16:46,1,UNNATURAL_GEOMETRIC_LINE,1.0000,N/A
2026-09-05 23:16:47,1,UNNATURAL_GEOMETRIC_LINE,1.0000,N/A
2026-09-05 23:16:48,1,UNNATURAL_GEOMETRIC_LINE,1.0000,N/A
2026-09-05 23:16:50,1,UNNATURAL_GEOMETRIC_LINE,1.0000,N/A
2026-09-05 23:16:51,1,UNNATURAL_GEOMETRIC_LINE,1.0000,N/A
2026-09-05 23:16:58,1,UNNATURAL_GEOMETRIC_LINE,1.0000,N/A
2026-09-05 23:17:00,1,UNNATURAL_GEOMETRIC_LINE,1.0000,N/A
2026-09-05 23:17:01,1,UNNATURAL_GEOMETRIC_LINE,1.0000,N/A
2026-09-05 23:17:03,1,UNNATURAL_GEOMETRIC_LINE,1.0000,N/A
2026-09-05 23:17:06,1,UNNATURAL_GEOMETRIC_LINE,1.0000,N/A
2026-09-05 23:17:07,1,UNNATURAL_GEOMETRIC_LINE,1.0000,N/A
2026-09-05 23:17:10,1,UNNATURAL_GEOMETRIC_LINE,1.0000,N/A
2026-09-05 23:17:12,1,UNNATURAL_GEOMETRIC_LINE,1.0000,N/A
2026-09-05 23:17:15,1,UNNATURAL_GEOMETRIC_LINE,1.0000,N/A
2026-09-05 23:17:16,1,UNNATURAL_GEOMETRIC_LINE,1.0000,N/A
2026-09-05 23:17:18,1,UNNATURAL_GEOMETRIC_LINE,1.0000,N/A
2026-09-05 23:17:23,1,UNNATURAL_GEOMETRIC_LINE,1.0000,N/A
2026-09-05 23:17:27,1,UNNATURAL_GEOMETRIC_LINE,1.0000,N/A
2026-09-05 23:17:29,1,UNNATURAL_GEOMETRIC_LINE,1.0000,N/A
2026-09-05 23:17:30,1,UNNATURAL_GEOMETRIC_LINE,1.0000,N/A
2026-09-05 23:17:34,1,UNNATURAL_GEOMETRIC_LINE,1.0000,N/A
2026-09-05 23:17:36,1,UNNATURAL_GEOMETRIC_LINE,1.0000,N/A
2026-09-05 23:17:37,1,UNNATURAL_GEOMETRIC_LINE,1.0000,N/A
2026-09-05 23:17:37,1,MECHANICAL_LOCK_NO_TREMOR,1.0000,N/A
2026-09-05 23:17:40,1,UNNATURAL_GEOMETRIC_LINE,1.0000,N/A
2026-09-05 23:17:41,1,UNNATURAL_GEOMETRIC_LINE,1.0000,N/A
2026-09-05 23:17:46,1,UNNATURAL_GEOMETRIC_LINE,1.0000,N/A
2026-09-05 23:17:49,1,UNNATURAL_GEOMETRIC_LINE,1.0000,N/A
2026-09-05 23:17:50,1,UNNATURAL_GEOMETRIC_LINE,1.0000,N/A
2026-09-05 23:17:53,1,UNNATURAL_GEOMETRIC_LINE,1.0000,N/A
2026-09-05 23:17:56,1,UNNATURAL_GEOMETRIC_LINE,1.0000,N/A
2026-09-05 23:17:57,1,UNNATURAL_GEOMETRIC_LINE,1.0000,N/A
2026-09-05 23:17:59,1,UNNATURAL_GEOMETRIC_LINE,1.0000,N/A
2026-09-05 23:18:00,1,UNNATURAL_GEOMETRIC_LINE,1.0000,N/A
2026-09-05 23:18:08,1,UNNATURAL_GEOMETRIC_LINE,1.0000,N/A
2026-09-05 23:18:11,1,UNNATURAL_GEOMETRIC_LINE,1.0000,N/A
2026-09-05 23:18:13,1,UNNATURAL_GEOMETRIC_LINE,1.0000,N/A
2026-09-05 23:18:15,1,UNNATURAL_GEOMETRIC_LINE,1.0000,N/A
2026-09-05 23:18:16,1,UNNATURAL_GEOMETRIC_LINE,1.0000,N/A
2026-09-05 23:18:17,1,MECHANICAL_LOCK_NO_TREMOR,1.0000,N/A
2026-09-05 23:18:19,1,UNNATURAL_GEOMETRIC_LINE,1.0000,N/A
2026-09-05 23:18:20,1,UNNATURAL_GEOMETRIC_LINE,1.0000,N/A
2026-09-05 23:18:24,1,UNNATURAL_GEOMETRIC_LINE,1.0000,N/A
2026-09-05 23:18:26,1,UNNATURAL_GEOMETRIC_LINE,1.0000,N/A
2026-09-05 23:18:27,1,UNNATURAL_GEOMETRIC_LINE,1.0000,N/A
2026-09-05 23:18:31,1,UNNATURAL_GEOMETRIC_LINE,1.0000,N/A
2026-09-05 23:18:33,1,UNNATURAL_GEOMETRIC_LINE,1.0000,N/A
2026-09-05 23:18:34,1,UNNATURAL_GEOMETRIC_LINE,1.0000,N/A
2026-09-05 23:18:38,1,UNNATURAL_GEOMETRIC_LINE,1.0000,N/A
2026-09-05 23:18:40,1,UNNATURAL_GEOMETRIC_LINE,1.0000,N/A
2026-09-05 23:18:41,1,UNNATURAL_GEOMETRIC_LINE,1.0000,N/A
2026-09-05 23:18:52,1,UNNATURAL_GEOMETRIC_LINE,1.0000,N/A
2026-09-05 23:18:55,1,UNNATURAL_GEOMETRIC_LINE,1.0000,N/A
2026-09-05 23:18:56,1,UNNATURAL_GEOMETRIC_LINE,1.0000,N/A
2026-09-05 23:18:59,1,UNNATURAL_GEOMETRIC_LINE,1.0000,N/A
2026-09-05 23:19:03,1,UNNATURAL_GEOMETRIC_LINE,1.0000,N/A
2026-09-05 23:19:03,1,UNNATURAL_GEOMETRIC_LINE,1.0000,N/A
2026-09-05 23:19:05,1,UNNATURAL_GEOMETRIC_LINE,1.0000,N/A
2026-09-05 23:19:07,1,UNNATURAL_GEOMETRIC_LINE,1.0000,N/A
2026-09-05 23:19:08,1,UNNATURAL_GEOMETRIC_LINE,1.0000,N/A
2026-09-05 23:19:15,1,UNNATURAL_GEOMETRIC_LINE,1.0000,N/A
2026-09-05 23:19:16,1,UNNATURAL_GEOMETRIC_LINE,1.0000,N/A
2026-09-05 23:19:17,1,MECHANICAL_LOCK_NO_TREMOR,1.0000,N/A
2026-09-05 23:19:19,1,UNNATURAL_GEOMETRIC_LINE,1.0000,N/A
2026-09-05 23:19:20,1,UNNATURAL_GEOMETRIC_LINE,1.0000,N/A
2026-09-05 23:19:26,1,UNNATURAL_GEOMETRIC_LINE,1.0000,N/A
2026-09-05 23:19:28,1,UNNATURAL_GEOMETRIC_LINE,1.0000,N/A
2026-09-05 23:19:29,1,UNNATURAL_GEOMETRIC_LINE,1.0000,N/A
2026-09-05 23:19:32,1,UNNATURAL_GEOMETRIC_LINE,1.0000,N/A
2026-09-05 23:19:34,1,UNNATURAL_GEOMETRIC_LINE,1.0000,N/A
2026-09-05 23:19:35,1,UNNATURAL_GEOMETRIC_LINE,1.0000,N/A
2026-09-05 23:19:37,1,UNNATURAL_GEOMETRIC_LINE,1.0000,N/A
2026-09-05 23:19:39,1,UNNATURAL_GEOMETRIC_LINE,1.0000,N/A
2026-09-05 23:19:40,1,UNNATURAL_GEOMETRIC_LINE,1.0000,N/A
2026-09-05 23:19:44,1,UNNATURAL_GEOMETRIC_LINE,1.0000,N/A
2026-09-05 23:19:46,1,UNNATURAL_GEOMETRIC_LINE,1.0000,N/A
2026-09-05 23:19:47,1,UNNATURAL_GEOMETRIC_LINE,1.0000,N/A
2026-09-05 23:19:50,1,UNNATURAL_GEOMETRIC_LINE,1.0000,N/A
2026-09-05 23:19:53,1,UNNATURAL_GEOMETRIC_LINE,1.0000,N/A
2026-09-05 23:19:54,1,UNNATURAL_GEOMETRIC_LINE,1.0000,N/A
2026-09-05 23:19:55,1,UNNATURAL_GEOMETRIC_LINE,1.0000,N/A
2026-09-05 23:19:57,1,UNNATURAL_GEOMETRIC_LINE,1.0000,N/A
2026-09-05 23:19:58,1,UNNATURAL_GEOMETRIC_LINE,1.0000,N/A
2026-09-05 23:20:13,1,UNNATURAL_GEOMETRIC_LINE,1.0000,N/A
2026-09-05 23:20:19,1,UNNATURAL_GEOMETRIC_LINE,1.0000,N/A
2026-09-05 23:20:25,1,UNNATURAL_GEOMETRIC_LINE,1.0000,N/A
2026-09-05 23:20:27,1,UNNATURAL_GEOMETRIC_LINE,1.0000,N/A
2026-09-05 23:20:30,1,UNNATURAL_GEOMETRIC_LINE,1.0000,N/A
2026-09-05 23:20:31,1,UNNATURAL_GEOMETRIC_LINE,1.0000,N/A
2026-09-05 23:20:35,1,UNNATURAL_GEOMETRIC_LINE,1.0000,N/A
2026-09-05 23:20:37,1,UNNATURAL_GEOMETRIC_LINE,1.0000,N/A
2026-09-05 23:20:38,1,UNNATURAL_GEOMETRIC_LINE,1.0000,N/A
2026-09-05 23:20:46,1,UNNATURAL_GEOMETRIC_LINE,1.0000,N/A
2026-09-05 23:20:48,1,UNNATURAL_GEOMETRIC_LINE,1.0000,N/A
2026-09-05 23:20:48,1,UNNATURAL_GEOMETRIC_LINE,1.0000,N/A
2026-09-05 23:20:53,1,UNNATURAL_GEOMETRIC_LINE,1.0000,N/A
2026-09-05 23:20:55,1,UNNATURAL_GEOMETRIC_LINE,1.0000,N/A
2026-09-05 23:20:56,1,UNNATURAL_GEOMETRIC_LINE,1.0000,N/A
2026-09-05 23:20:58,1,UNNATURAL_GEOMETRIC_LINE,1.0000,N/A
2026-09-05 23:21:01,1,UNNATURAL_GEOMETRIC_LINE,1.0000,N/A
2026-09-05 23:21:02,1,UNNATURAL_GEOMETRIC_LINE,1.0000,N/A
2026-09-05 23:21:03,1,UNNATURAL_GEOMETRIC_LINE,1.0000,N/A
2026-09-05 23:21:05,1,UNNATURAL_GEOMETRIC_LINE,1.0000,N/A
2026-09-05 23:21:06,1,UNNATURAL_GEOMETRIC_LINE,1.0000,N/A
2026-09-05 23:21:12,1,UNNATURAL_GEOMETRIC_LINE,1.0000,N/A
2026-09-05 23:21:16,1,UNNATURAL_GEOMETRIC_LINE,1.0000,N/A
2026-09-05 23:21:17,1,UNNATURAL_GEOMETRIC_LINE,1.0000,N/A
2026-09-05 23:21:19,1,UNNATURAL_GEOMETRIC_LINE,1.0000,N/A
2026-09-05 23:21:23,1,UNNATURAL_GEOMETRIC_LINE,1.0000,N/A
2026-09-05 23:21:26,1,UNNATURAL_GEOMETRIC_LINE,1.0000,N/A
2026-09-05 23:21:28,1,UNNATURAL_GEOMETRIC_LINE,1.0000,N/A
2026-09-05 23:21:30,1,UNNATURAL_GEOMETRIC_LINE,1.0000,N/A
2026-09-05 23:21:31,1,UNNATURAL_GEOMETRIC_LINE,1.0000,N/A
2026-09-05 23:21:37,1,UNNATURAL_GEOMETRIC_LINE,1.0000,N/A
2026-09-05 23:21:42,1,UNNATURAL_GEOMETRIC_LINE,1.0000,N/A
2026-09-05 23:21:43,1,UNNATURAL_GEOMETRIC_LINE,1.0000,N/A
2026-09-05 23:21:45,1,UNNATURAL_GEOMETRIC_LINE,1.0000,N/A
2026-09-05 23:21:46,1,UNNATURAL_GEOMETRIC_LINE,1.0000,N/A
2026-09-05 23:21:53,1,UNNATURAL_GEOMETRIC_LINE,1.0000,N/A
2026-09-05 23:21:56,1,UNNATURAL_GEOMETRIC_LINE,1.0000,N/A
2026-09-05 23:21:57,1,UNNATURAL_GEOMETRIC_LINE,1.0000,N/A
2026-09-05 23:21:58,1,UNNATURAL_GEOMETRIC_LINE,1.0000,N/A
2026-09-05 23:22:00,1,UNNATURAL_GEOMETRIC_LINE,1.0000,N/A
2026-09-05 23:22:05,1,UNNATURAL_GEOMETRIC_LINE,1.0000,N/A
2026-09-05 23:22:06,1,UNNATURAL_GEOMETRIC_LINE,1.0000,N/A
2026-09-05 23:22:09,1,UNNATURAL_GEOMETRIC_LINE,1.0000,N/A
2026-09-05 23:22:11,1,UNNATURAL_GEOMETRIC_LINE,1.0000,N/A
2026-09-05 23:22:12,1,UNNATURAL_GEOMETRIC_LINE,1.0000,N/A
2026-09-05 23:22:14,1,UNNATURAL_GEOMETRIC_LINE,1.0000,N/A
2026-09-05 23:22:17,1,UNNATURAL_GEOMETRIC_LINE,1.0000,N/A
2026-09-05 23:22:18,1,UNNATURAL_GEOMETRIC_LINE,1.0000,N/A
2026-09-05 23:22:19,1,UNNATURAL_GEOMETRIC_LINE,1.0000,N/A
2026-09-05 23:22:21,1,UNNATURAL_GEOMETRIC_LINE,1.0000,N/A
2026-09-05 23:22:22,1,UNNATURAL_GEOMETRIC_LINE,1.0000,N/A
2026-09-05 23:22:23,1,UNNATURAL_GEOMETRIC_LINE,1.0000,N/A
2026-09-05 23:22:26,1,UNNATURAL_GEOMETRIC_LINE,1.0000,N/A
2026-09-05 23:22:26,1,UNNATURAL_GEOMETRIC_LINE,1.0000,N/A
2026-09-05 23:22:31,1,UNNATURAL_GEOMETRIC_LINE,1.0000,N/A
2026-09-05 23:22:34,1,UNNATURAL_GEOMETRIC_LINE,1.0000,N/A
2026-09-05 23:22:35,1,UNNATURAL_GEOMETRIC_LINE,1.0000,N/A
2026-09-05 23:22:37,1,UNNATURAL_GEOMETRIC_LINE,1.0000,N/A
2026-09-05 23:22:38,1,UNNATURAL_GEOMETRIC_LINE,1.0000,N/A
2026-09-05 23:22:39,1,UNNATURAL_GEOMETRIC_LINE,1.0000,N/A
2026-09-05 23:22:42,1,UNNATURAL_GEOMETRIC_LINE,1.0000,N/A
2026-09-05 23:22:43,1,UNNATURAL_GEOMETRIC_LINE,1.0000,N/A
2026-09-05 23:22:43,1,MECHANICAL_LOCK_NO_TREMOR,1.0000,N/A
2026-09-05 23:22:48,1,UNNATURAL_GEOMETRIC_LINE,1.0000,N/A
2026-09-05 23:22:49,1,UNNATURAL_GEOMETRIC_LINE,1.0000,N/A
2026-09-05 23:22:52,1,UNNATURAL_GEOMETRIC_LINE,1.0000,N/A
2026-09-05 23:22:56,1,UNNATURAL_GEOMETRIC_LINE,1.0000,N/A
2026-09-05 23:22:56,1,UNNATURAL_GEOMETRIC_LINE,1.0000,N/A
2026-09-05 23:22:57,1,UNNATURAL_GEOMETRIC_LINE,1.0000,N/A
2026-09-05 23:23:00,1,UNNATURAL_GEOMETRIC_LINE,1.0000,N/A
2026-09-05 23:23:01,1,UNNATURAL_GEOMETRIC_LINE,1.0000,N/A
2026-09-05 23:23:10,1,UNNATURAL_GEOMETRIC_LINE,1.0000,N/A
2026-09-05 23:23:15,1,UNNATURAL_GEOMETRIC_LINE,1.0000,N/A
2026-09-05 23:23:16,1,UNNATURAL_GEOMETRIC_LINE,1.0000,N/A
2026-09-05 23:23:19,1,UNNATURAL_GEOMETRIC_LINE,1.0000,N/A
2026-09-05 23:23:19,1,UNNATURAL_GEOMETRIC_LINE,1.0000,N/A
2026-09-05 23:23:22,1,UNNATURAL_GEOMETRIC_LINE,1.0000,N/A
2026-09-05 23:23:24,1,UNNATURAL_GEOMETRIC_LINE,1.0000,N/A
2026-09-05 23:23:25,1,UNNATURAL_GEOMETRIC_LINE,1.0000,N/A
2026-09-05 23:23:26,1,MECHANICAL_LOCK_NO_TREMOR,1.0000,N/A
2026-09-05 23:23:31,1,UNNATURAL_GEOMETRIC_LINE,1.0000,N/A
2026-09-05 23:23:32,1,UNNATURAL_GEOMETRIC_LINE,1.0000,N/A
2026-09-05 23:23:33,1,UNNATURAL_GEOMETRIC_LINE,1.0000,N/A
2026-09-05 23:23:37,1,UNNATURAL_GEOMETRIC_LINE,1.0000,N/A
2026-09-05 23:23:40,1,UNNATURAL_GEOMETRIC_LINE,1.0000,N/A
2026-09-05 23:23:41,1,UNNATURAL_GEOMETRIC_LINE,1.0000,N/A
2026-09-05 23:23:41,1,MECHANICAL_LOCK_NO_TREMOR,1.0000,N/A
2026-09-05 23:23:44,1,UNNATURAL_GEOMETRIC_LINE,1.0000,N/A
2026-09-05 23:23:44,1,UNNATURAL_GEOMETRIC_LINE,1.0000,N/A
2026-09-05 23:23:46,1,UNNATURAL_GEOMETRIC_LINE,1.0000,N/A
2026-09-05 23:23:48,1,UNNATURAL_GEOMETRIC_LINE,1.0000,N/A
2026-09-05 23:23:49,1,UNNATURAL_GEOMETRIC_LINE,1.0000,N/A
2026-09-05 23:23:51,1,UNNATURAL_GEOMETRIC_LINE,1.0000,N/A
2026-09-05 23:23:56,1,UNNATURAL_GEOMETRIC_LINE,1.0000,N/A
2026-09-05 23:23:57,1,UNNATURAL_GEOMETRIC_LINE,1.0000,N/A
2026-09-05 23:24:01,1,UNNATURAL_GEOMETRIC_LINE,1.0000,N/A
2026-09-05 23:24:05,1,UNNATURAL_GEOMETRIC_LINE,1.0000,N/A
2026-09-05 23:24:06,1,UNNATURAL_GEOMETRIC_LINE,1.0000,N/A
2026-09-05 23:24:09,1,UNNATURAL_GEOMETRIC_LINE,1.0000,N/A
2026-09-05 23:24:11,1,UNNATURAL_GEOMETRIC_LINE,1.0000,N/A
2026-09-05 23:24:12,1,UNNATURAL_GEOMETRIC_LINE,1.0000,N/A
2026-09-05 23:24:13,1,UNNATURAL_GEOMETRIC_LINE,1.0000,N/A
2026-09-05 23:24:18,1,UNNATURAL_GEOMETRIC_LINE,1.0000,N/A
2026-09-05 23:24:20,1,UNNATURAL_GEOMETRIC_LINE,1.0000,N/A
2026-09-05 23:24:27,1,UNNATURAL_GEOMETRIC_LINE,1.0000,N/A
2026-09-05 23:24:28,1,UNNATURAL_GEOMETRIC_LINE,1.0000,N/A
2026-09-05 23:24:29,1,UNNATURAL_GEOMETRIC_LINE,1.0000,N/A
2026-09-05 23:24:32,1,UNNATURAL_GEOMETRIC_LINE,1.0000,N/A
2026-09-05 23:24:32,1,UNNATURAL_GEOMETRIC_LINE,1.0000,N/A
2026-09-05 23:24:40,1,UNNATURAL_GEOMETRIC_LINE,1.0000,N/A
2026-09-05 23:24:43,1,UNNATURAL_GEOMETRIC_LINE,1.0000,N/A
2026-09-05 23:24:45,1,UNNATURAL_GEOMETRIC_LINE,1.0000,N/A
2026-09-05 23:24:46,1,UNNATURAL_GEOMETRIC_LINE,1.0000,N/A
2026-09-05 23:24:48,1,UNNATURAL_GEOMETRIC_LINE,1.0000,N/A
2026-09-05 23:24:51,1,UNNATURAL_GEOMETRIC_LINE,1.0000,N/A
2026-09-05 23:24:53,1,UNNATURAL_GEOMETRIC_LINE,1.0000,N/A
2026-09-05 23:24:55,1,UNNATURAL_GEOMETRIC_LINE,1.0000,N/A
2026-09-05 23:24:56,1,UNNATURAL_GEOMETRIC_LINE,1.0000,N/A
2026-09-05 23:24:57,1,UNNATURAL_GEOMETRIC_LINE,1.0000,N/A
2026-09-05 23:25:03,1,UNNATURAL_GEOMETRIC_LINE,1.0000,N/A
2026-09-05 23:25:03,1,UNNATURAL_GEOMETRIC_LINE,1.0000,N/A
2026-09-05 23:25:10,1,UNNATURAL_GEOMETRIC_LINE,1.0000,N/A
2026-09-05 23:25:12,1,UNNATURAL_GEOMETRIC_LINE,1.0000,N/A
2026-09-05 23:25:13,1,UNNATURAL_GEOMETRIC_LINE,1.0000,N/A
2026-09-05 23:25:18,1,UNNATURAL_GEOMETRIC_LINE,1.0000,N/A
2026-09-05 23:25:20,1,UNNATURAL_GEOMETRIC_LINE,1.0000,N/A
2026-09-05 23:25:20,1,UNNATURAL_GEOMETRIC_LINE,1.0000,N/A
2026-09-05 23:25:24,1,UNNATURAL_GEOMETRIC_LINE,1.0000,N/A
2026-09-05 23:25:27,1,UNNATURAL_GEOMETRIC_LINE,1.0000,N/A
2026-09-05 23:25:35,1,UNNATURAL_GEOMETRIC_LINE,1.0000,N/A
2026-09-05 23:25:39,1,UNNATURAL_GEOMETRIC_LINE,1.0000,N/A
2026-09-05 23:25:40,1,UNNATURAL_GEOMETRIC_LINE,1.0000,N/A
2026-09-05 23:25:47,1,UNNATURAL_GEOMETRIC_LINE,1.0000,N/A
2026-09-05 23:25:51,1,UNNATURAL_GEOMETRIC_LINE,1.0000,N/A
2026-09-05 23:25:52,1,UNNATURAL_GEOMETRIC_LINE,1.0000,N/A
2026-09-05 23:25:53,1,UNNATURAL_GEOMETRIC_LINE,1.0000,N/A
2026-09-05 23:25:58,1,UNNATURAL_GEOMETRIC_LINE,1.0000,N/A
2026-09-05 23:26:02,1,UNNATURAL_GEOMETRIC_LINE,1.0000,N/A
2026-09-05 23:26:04,1,UNNATURAL_GEOMETRIC_LINE,1.0000,N/A
2026-09-05 23:26:06,1,UNNATURAL_GEOMETRIC_LINE,1.0000,N/A
2026-09-05 23:26:07,1,UNNATURAL_GEOMETRIC_LINE,1.0000,N/A
2026-09-05 23:26:12,1,UNNATURAL_GEOMETRIC_LINE,1.0000,N/A
2026-09-05 23:26:14,1,UNNATURAL_GEOMETRIC_LINE,1.0000,N/A
2026-09-05 23:26:15,1,UNNATURAL_GEOMETRIC_LINE,1.0000,N/A
2026-09-05 23:26:17,1,UNNATURAL_GEOMETRIC_LINE,1.0000,N/A
2026-09-05 23:26:19,1,UNNATURAL_GEOMETRIC_LINE,1.0000,N/A
2026-09-05 23:26:20,1,UNNATURAL_GEOMETRIC_LINE,1.0000,N/A
2026-09-05 23:26:23,1,UNNATURAL_GEOMETRIC_LINE,1.0000,N/A
2026-09-05 23:26:26,1,UNNATURAL_GEOMETRIC_LINE,1.0000,N/A
2026-09-05 23:26:27,1,UNNATURAL_GEOMETRIC_LINE,1.0000,N/A
2026-09-05 23:26:31,1,UNNATURAL_GEOMETRIC_LINE,1.0000,N/A
2026-09-05 23:26:34,1,UNNATURAL_GEOMETRIC_LINE,1.0000,N/A
2026-09-05 23:26:36,1,UNNATURAL_GEOMETRIC_LINE,1.0000,N/A
2026-09-05 23:26:38,1,UNNATURAL_GEOMETRIC_LINE,1.0000,N/A
2026-09-05 23:26:40,1,UNNATURAL_GEOMETRIC_LINE,1.0000,N/A
2026-09-05 23:26:41,1,UNNATURAL_GEOMETRIC_LINE,1.0000,N/A
2026-09-05 23:26:43,1,UNNATURAL_GEOMETRIC_LINE,1.0000,N/A
2026-09-05 23:26:45,1,UNNATURAL_GEOMETRIC_LINE,1.0000,N/A
2026-09-05 23:26:46,1,UNNATURAL_GEOMETRIC_LINE,1.0000,N/A
2026-09-05 23:26:50,1,UNNATURAL_GEOMETRIC_LINE,1.0000,N/A
2026-09-05 23:26:55,1,UNNATURAL_GEOMETRIC_LINE,1.0000,N/A
2026-09-05 23:26:56,1,UNNATURAL_GEOMETRIC_LINE,1.0000,N/A
2026-09-05 23:26:57,1,UNNATURAL_GEOMETRIC_LINE,1.0000,N/A
2026-09-05 23:27:02,1,UNNATURAL_GEOMETRIC_LINE,1.0000,N/A
2026-09-05 23:27:03,1,UNNATURAL_GEOMETRIC_LINE,1.0000,N/A
2026-09-05 23:27:05,1,UNNATURAL_GEOMETRIC_LINE,1.0000,N/A
2026-09-05 23:27:06,1,UNNATURAL_GEOMETRIC_LINE,1.0000,N/A
2026-09-05 23:27:08,1,UNNATURAL_GEOMETRIC_LINE,1.0000,N/A
2026-09-05 23:27:10,1,UNNATURAL_GEOMETRIC_LINE,1.0000,N/A
2026-09-05 23:27:11,1,UNNATURAL_GEOMETRIC_LINE,1.0000,N/A
2026-09-05 23:27:13,1,UNNATURAL_GEOMETRIC_LINE,1.0000,N/A
2026-09-05 23:27:15,1,UNNATURAL_GEOMETRIC_LINE,1.0000,N/A
2026-09-05 23:27:16,1,UNNATURAL_GEOMETRIC_LINE,1.0000,N/A
2026-09-05 23:27:25,1,UNNATURAL_GEOMETRIC_LINE,1.0000,N/A
2026-09-05 23:27:27,1,UNNATURAL_GEOMETRIC_LINE,1.0000,N/A
2026-09-05 23:27:28,1,UNNATURAL_GEOMETRIC_LINE,1.0000,N/A
2026-09-05 23:27:30,1,UNNATURAL_GEOMETRIC_LINE,1.0000,N/A
2026-09-05 23:27:32,1,UNNATURAL_GEOMETRIC_LINE,1.0000,N/A
2026-09-05 23:27:33,1,UNNATURAL_GEOMETRIC_LINE,1.0000,N/A
2026-09-05 23:27:35,1,UNNATURAL_GEOMETRIC_LINE,1.0000,N/A
2026-09-05 23:27:37,1,UNNATURAL_GEOMETRIC_LINE,1.0000,N/A
2026-09-05 23:27:38,1,UNNATURAL_GEOMETRIC_LINE,1.0000,N/A
2026-09-05 23:27:42,1,UNNATURAL_GEOMETRIC_LINE,1.0000,N/A
2026-09-05 23:27:50,1,UNNATURAL_GEOMETRIC_LINE,1.0000,N/A
2026-09-05 23:27:53,1,UNNATURAL_GEOMETRIC_LINE,1.0000,N/A
2026-09-05 23:27:53,1,UNNATURAL_GEOMETRIC_LINE,1.0000,N/A
2026-09-05 23:28:05,1,UNNATURAL_GEOMETRIC_LINE,1.0000,N/A
2026-09-05 23:28:07,1,UNNATURAL_GEOMETRIC_LINE,1.0000,N/A
2026-09-05 23:28:08,1,UNNATURAL_GEOMETRIC_LINE,1.0000,N/A
2026-09-05 23:28:10,1,UNNATURAL_GEOMETRIC_LINE,1.0000,N/A
2026-09-05 23:28:13,1,UNNATURAL_GEOMETRIC_LINE,1.0000,N/A
2026-09-05 23:28:13,1,UNNATURAL_GEOMETRIC_LINE,1.0000,N/A
2026-09-05 23:28:15,1,UNNATURAL_GEOMETRIC_LINE,1.0000,N/A
2026-09-05 23:28:17,1,UNNATURAL_GEOMETRIC_LINE,1.0000,N/A
2026-09-05 23:28:18,1,UNNATURAL_GEOMETRIC_LINE,1.0000,N/A
2026-09-05 23:28:23,1,UNNATURAL_GEOMETRIC_LINE,1.0000,N/A
2026-09-05 23:28:26,1,UNNATURAL_GEOMETRIC_LINE,1.0000,N/A
2026-09-05 23:28:27,1,UNNATURAL_GEOMETRIC_LINE,1.0000,N/A
2026-09-05 23:28:31,1,UNNATURAL_GEOMETRIC_LINE,1.0000,N/A
2026-09-05 23:28:33,1,UNNATURAL_GEOMETRIC_LINE,1.0000,N/A
2026-09-05 23:28:35,1,UNNATURAL_GEOMETRIC_LINE,1.0000,N/A
2026-09-05 23:28:36,1,UNNATURAL_GEOMETRIC_LINE,1.0000,N/A
2026-09-05 23:28:43,1,UNNATURAL_GEOMETRIC_LINE,1.0000,N/A
2026-09-05 23:28:46,1,UNNATURAL_GEOMETRIC_LINE,1.0000,N/A
2026-09-05 23:28:46,1,UNNATURAL_GEOMETRIC_LINE,1.0000,N/A
2026-09-05 23:28:51,1,UNNATURAL_GEOMETRIC_LINE,1.0000,N/A
2026-09-05 23:28:53,1,UNNATURAL_GEOMETRIC_LINE,1.0000,N/A
2026-09-05 23:28:54,1,UNNATURAL_GEOMETRIC_LINE,1.0000,N/A
2026-09-05 23:28:57,1,UNNATURAL_GEOMETRIC_LINE,1.0000,N/A
2026-09-05 23:29:00,1,UNNATURAL_GEOMETRIC_LINE,1.0000,N/A
2026-09-05 23:29:01,1,UNNATURAL_GEOMETRIC_LINE,1.0000,N/A
2026-09-05 23:29:06,1,UNNATURAL_GEOMETRIC_LINE,1.0000,N/A
2026-09-05 23:29:08,1,UNNATURAL_GEOMETRIC_LINE,1.0000,N/A
2026-09-05 23:29:09,1,UNNATURAL_GEOMETRIC_LINE,1.0000,N/A
2026-09-05 23:29:10,1,UNNATURAL_GEOMETRIC_LINE,1.0000,N/A
2026-09-05 23:29:13,1,UNNATURAL_GEOMETRIC_LINE,1.0000,N/A
2026-09-05 23:29:13,1,UNNATURAL_GEOMETRIC_LINE,1.0000,N/A
2026-09-05 23:29:22,1,UNNATURAL_GEOMETRIC_LINE,1.0000,N/A
2026-09-05 23:29:24,1,UNNATURAL_GEOMETRIC_LINE,1.0000,N/A
2026-09-05 23:29:25,1,UNNATURAL_GEOMETRIC_LINE,1.0000,N/A
2026-09-05 23:29:35,1,UNNATURAL_GEOMETRIC_LINE,1.0000,N/A
2026-09-05 23:29:38,1,UNNATURAL_GEOMETRIC_LINE,1.0000,N/A
2026-09-05 23:29:38,1,UNNATURAL_GEOMETRIC_LINE,1.0000,N/A
2026-09-05 23:29:42,1,UNNATURAL_GEOMETRIC_LINE,1.0000,N/A
2026-09-05 23:29:49,1,UNNATURAL_GEOMETRIC_LINE,1.0000,N/A
2026-09-05 23:29:51,1,UNNATURAL_GEOMETRIC_LINE,1.0000,N/A
2026-09-05 23:29:56,1,UNNATURAL_GEOMETRIC_LINE,1.0000,N/A
2026-09-05 23:29:57,1,UNNATURAL_GEOMETRIC_LINE,1.0000,N/A
2026-09-05 23:30:01,1,UNNATURAL_GEOMETRIC_LINE,1.0000,N/A
2026-09-05 23:30:04,1,UNNATURAL_GEOMETRIC_LINE,1.0000,N/A
2026-09-05 23:30:04,1,UNNATURAL_GEOMETRIC_LINE,1.0000,N/A
2026-09-05 23:30:06,1,UNNATURAL_GEOMETRIC_LINE,1.0000,N/A
2026-09-05 23:30:08,1,UNNATURAL_GEOMETRIC_LINE,1.0000,N/A
2026-09-05 23:30:09,1,UNNATURAL_GEOMETRIC_LINE,1.0000,N/A
2026-09-05 23:30:10,1,UNNATURAL_GEOMETRIC_LINE,1.0000,N/A
2026-09-05 23:30:12,1,UNNATURAL_GEOMETRIC_LINE,1.0000,N/A
2026-09-05 23:30:13,1,UNNATURAL_GEOMETRIC_LINE,1.0000,N/A
2026-09-05 23:30:16,1,UNNATURAL_GEOMETRIC_LINE,1.0000,N/A
2026-09-05 23:30:20,1,UNNATURAL_GEOMETRIC_LINE,1.0000,N/A
2026-09-05 23:30:21,1,UNNATURAL_GEOMETRIC_LINE,1.0000,N/A
2026-09-05 23:30:24,1,UNNATURAL_GEOMETRIC_LINE,1.0000,N/A
2026-09-05 23:30:26,1,UNNATURAL_GEOMETRIC_LINE,1.0000,N/A
2026-09-05 23:30:27,1,UNNATURAL_GEOMETRIC_LINE,1.0000,N/A
2026-09-05 23:30:29,1,UNNATURAL_GEOMETRIC_LINE,1.0000,N/A
2026-09-05 23:30:34,1,UNNATURAL_GEOMETRIC_LINE,1.0000,N/A
2026-09-05 23:30:34,1,UNNATURAL_GEOMETRIC_LINE,1.0000,N/A
2026-09-05 23:30:39,1,UNNATURAL_GEOMETRIC_LINE,1.0000,N/A
2026-09-05 23:30:45,1,UNNATURAL_GEOMETRIC_LINE,1.0000,N/A
2026-09-05 23:30:50,1,UNNATURAL_GEOMETRIC_LINE,1.0000,N/A
2026-09-05 23:30:55,1,UNNATURAL_GEOMETRIC_LINE,1.0000,N/A
2026-09-05 23:30:55,1,UNNATURAL_GEOMETRIC_LINE,1.0000,N/A
2026-09-05 23:30:57,1,UNNATURAL_GEOMETRIC_LINE,1.0000,N/A
2026-09-05 23:30:59,1,UNNATURAL_GEOMETRIC_LINE,1.0000,N/A
2026-09-05 23:31:00,1,UNNATURAL_GEOMETRIC_LINE,1.0000,N/A
2026-09-05 23:31:05,1,UNNATURAL_GEOMETRIC_LINE,1.0000,N/A
2026-09-05 23:31:09,1,UNNATURAL_GEOMETRIC_LINE,1.0000,N/A
2026-09-05 23:31:10,1,UNNATURAL_GEOMETRIC_LINE,1.0000,N/A
2026-09-05 23:31:14,1,UNNATURAL_GEOMETRIC_LINE,1.0000,N/A
2026-09-05 23:31:16,1,UNNATURAL_GEOMETRIC_LINE,1.0000,N/A
2026-09-05 23:31:17,1,UNNATURAL_GEOMETRIC_LINE,1.0000,N/A
2026-09-05 23:31:22,1,UNNATURAL_GEOMETRIC_LINE,1.0000,N/A
2026-09-05 23:31:27,1,UNNATURAL_GEOMETRIC_LINE,1.0000,N/A
2026-09-05 23:31:28,1,UNNATURAL_GEOMETRIC_LINE,1.0000,N/A
2026-09-05 23:31:30,1,UNNATURAL_GEOMETRIC_LINE,1.0000,N/A
2026-09-05 23:31:34,1,UNNATURAL_GEOMETRIC_LINE,1.0000,N/A
2026-09-05 23:31:35,1,UNNATURAL_GEOMETRIC_LINE,1.0000,N/A
2026-09-05 23:31:37,1,UNNATURAL_GEOMETRIC_LINE,1.0000,N/A
2026-09-05 23:31:40,1,UNNATURAL_GEOMETRIC_LINE,1.0000,N/A
2026-09-05 23:31:40,1,UNNATURAL_GEOMETRIC_LINE,1.0000,N/A
2026-09-05 23:31:46,1,UNNATURAL_GEOMETRIC_LINE,1.0000,N/A
2026-09-05 23:31:51,1,UNNATURAL_GEOMETRIC_LINE,1.0000,N/A
2026-09-05 23:31:51,1,UNNATURAL_GEOMETRIC_LINE,1.0000,N/A
2026-09-05 23:31:53,1,UNNATURAL_GEOMETRIC_LINE,1.0000,N/A
2026-09-05 23:31:55,1,UNNATURAL_GEOMETRIC_LINE,1.0000,N/A
2026-09-05 23:32:03,1,UNNATURAL_GEOMETRIC_LINE,1.0000,N/A
2026-09-05 23:32:05,1,UNNATURAL_GEOMETRIC_LINE,1.0000,N/A
2026-09-05 23:32:06,1,UNNATURAL_GEOMETRIC_LINE,1.0000,N/A
2026-09-05 23:32:07,1,UNNATURAL_GEOMETRIC_LINE,1.0000,N/A
2026-09-05 23:32:10,1,UNNATURAL_GEOMETRIC_LINE,1.0000,N/A
2026-09-05 23:32:11,1,UNNATURAL_GEOMETRIC_LINE,1.0000,N/A
2026-09-05 23:32:14,1,UNNATURAL_GEOMETRIC_LINE,1.0000,N/A
2026-09-05 23:32:16,1,UNNATURAL_GEOMETRIC_LINE,1.0000,N/A
2026-09-05 23:32:17,1,UNNATURAL_GEOMETRIC_LINE,1.0000,N/A
2026-09-05 23:32:20,1,UNNATURAL_GEOMETRIC_LINE,1.0000,N/A
2026-09-05 23:32:22,1,UNNATURAL_GEOMETRIC_LINE,1.0000,N/A
2026-09-05 23:32:23,1,UNNATURAL_GEOMETRIC_LINE,1.0000,N/A
2026-09-05 23:32:25,1,UNNATURAL_GEOMETRIC_LINE,1.0000,N/A
2026-09-05 23:32:27,1,UNNATURAL_GEOMETRIC_LINE,1.0000,N/A
2026-09-05 23:32:28,1,UNNATURAL_GEOMETRIC_LINE,1.0000,N/A
2026-09-05 23:32:29,1,UNNATURAL_GEOMETRIC_LINE,1.0000,N/A
2026-09-05 23:32:33,1,UNNATURAL_GEOMETRIC_LINE,1.0000,N/A
2026-09-05 23:32:33,1,UNNATURAL_GEOMETRIC_LINE,1.0000,N/A
2026-09-05 23:32:36,1,UNNATURAL_GEOMETRIC_LINE,1.0000,N/A
2026-09-05 23:32:38,1,UNNATURAL_GEOMETRIC_LINE,1.0000,N/A
2026-09-05 23:32:39,1,UNNATURAL_GEOMETRIC_LINE,1.0000,N/A
2026-09-05 23:32:40,1,UNNATURAL_GEOMETRIC_LINE,1.0000,N/A
2026-09-05 23:32:42,1,UNNATURAL_GEOMETRIC_LINE,1.0000,N/A
2026-09-05 23:32:45,1,UNNATURAL_GEOMETRIC_LINE,1.0000,N/A
2026-09-05 23:32:47,1,UNNATURAL_GEOMETRIC_LINE,1.0000,N/A
2026-09-05 23:32:48,1,UNNATURAL_GEOMETRIC_LINE,1.0000,N/A
2026-09-05 23:32:51,1,UNNATURAL_GEOMETRIC_LINE,1.0000,N/A
2026-09-05 23:32:53,1,UNNATURAL_GEOMETRIC_LINE,1.0000,N/A
2026-09-05 23:32:54,1,UNNATURAL_GEOMETRIC_LINE,1.0000,N/A
2026-09-05 23:32:55,1,UNNATURAL_GEOMETRIC_LINE,1.0000,N/A
2026-09-05 23:32:57,1,UNNATURAL_GEOMETRIC_LINE,1.0000,N/A
2026-09-05 23:32:58,1,UNNATURAL_GEOMETRIC_LINE,1.0000,N/A
2026-09-05 23:33:00,1,UNNATURAL_GEOMETRIC_LINE,1.0000,N/A
2026-09-05 23:33:02,1,UNNATURAL_GEOMETRIC_LINE,1.0000,N/A
2026-09-05 23:33:03,1,UNNATURAL_GEOMETRIC_LINE,1.0000,N/A
2026-09-05 23:33:06,1,UNNATURAL_GEOMETRIC_LINE,1.0000,N/A
2026-09-05 23:33:09,1,UNNATURAL_GEOMETRIC_LINE,1.0000,N/A
2026-09-05 23:33:10,1,UNNATURAL_GEOMETRIC_LINE,1.0000,N/A
2026-09-05 23:33:13,1,UNNATURAL_GEOMETRIC_LINE,1.0000,N/A
2026-09-05 23:33:16,1,UNNATURAL_GEOMETRIC_LINE,1.0000,N/A
2026-09-05 23:33:18,1,UNNATURAL_GEOMETRIC_LINE,1.0000,N/A
2026-09-05 23:33:19,1,UNNATURAL_GEOMETRIC_LINE,1.0000,N/A
2026-09-05 23:33:20,1,UNNATURAL_GEOMETRIC_LINE,1.0000,N/A
2026-09-05 23:33:22,1,UNNATURAL_GEOMETRIC_LINE,1.0000,N/A
2026-09-05 23:33:23,1,UNNATURAL_GEOMETRIC_LINE,1.0000,N/A
2026-09-05 23:33:24,1,UNNATURAL_GEOMETRIC_LINE,1.0000,N/A
2026-09-05 23:33:26,1,UNNATURAL_GEOMETRIC_LINE,1.0000,N/A
2026-09-05 23:33:27,1,UNNATURAL_GEOMETRIC_LINE,1.0000,N/A
2026-09-05 23:33:31,1,UNNATURAL_GEOMETRIC_LINE,1.0000,N/A
2026-09-05 23:33:34,1,UNNATURAL_GEOMETRIC_LINE,1.0000,N/A
2026-09-05 23:33:34,1,UNNATURAL_GEOMETRIC_LINE,1.0000,N/A
2026-09-05 23:33:35,1,UNNATURAL_GEOMETRIC_LINE,1.0000,N/A
2026-09-05 23:33:39,1,UNNATURAL_GEOMETRIC_LINE,1.0000,N/A
2026-09-05 23:33:42,1,UNNATURAL_GEOMETRIC_LINE,1.0000,N/A
2026-09-05 23:33:44,1,UNNATURAL_GEOMETRIC_LINE,1.0000,N/A
2026-09-05 23:33:45,1,UNNATURAL_GEOMETRIC_LINE,1.0000,N/A
2026-09-05 23:33:46,1,UNNATURAL_GEOMETRIC_LINE,1.0000,N/A
2026-09-05 23:33:49,1,UNNATURAL_GEOMETRIC_LINE,1.0000,N/A
2026-09-05 23:33:50,1,UNNATURAL_GEOMETRIC_LINE,1.0000,N/A
2026-09-05 23:33:53,1,UNNATURAL_GEOMETRIC_LINE,1.0000,N/A
2026-09-05 23:33:55,1,UNNATURAL_GEOMETRIC_LINE,1.0000,N/A
2026-09-05 23:33:56,1,UNNATURAL_GEOMETRIC_LINE,1.0000,N/A
2026-09-05 23:33:57,1,UNNATURAL_GEOMETRIC_LINE,1.0000,N/A
2026-09-05 23:34:02,1,UNNATURAL_GEOMETRIC_LINE,1.0000,N/A
2026-09-05 23:34:03,1,UNNATURAL_GEOMETRIC_LINE,1.0000,N/A
2026-09-05 23:34:04,1,UNNATURAL_GEOMETRIC_LINE,1.0000,N/A
2026-09-05 23:34:12,1,UNNATURAL_GEOMETRIC_LINE,1.0000,N/A
2026-09-05 23:34:13,1,UNNATURAL_GEOMETRIC_LINE,1.0000,N/A
2026-09-05 23:34:15,1,UNNATURAL_GEOMETRIC_LINE,1.0000,N/A
2026-09-05 23:34:19,1,UNNATURAL_GEOMETRIC_LINE,1.0000,N/A
2026-09-05 23:34:20,1,UNNATURAL_GEOMETRIC_LINE,1.0000,N/A
2026-09-05 23:34:22,1,UNNATURAL_GEOMETRIC_LINE,1.0000,N/A
2026-09-05 23:34:25,1,UNNATURAL_GEOMETRIC_LINE,1.0000,N/A
2026-09-05 23:34:26,1,UNNATURAL_GEOMETRIC_LINE,1.0000,N/A
2026-09-05 23:34:29,1,UNNATURAL_GEOMETRIC_LINE,1.0000,N/A
2026-09-05 23:34:32,1,UNNATURAL_GEOMETRIC_LINE,1.0000,N/A
2026-09-05 23:34:33,1,UNNATURAL_GEOMETRIC_LINE,1.0000,N/A
2026-09-05 23:34:34,1,MECHANICAL_LOCK_NO_TREMOR,1.0000,N/A
2026-09-05 23:34:36,1,UNNATURAL_GEOMETRIC_LINE,1.0000,N/A
2026-09-05 23:34:37,1,UNNATURAL_GEOMETRIC_LINE,1.0000,N/A
2026-09-05 23:34:39,1,UNNATURAL_GEOMETRIC_LINE,1.0000,N/A
2026-09-05 23:34:41,1,UNNATURAL_GEOMETRIC_LINE,1.0000,N/A
2026-09-05 23:34:42,1,UNNATURAL_GEOMETRIC_LINE,1.0000,N/A
2026-09-05 23:34:45,1,UNNATURAL_GEOMETRIC_LINE,1.0000,N/A
2026-09-05 23:34:47,1,UNNATURAL_GEOMETRIC_LINE,1.0000,N/A
2026-09-05 23:34:48,1,UNNATURAL_GEOMETRIC_LINE,1.0000,N/A
2026-09-05 23:34:49,1,UNNATURAL_GEOMETRIC_LINE,1.0000,N/A
2026-09-05 23:34:51,1,UNNATURAL_GEOMETRIC_LINE,1.0000,N/A
2026-09-05 23:34:54,1,UNNATURAL_GEOMETRIC_LINE,1.0000,N/A
2026-09-05 23:34:55,1,UNNATURAL_GEOMETRIC_LINE,1.0000,N/A
2026-09-05 23:34:56,1,UNNATURAL_GEOMETRIC_LINE,1.0000,N/A
2026-09-05 23:34:59,1,UNNATURAL_GEOMETRIC_LINE,1.0000,N/A
2026-09-05 23:35:02,1,UNNATURAL_GEOMETRIC_LINE,1.0000,N/A
2026-09-05 23:35:04,1,UNNATURAL_GEOMETRIC_LINE,1.0000,N/A
2026-09-05 23:35:05,1,UNNATURAL_GEOMETRIC_LINE,1.0000,N/A
2026-09-05 23:35:07,1,UNNATURAL_GEOMETRIC_LINE,1.0000,N/A
2026-09-05 23:35:10,1,UNNATURAL_GEOMETRIC_LINE,1.0000,N/A
2026-09-05 23:35:11,1,UNNATURAL_GEOMETRIC_LINE,1.0000,N/A
2026-09-05 23:35:12,1,UNNATURAL_GEOMETRIC_LINE,1.0000,N/A
2026-09-05 23:35:14,1,UNNATURAL_GEOMETRIC_LINE,1.0000,N/A
2026-09-05 23:35:15,1,UNNATURAL_GEOMETRIC_LINE,1.0000,N/A
2026-09-05 23:35:18,1,UNNATURAL_GEOMETRIC_LINE,1.0000,N/A
2026-09-05 23:35:24,1,UNNATURAL_GEOMETRIC_LINE,1.0000,N/A
2026-09-05 23:35:25,1,UNNATURAL_GEOMETRIC_LINE,1.0000,N/A
2026-09-05 23:35:27,1,UNNATURAL_GEOMETRIC_LINE,1.0000,N/A
2026-09-05 23:35:30,1,UNNATURAL_GEOMETRIC_LINE,1.0000,N/A
2026-09-05 23:35:31,1,UNNATURAL_GEOMETRIC_LINE,1.0000,N/A
2026-09-05 23:35:32,1,UNNATURAL_GEOMETRIC_LINE,1.0000,N/A
2026-09-05 23:35:35,1,UNNATURAL_GEOMETRIC_LINE,1.0000,N/A
2026-09-05 23:35:39,1,UNNATURAL_GEOMETRIC_LINE,1.0000,N/A
2026-09-05 23:35:41,1,UNNATURAL_GEOMETRIC_LINE,1.0000,N/A
2026-09-05 23:35:42,1,UNNATURAL_GEOMETRIC_LINE,1.0000,N/A
2026-09-05 23:35:44,1,UNNATURAL_GEOMETRIC_LINE,1.0000,N/A
2026-09-05 23:35:54,1,UNNATURAL_GEOMETRIC_LINE,1.0000,N/A
2026-09-05 23:35:55,1,UNNATURAL_GEOMETRIC_LINE,1.0000,N/A
2026-09-05 23:35:58,1,UNNATURAL_GEOMETRIC_LINE,1.0000,N/A
2026-09-05 23:36:01,1,UNNATURAL_GEOMETRIC_LINE,1.0000,N/A
2026-09-05 23:36:02,1,UNNATURAL_GEOMETRIC_LINE,1.0000,N/A
2026-09-05 23:36:05,1,UNNATURAL_GEOMETRIC_LINE,1.0000,N/A
2026-09-05 23:36:07,1,UNNATURAL_GEOMETRIC_LINE,1.0000,N/A
2026-09-05 23:36:08,1,UNNATURAL_GEOMETRIC_LINE,1.0000,N/A
2026-09-05 23:36:11,1,UNNATURAL_GEOMETRIC_LINE,1.0000,N/A
2026-09-05 23:36:14,1,UNNATURAL_GEOMETRIC_LINE,1.0000,N/A
2026-09-05 23:36:19,1,UNNATURAL_GEOMETRIC_LINE,1.0000,N/A
2026-09-05 23:36:20,1,UNNATURAL_GEOMETRIC_LINE,1.0000,N/A
2026-09-05 23:36:22,1,UNNATURAL_GEOMETRIC_LINE,1.0000,N/A
2026-09-05 23:36:27,1,UNNATURAL_GEOMETRIC_LINE,1.0000,N/A
2026-09-05 23:36:28,1,UNNATURAL_GEOMETRIC_LINE,1.0000,N/A
2026-09-05 23:36:29,1,UNNATURAL_GEOMETRIC_LINE,1.0000,N/A
2026-09-05 23:36:32,1,UNNATURAL_GEOMETRIC_LINE,1.0000,N/A
2026-09-05 23:36:33,1,UNNATURAL_GEOMETRIC_LINE,1.0000,N/A
2026-09-05 23:36:39,1,UNNATURAL_GEOMETRIC_LINE,1.0000,N/A
2026-09-05 23:36:42,1,UNNATURAL_GEOMETRIC_LINE,1.0000,N/A
2026-09-05 23:36:45,1,UNNATURAL_GEOMETRIC_LINE,1.0000,N/A
2026-09-05 23:36:47,1,UNNATURAL_GEOMETRIC_LINE,1.0000,N/A
2026-09-05 23:36:48,1,UNNATURAL_GEOMETRIC_LINE,1.0000,N/A
2026-09-05 23:36:50,1,UNNATURAL_GEOMETRIC_LINE,1.0000,N/A
2026-09-05 23:36:54,1,UNNATURAL_GEOMETRIC_LINE,1.0000,N/A
2026-09-05 23:36:57,1,UNNATURAL_GEOMETRIC_LINE,1.0000,N/A
2026-09-05 23:37:00,1,UNNATURAL_GEOMETRIC_LINE,1.0000,N/A
2026-09-05 23:37:04,1,UNNATURAL_GEOMETRIC_LINE,1.0000,N/A
2026-09-05 23:37:06,1,UNNATURAL_GEOMETRIC_LINE,1.0000,N/A
2026-09-05 23:37:07,1,UNNATURAL_GEOMETRIC_LINE,1.0000,N/A
2026-09-05 23:37:20,1,UNNATURAL_GEOMETRIC_LINE,1.0000,N/A
2026-09-05 23:37:25,1,UNNATURAL_GEOMETRIC_LINE,1.0000,N/A
2026-09-05 23:37:26,1,UNNATURAL_GEOMETRIC_LINE,1.0000,N/A
2026-09-05 23:37:29,1,UNNATURAL_GEOMETRIC_LINE,1.0000,N/A
2026-09-05 23:37:32,1,UNNATURAL_GEOMETRIC_LINE,1.0000,N/A
2026-09-05 23:37:38,1,UNNATURAL_GEOMETRIC_LINE,1.0000,N/A
2026-09-05 23:37:40,1,UNNATURAL_GEOMETRIC_LINE,1.0000,N/A
2026-09-05 23:37:41,1,UNNATURAL_GEOMETRIC_LINE,1.0000,N/A
2026-09-05 23:37:44,1,UNNATURAL_GEOMETRIC_LINE,1.0000,N/A
2026-09-05 23:37:49,1,UNNATURAL_GEOMETRIC_LINE,1.0000,N/A
2026-09-05 23:37:50,1,UNNATURAL_GEOMETRIC_LINE,1.0000,N/A
2026-09-05 23:37:53,1,UNNATURAL_GEOMETRIC_LINE,1.0000,N/A
2026-09-05 23:37:58,1,UNNATURAL_GEOMETRIC_LINE,1.0000,N/A
2026-09-05 23:37:58,1,UNNATURAL_GEOMETRIC_LINE,1.0000,N/A
2026-09-05 23:38:00,1,UNNATURAL_GEOMETRIC_LINE,1.0000,N/A
2026-09-05 23:38:03,1,UNNATURAL_GEOMETRIC_LINE,1.0000,N/A
2026-09-05 23:38:03,1,UNNATURAL_GEOMETRIC_LINE,1.0000,N/A
2026-09-05 23:38:05,1,UNNATURAL_GEOMETRIC_LINE,1.0000,N/A
2026-09-05 23:38:08,1,UNNATURAL_GEOMETRIC_LINE,1.0000,N/A
2026-09-05 23:38:09,1,UNNATURAL_GEOMETRIC_LINE,1.0000,N/A
2026-09-05 23:38:11,1,UNNATURAL_GEOMETRIC_LINE,1.0000,N/A
2026-09-05 23:38:13,1,UNNATURAL_GEOMETRIC_LINE,1.0000,N/A
2026-09-05 23:38:14,1,UNNATURAL_GEOMETRIC_LINE,1.0000,N/A
2026-09-05 23:38:16,1,UNNATURAL_GEOMETRIC_LINE,1.0000,N/A
2026-09-05 23:38:18,1,UNNATURAL_GEOMETRIC_LINE,1.0000,N/A
2026-09-05 23:38:19,1,UNNATURAL_GEOMETRIC_LINE,1.0000,N/A
2026-09-05 23:38:21,1,UNNATURAL_GEOMETRIC_LINE,1.0000,N/A
2026-09-05 23:38:26,1,UNNATURAL_GEOMETRIC_LINE,1.0000,N/A
2026-09-05 23:38:27,1,UNNATURAL_GEOMETRIC_LINE,1.0000,N/A
2026-09-05 23:38:30,1,UNNATURAL_GEOMETRIC_LINE,1.0000,N/A
2026-09-05 23:38:34,1,UNNATURAL_GEOMETRIC_LINE,1.0000,N/A
2026-09-05 23:38:35,1,UNNATURAL_GEOMETRIC_LINE,1.0000,N/A
2026-09-05 23:38:40,1,UNNATURAL_GEOMETRIC_LINE,1.0000,N/A
2026-09-05 23:38:48,1,UNNATURAL_GEOMETRIC_LINE,1.0000,N/A
2026-09-05 23:38:51,1,UNNATURAL_GEOMETRIC_LINE,1.0000,N/A
2026-09-05 23:38:52,1,UNNATURAL_GEOMETRIC_LINE,1.0000,N/A
2026-09-05 23:38:54,1,UNNATURAL_GEOMETRIC_LINE,1.0000,N/A
2026-09-05 23:38:55,1,UNNATURAL_GEOMETRIC_LINE,1.0000,N/A
2026-09-05 23:38:59,1,UNNATURAL_GEOMETRIC_LINE,1.0000,N/A
2026-09-05 23:39:03,1,UNNATURAL_GEOMETRIC_LINE,1.0000,N/A
2026-09-05 23:39:05,1,UNNATURAL_GEOMETRIC_LINE,1.0000,N/A
2026-09-05 23:39:08,1,UNNATURAL_GEOMETRIC_LINE,1.0000,N/A
2026-09-05 23:39:09,1,UNNATURAL_GEOMETRIC_LINE,1.0000,N/A
2026-09-05 23:39:14,1,UNNATURAL_GEOMETRIC_LINE,1.0000,N/A
2026-09-05 23:39:17,1,UNNATURAL_GEOMETRIC_LINE,1.0000,N/A
2026-09-05 23:39:18,1,UNNATURAL_GEOMETRIC_LINE,1.0000,N/A
2026-09-05 23:39:20,1,UNNATURAL_GEOMETRIC_LINE,1.0000,N/A
2026-09-05 23:39:23,1,UNNATURAL_GEOMETRIC_LINE,1.0000,N/A
2026-09-05 23:39:27,1,UNNATURAL_GEOMETRIC_LINE,1.0000,N/A
2026-09-05 23:39:29,1,UNNATURAL_GEOMETRIC_LINE,1.0000,N/A
2026-09-05 23:39:30,1,UNNATURAL_GEOMETRIC_LINE,1.0000,N/A
2026-09-05 23:39:32,1,UNNATURAL_GEOMETRIC_LINE,1.0000,N/A
2026-09-05 23:39:35,1,UNNATURAL_GEOMETRIC_LINE,1.0000,N/A
2026-09-05 23:39:37,1,UNNATURAL_GEOMETRIC_LINE,1.0000,N/A
2026-09-05 23:39:38,1,UNNATURAL_GEOMETRIC_LINE,1.0000,N/A
2026-09-05 23:39:39,1,UNNATURAL_GEOMETRIC_LINE,1.0000,N/A
2026-09-05 23:39:43,1,UNNATURAL_GEOMETRIC_LINE,1.0000,N/A
2026-09-05 23:39:43,1,UNNATURAL_GEOMETRIC_LINE,1.0000,N/A
2026-09-05 23:39:47,1,UNNATURAL_GEOMETRIC_LINE,1.0000,N/A
2026-09-05 23:39:49,1,UNNATURAL_GEOMETRIC_LINE,1.0000,N/A
2026-09-05 23:39:50,1,UNNATURAL_GEOMETRIC_LINE,1.0000,N/A
2026-09-05 23:39:51,1,UNNATURAL_GEOMETRIC_LINE,1.0000,N/A
2026-09-05 23:39:53,1,UNNATURAL_GEOMETRIC_LINE,1.0000,N/A
2026-09-05 23:39:54,1,UNNATURAL_GEOMETRIC_LINE,1.0000,N/A
2026-09-05 23:39:55,1,MECHANICAL_LOCK_NO_TREMOR,1.0000,N/A
2026-09-05 23:39:58,1,UNNATURAL_GEOMETRIC_LINE,1.0000,N/A
2026-09-05 23:39:59,1,UNNATURAL_GEOMETRIC_LINE,1.0000,N/A
2026-09-05 23:40:01,1,UNNATURAL_GEOMETRIC_LINE,1.0000,N/A
2026-09-05 23:40:03,1,UNNATURAL_GEOMETRIC_LINE,1.0000,N/A
2026-09-05 23:40:04,1,UNNATURAL_GEOMETRIC_LINE,1.0000,N/A
2026-09-05 23:40:11,1,UNNATURAL_GEOMETRIC_LINE,1.0000,N/A
2026-09-05 23:40:15,1,UNNATURAL_GEOMETRIC_LINE,1.0000,N/A
2026-09-05 23:40:16,1,UNNATURAL_GEOMETRIC_LINE,1.0000,N/A
2026-09-05 23:40:16,1,UNNATURAL_GEOMETRIC_LINE,1.0000,N/A
2026-09-05 23:40:20,1,UNNATURAL_GEOMETRIC_LINE,1.0000,N/A
2026-09-05 23:40:21,1,UNNATURAL_GEOMETRIC_LINE,1.0000,N/A
2026-09-05 23:40:23,1,UNNATURAL_GEOMETRIC_LINE,1.0000,N/A
2026-09-05 23:40:29,1,UNNATURAL_GEOMETRIC_LINE,1.0000,N/A
2026-09-05 23:40:30,1,UNNATURAL_GEOMETRIC_LINE,1.0000,N/A
2026-09-05 23:40:34,1,UNNATURAL_GEOMETRIC_LINE,1.0000,N/A
2026-09-05 23:40:36,1,UNNATURAL_GEOMETRIC_LINE,1.0000,N/A
2026-09-05 23:40:37,1,UNNATURAL_GEOMETRIC_LINE,1.0000,N/A
2026-09-05 23:40:39,1,UNNATURAL_GEOMETRIC_LINE,1.0000,N/A
2026-09-05 23:40:42,1,UNNATURAL_GEOMETRIC_LINE,1.0000,N/A
2026-09-05 23:40:46,1,UNNATURAL_GEOMETRIC_LINE,1.0000,N/A
2026-09-05 23:40:48,1,UNNATURAL_GEOMETRIC_LINE,1.0000,N/A
2026-09-05 23:40:49,1,UNNATURAL_GEOMETRIC_LINE,1.0000,N/A
2026-09-05 23:40:51,1,UNNATURAL_GEOMETRIC_LINE,1.0000,N/A
2026-09-05 23:40:53,1,UNNATURAL_GEOMETRIC_LINE,1.0000,N/A
2026-09-05 23:40:53,1,UNNATURAL_GEOMETRIC_LINE,1.0000,N/A
2026-09-05 23:40:57,1,UNNATURAL_GEOMETRIC_LINE,1.0000,N/A
2026-09-05 23:40:59,1,UNNATURAL_GEOMETRIC_LINE,1.0000,N/A
2026-09-05 23:40:59,1,UNNATURAL_GEOMETRIC_LINE,1.0000,N/A
2026-09-05 23:41:02,1,UNNATURAL_GEOMETRIC_LINE,1.0000,N/A
2026-09-05 23:41:07,1,UNNATURAL_GEOMETRIC_LINE,1.0000,N/A
2026-09-05 23:41:16,1,UNNATURAL_GEOMETRIC_LINE,1.0000,N/A
2026-09-05 23:41:18,1,UNNATURAL_GEOMETRIC_LINE,1.0000,N/A
2026-09-05 23:41:18,1,UNNATURAL_GEOMETRIC_LINE,1.0000,N/A
2026-09-05 23:41:20,1,UNNATURAL_GEOMETRIC_LINE,1.0000,N/A
2026-09-05 23:41:23,1,UNNATURAL_GEOMETRIC_LINE,1.0000,N/A
2026-09-05 23:41:23,1,UNNATURAL_GEOMETRIC_LINE,1.0000,N/A
2026-09-05 23:41:25,1,UNNATURAL_GEOMETRIC_LINE,1.0000,N/A
2026-09-05 23:41:27,1,UNNATURAL_GEOMETRIC_LINE,1.0000,N/A
2026-09-05 23:41:28,1,UNNATURAL_GEOMETRIC_LINE,1.0000,N/A
2026-09-05 23:41:32,1,UNNATURAL_GEOMETRIC_LINE,1.0000,N/A
2026-09-05 23:41:34,1,UNNATURAL_GEOMETRIC_LINE,1.0000,N/A
2026-09-05 23:41:35,1,UNNATURAL_GEOMETRIC_LINE,1.0000,N/A
2026-09-05 23:41:38,1,UNNATURAL_GEOMETRIC_LINE,1.0000,N/A
2026-09-05 23:41:42,1,UNNATURAL_GEOMETRIC_LINE,1.0000,N/A
2026-09-05 23:41:46,1,UNNATURAL_GEOMETRIC_LINE,1.0000,N/A
2026-09-05 23:41:49,1,UNNATURAL_GEOMETRIC_LINE,1.0000,N/A
2026-09-05 23:41:49,1,UNNATURAL_GEOMETRIC_LINE,1.0000,N/A
2026-09-05 23:41:51,1,UNNATURAL_GEOMETRIC_LINE,1.0000,N/A
2026-09-05 23:41:53,1,UNNATURAL_GEOMETRIC_LINE,1.0000,N/A
2026-09-05 23:41:54,1,UNNATURAL_GEOMETRIC_LINE,1.0000,N/A
2026-09-05 23:41:55,1,UNNATURAL_GEOMETRIC_LINE,1.0000,N/A
2026-09-05 23:41:58,1,UNNATURAL_GEOMETRIC_LINE,1.0000,N/A
2026-09-05 23:41:59,1,UNNATURAL_GEOMETRIC_LINE,1.0000,N/A
2026-09-05 23:42:01,1,UNNATURAL_GEOMETRIC_LINE,1.0000,N/A
2026-09-05 23:42:05,1,UNNATURAL_GEOMETRIC_LINE,1.0000,N/A
2026-09-05 23:42:06,1,UNNATURAL_GEOMETRIC_LINE,1.0000,N/A
2026-09-05 23:42:09,1,UNNATURAL_GEOMETRIC_LINE,1.0000,N/A
2026-09-05 23:42:11,1,UNNATURAL_GEOMETRIC_LINE,1.0000,N/A
2026-09-05 23:42:12,1,UNNATURAL_GEOMETRIC_LINE,1.0000,N/A
2026-09-05 23:42:13,1,UNNATURAL_GEOMETRIC_LINE,1.0000,N/A
2026-09-05 23:42:20,1,UNNATURAL_GEOMETRIC_LINE,1.0000,N/A
2026-09-05 23:42:21,1,UNNATURAL_GEOMETRIC_LINE,1.0000,N/A
2026-09-05 23:42:23,1,UNNATURAL_GEOMETRIC_LINE,1.0000,N/A
2026-09-05 23:42:25,1,UNNATURAL_GEOMETRIC_LINE,1.0000,N/A
2026-09-05 23:42:26,1,UNNATURAL_GEOMETRIC_LINE,1.0000,N/A
2026-09-05 23:42:30,1,UNNATURAL_GEOMETRIC_LINE,1.0000,N/A
2026-09-05 23:42:38,1,UNNATURAL_GEOMETRIC_LINE,1.0000,N/A
2026-09-05 23:42:39,1,UNNATURAL_GEOMETRIC_LINE,1.0000,N/A
2026-09-05 23:42:41,1,UNNATURAL_GEOMETRIC_LINE,1.0000,N/A
2026-09-05 23:42:45,1,UNNATURAL_GEOMETRIC_LINE,1.0000,N/A
2026-09-05 23:42:47,1,UNNATURAL_GEOMETRIC_LINE,1.0000,N/A
2026-09-05 23:42:49,1,UNNATURAL_GEOMETRIC_LINE,1.0000,N/A
2026-09-05 23:42:52,1,UNNATURAL_GEOMETRIC_LINE,1.0000,N/A
2026-09-05 23:42:54,1,UNNATURAL_GEOMETRIC_LINE,1.0000,N/A
2026-09-05 23:42:55,1,UNNATURAL_GEOMETRIC_LINE,1.0000,N/A
2026-09-05 23:42:56,1,UNNATURAL_GEOMETRIC_LINE,1.0000,N/A
2026-09-05 23:43:01,1,UNNATURAL_GEOMETRIC_LINE,1.0000,N/A
2026-09-05 23:43:01,1,UNNATURAL_GEOMETRIC_LINE,1.0000,N/A
2026-09-05 23:43:03,1,UNNATURAL_GEOMETRIC_LINE,1.0000,N/A
2026-09-05 23:43:05,1,UNNATURAL_GEOMETRIC_LINE,1.0000,N/A
2026-09-05 23:43:06,1,UNNATURAL_GEOMETRIC_LINE,1.0000,N/A
2026-09-05 23:43:10,1,UNNATURAL_GEOMETRIC_LINE,1.0000,N/A
2026-09-05 23:43:12,1,UNNATURAL_GEOMETRIC_LINE,1.0000,N/A
2026-09-05 23:43:13,1,UNNATURAL_GEOMETRIC_LINE,1.0000,N/A
2026-09-05 23:43:17,1,UNNATURAL_GEOMETRIC_LINE,1.0000,N/A
2026-09-05 23:43:19,1,UNNATURAL_GEOMETRIC_LINE,1.0000,N/A
2026-09-05 23:43:20,1,UNNATURAL_GEOMETRIC_LINE,1.0000,N/A
2026-09-05 23:43:24,1,UNNATURAL_GEOMETRIC_LINE,1.0000,N/A
2026-09-05 23:43:29,1,UNNATURAL_GEOMETRIC_LINE,1.0000,N/A
2026-09-05 23:43:30,1,UNNATURAL_GEOMETRIC_LINE,1.0000,N/A
2026-09-05 23:43:35,1,UNNATURAL_GEOMETRIC_LINE,1.0000,N/A
2026-09-05 23:43:37,1,UNNATURAL_GEOMETRIC_LINE,1.0000,N/A
2026-09-05 23:43:38,1,UNNATURAL_GEOMETRIC_LINE,1.0000,N/A
2026-09-05 23:43:46,1,UNNATURAL_GEOMETRIC_LINE,1.0000,N/A
2026-09-05 23:43:49,1,UNNATURAL_GEOMETRIC_LINE,1.0000,N/A
2026-09-05 23:43:50,1,UNNATURAL_GEOMETRIC_LINE,1.0000,N/A
2026-09-05 23:43:53,1,UNNATURAL_GEOMETRIC_LINE,1.0000,N/A
2026-09-05 23:43:58,1,UNNATURAL_GEOMETRIC_LINE,1.0000,N/A
2026-09-05 23:43:59,1,UNNATURAL_GEOMETRIC_LINE,1.0000,N/A
2026-09-05 23:44:04,1,UNNATURAL_GEOMETRIC_LINE,1.0000,N/A
2026-09-05 23:44:07,1,UNNATURAL_GEOMETRIC_LINE,1.0000,N/A
2026-09-05 23:44:09,1,UNNATURAL_GEOMETRIC_LINE,1.0000,N/A
2026-09-05 23:44:09,1,UNNATURAL_GEOMETRIC_LINE,1.0000,N/A
2026-09-05 23:44:11,1,UNNATURAL_GEOMETRIC_LINE,1.0000,N/A
2026-09-05 23:44:15,1,UNNATURAL_GEOMETRIC_LINE,1.0000,N/A
2026-09-05 23:44:16,1,UNNATURAL_GEOMETRIC_LINE,1.0000,N/A
2026-09-05 23:44:24,1,UNNATURAL_GEOMETRIC_LINE,1.0000,N/A
2026-09-05 23:44:28,1,UNNATURAL_GEOMETRIC_LINE,1.0000,N/A
2026-09-05 23:44:37,1,UNNATURAL_GEOMETRIC_LINE,1.0000,N/A
2026-09-05 23:44:39,1,UNNATURAL_GEOMETRIC_LINE,1.0000,N/A
2026-09-05 23:44:40,1,UNNATURAL_GEOMETRIC_LINE,1.0000,N/A
2026-09-05 23:44:48,1,UNNATURAL_GEOMETRIC_LINE,1.0000,N/A
2026-09-05 23:44:51,1,UNNATURAL_GEOMETRIC_LINE,1.0000,N/A
2026-09-05 23:44:52,1,UNNATURAL_GEOMETRIC_LINE,1.0000,N/A
2026-09-05 23:45:01,1,UNNATURAL_GEOMETRIC_LINE,1.0000,N/A
2026-09-05 23:45:05,1,UNNATURAL_GEOMETRIC_LINE,1.0000,N/A
2026-09-05 23:45:07,1,UNNATURAL_GEOMETRIC_LINE,1.0000,N/A
2026-09-05 23:45:11,1,UNNATURAL_GEOMETRIC_LINE,1.0000,N/A
2026-09-05 23:45:13,1,UNNATURAL_GEOMETRIC_LINE,1.0000,N/A
2026-09-05 23:45:17,1,UNNATURAL_GEOMETRIC_LINE,1.0000,N/A
2026-09-05 23:45:18,1,UNNATURAL_GEOMETRIC_LINE,1.0000,N/A
2026-09-05 23:45:24,1,UNNATURAL_GEOMETRIC_LINE,1.0000,N/A
2026-09-05 23:45:26,1,UNNATURAL_GEOMETRIC_LINE,1.0000,N/A
2026-09-05 23:45:29,1,UNNATURAL_GEOMETRIC_LINE,1.0000,N/A
2026-09-05 23:45:29,1,UNNATURAL_GEOMETRIC_LINE,1.0000,N/A
2026-09-05 23:45:32,1,UNNATURAL_GEOMETRIC_LINE,1.0000,N/A
2026-09-05 23:45:35,1,UNNATURAL_GEOMETRIC_LINE,1.0000,N/A
2026-09-05 23:45:36,1,UNNATURAL_GEOMETRIC_LINE,1.0000,N/A
2026-09-05 23:45:39,1,UNNATURAL_GEOMETRIC_LINE,1.0000,N/A
2026-09-05 23:45:43,1,UNNATURAL_GEOMETRIC_LINE,1.0000,N/A
2026-09-05 23:45:46,1,UNNATURAL_GEOMETRIC_LINE,1.0000,N/A
2026-09-05 23:45:48,1,UNNATURAL_GEOMETRIC_LINE,1.0000,N/A
2026-09-05 23:45:49,1,UNNATURAL_GEOMETRIC_LINE,1.0000,N/A
2026-09-05 23:45:51,1,UNNATURAL_GEOMETRIC_LINE,1.0000,N/A
2026-09-05 23:45:53,1,UNNATURAL_GEOMETRIC_LINE,1.0000,N/A
2026-09-05 23:45:54,1,UNNATURAL_GEOMETRIC_LINE,1.0000,N/A
2026-09-05 23:46:02,1,UNNATURAL_GEOMETRIC_LINE,1.0000,N/A
2026-09-05 23:46:06,1,UNNATURAL_GEOMETRIC_LINE,1.0000,N/A
2026-09-05 23:46:10,1,UNNATURAL_GEOMETRIC_LINE,1.0000,N/A
2026-09-05 23:46:12,1,UNNATURAL_GEOMETRIC_LINE,1.0000,N/A
2026-09-05 23:46:13,1,UNNATURAL_GEOMETRIC_LINE,1.0000,N/A
2026-09-05 23:46:14,1,UNNATURAL_GEOMETRIC_LINE,1.0000,N/A
2026-09-05 23:46:18,1,UNNATURAL_GEOMETRIC_LINE,1.0000,N/A
2026-09-05 23:46:19,1,UNNATURAL_GEOMETRIC_LINE,1.0000,N/A
2026-09-05 23:46:34,1,UNNATURAL_GEOMETRIC_LINE,1.0000,N/A
2026-09-05 23:46:36,1,UNNATURAL_GEOMETRIC_LINE,1.0000,N/A
2026-09-05 23:46:37,1,UNNATURAL_GEOMETRIC_LINE,1.0000,N/A
2026-09-05 23:46:38,1,UNNATURAL_GEOMETRIC_LINE,1.0000,N/A
2026-09-05 23:46:40,1,UNNATURAL_GEOMETRIC_LINE,1.0000,N/A
2026-09-05 23:46:41,1,UNNATURAL_GEOMETRIC_LINE,1.0000,N/A
2026-09-05 23:46:44,1,UNNATURAL_GEOMETRIC_LINE,1.0000,N/A
2026-09-05 23:46:48,1,UNNATURAL_GEOMETRIC_LINE,1.0000,N/A
2026-09-05 23:46:49,1,UNNATURAL_GEOMETRIC_LINE,1.0000,N/A
2026-09-05 23:46:50,1,UNNATURAL_GEOMETRIC_LINE,1.0000,N/A
2026-09-05 23:46:55,1,UNNATURAL_GEOMETRIC_LINE,1.0000,N/A
2026-09-05 23:46:58,1,UNNATURAL_GEOMETRIC_LINE,1.0000,N/A
2026-09-05 23:46:59,1,UNNATURAL_GEOMETRIC_LINE,1.0000,N/A
2026-09-05 23:47:00,1,UNNATURAL_GEOMETRIC_LINE,1.0000,N/A
2026-09-05 23:47:02,1,UNNATURAL_GEOMETRIC_LINE,1.0000,N/A
2026-09-05 23:47:03,1,UNNATURAL_GEOMETRIC_LINE,1.0000,N/A
2026-09-05 23:47:05,1,UNNATURAL_GEOMETRIC_LINE,1.0000,N/A
2026-09-05 23:47:07,1,UNNATURAL_GEOMETRIC_LINE,1.0000,N/A
2026-09-05 23:47:08,1,UNNATURAL_GEOMETRIC_LINE,1.0000,N/A
2026-09-05 23:47:14,1,UNNATURAL_GEOMETRIC_LINE,1.0000,N/A
2026-09-05 23:47:16,1,UNNATURAL_GEOMETRIC_LINE,1.0000,N/A
2026-09-05 23:47:17,1,UNNATURAL_GEOMETRIC_LINE,1.0000,N/A
2026-09-05 23:47:27,1,UNNATURAL_GEOMETRIC_LINE,1.0000,N/A
2026-09-05 23:47:29,1,UNNATURAL_GEOMETRIC_LINE,1.0000,N/A
2026-09-05 23:47:30,1,UNNATURAL_GEOMETRIC_LINE,1.0000,N/A
2026-09-05 23:47:31,1,UNNATURAL_GEOMETRIC_LINE,1.0000,N/A
2026-09-05 23:47:36,1,UNNATURAL_GEOMETRIC_LINE,1.0000,N/A
2026-09-05 23:47:37,1,UNNATURAL_GEOMETRIC_LINE,1.0000,N/A
2026-09-05 23:47:40,1,UNNATURAL_GEOMETRIC_LINE,1.0000,N/A
2026-09-05 23:47:44,1,UNNATURAL_GEOMETRIC_LINE,1.0000,N/A
2026-09-05 23:47:45,1,UNNATURAL_GEOMETRIC_LINE,1.0000,N/A
2026-09-05 23:47:46,1,MECHANICAL_LOCK_NO_TREMOR,1.0000,N/A
2026-09-05 23:47:48,1,UNNATURAL_GEOMETRIC_LINE,1.0000,N/A
2026-09-05 23:47:49,1,UNNATURAL_GEOMETRIC_LINE,1.0000,N/A
2026-09-05 23:47:53,1,UNNATURAL_GEOMETRIC_LINE,1.0000,N/A
2026-09-05 23:47:58,1,UNNATURAL_GEOMETRIC_LINE,1.0000,N/A
2026-09-05 23:47:59,1,UNNATURAL_GEOMETRIC_LINE,1.0000,N/A
2026-09-05 23:48:00,1,UNNATURAL_GEOMETRIC_LINE,1.0000,N/A
2026-09-05 23:48:04,1,UNNATURAL_GEOMETRIC_LINE,1.0000,N/A
2026-09-05 23:48:07,1,UNNATURAL_GEOMETRIC_LINE,1.0000,N/A
2026-09-05 23:48:09,1,UNNATURAL_GEOMETRIC_LINE,1.0000,N/A
2026-09-05 23:48:10,1,UNNATURAL_GEOMETRIC_LINE,1.0000,N/A
2026-09-05 23:48:18,1,UNNATURAL_GEOMETRIC_LINE,1.0000,N/A
2026-09-05 23:48:20,1,UNNATURAL_GEOMETRIC_LINE,1.0000,N/A
2026-09-05 23:48:22,1,UNNATURAL_GEOMETRIC_LINE,1.0000,N/A
2026-09-05 23:48:23,1,UNNATURAL_GEOMETRIC_LINE,1.0000,N/A
2026-09-05 23:48:24,1,UNNATURAL_GEOMETRIC_LINE,1.0000,N/A
2026-09-05 23:48:27,1,UNNATURAL_GEOMETRIC_LINE,1.0000,N/A
2026-09-05 23:48:28,1,UNNATURAL_GEOMETRIC_LINE,1.0000,N/A
2026-09-05 23:48:31,1,UNNATURAL_GEOMETRIC_LINE,1.0000,N/A
2026-09-05 23:48:34,1,UNNATURAL_GEOMETRIC_LINE,1.0000,N/A
2026-09-05 23:48:36,1,UNNATURAL_GEOMETRIC_LINE,1.0000,N/A
2026-09-05 23:48:37,1,UNNATURAL_GEOMETRIC_LINE,1.0000,N/A
2026-09-05 23:48:41,1,UNNATURAL_GEOMETRIC_LINE,1.0000,N/A
2026-09-05 23:48:44,1,UNNATURAL_GEOMETRIC_LINE,1.0000,N/A
2026-09-05 23:48:45,1,UNNATURAL_GEOMETRIC_LINE,1.0000,N/A
2026-09-05 23:48:53,1,UNNATURAL_GEOMETRIC_LINE,1.0000,N/A
2026-09-05 23:48:56,1,UNNATURAL_GEOMETRIC_LINE,1.0000,N/A
2026-09-05 23:49:01,1,UNNATURAL_GEOMETRIC_LINE,1.0000,N/A
2026-09-05 23:49:04,1,UNNATURAL_GEOMETRIC_LINE,1.0000,N/A
2026-09-05 23:49:06,1,UNNATURAL_GEOMETRIC_LINE,1.0000,N/A
2026-09-05 23:49:07,1,UNNATURAL_GEOMETRIC_LINE,1.0000,N/A
2026-09-05 23:49:09,1,UNNATURAL_GEOMETRIC_LINE,1.0000,N/A
2026-09-05 23:49:11,1,UNNATURAL_GEOMETRIC_LINE,1.0000,N/A
2026-09-05 23:49:12,1,UNNATURAL_GEOMETRIC_LINE,1.0000,N/A
2026-09-05 23:49:13,1,UNNATURAL_GEOMETRIC_LINE,1.0000,N/A
2026-09-05 23:49:18,1,UNNATURAL_GEOMETRIC_LINE,1.0000,N/A
2026-09-05 23:49:20,1,UNNATURAL_GEOMETRIC_LINE,1.0000,N/A
2026-09-05 23:49:22,1,UNNATURAL_GEOMETRIC_LINE,1.0000,N/A
2026-09-05 23:49:23,1,UNNATURAL_GEOMETRIC_LINE,1.0000,N/A
2026-09-05 23:49:24,1,UNNATURAL_GEOMETRIC_LINE,1.0000,N/A
2026-09-05 23:49:27,1,UNNATURAL_GEOMETRIC_LINE,1.0000,N/A
2026-09-05 23:49:27,1,UNNATURAL_GEOMETRIC_LINE,1.0000,N/A
2026-09-05 23:49:33,1,UNNATURAL_GEOMETRIC_LINE,1.0000,N/A
2026-09-05 23:49:36,1,UNNATURAL_GEOMETRIC_LINE,1.0000,N/A
2026-09-05 23:49:36,1,UNNATURAL_GEOMETRIC_LINE,1.0000,N/A
2026-09-05 23:49:38,1,UNNATURAL_GEOMETRIC_LINE,1.0000,N/A
2026-09-05 23:49:40,1,UNNATURAL_GEOMETRIC_LINE,1.0000,N/A
2026-09-05 23:49:41,1,UNNATURAL_GEOMETRIC_LINE,1.0000,N/A
2026-09-05 23:49:42,1,UNNATURAL_GEOMETRIC_LINE,1.0000,N/A
2026-09-05 23:49:45,1,UNNATURAL_GEOMETRIC_LINE,1.0000,N/A
2026-09-05 23:49:47,1,UNNATURAL_GEOMETRIC_LINE,1.0000,N/A
2026-09-05 23:49:49,1,UNNATURAL_GEOMETRIC_LINE,1.0000,N/A
2026-09-05 23:49:50,1,UNNATURAL_GEOMETRIC_LINE,1.0000,N/A
2026-09-05 23:49:54,1,UNNATURAL_GEOMETRIC_LINE,1.0000,N/A
2026-09-05 23:49:57,1,UNNATURAL_GEOMETRIC_LINE,1.0000,N/A
2026-09-05 23:49:58,1,UNNATURAL_GEOMETRIC_LINE,1.0000,N/A
2026-09-05 23:50:00,1,UNNATURAL_GEOMETRIC_LINE,1.0000,N/A
2026-09-05 23:50:01,1,UNNATURAL_GEOMETRIC_LINE,1.0000,N/A
2026-09-05 23:50:09,1,UNNATURAL_GEOMETRIC_LINE,1.0000,N/A
2026-09-05 23:50:11,1,UNNATURAL_GEOMETRIC_LINE,1.0000,N/A
2026-09-05 23:50:12,1,UNNATURAL_GEOMETRIC_LINE,1.0000,N/A
2026-09-05 23:50:13,1,UNNATURAL_GEOMETRIC_LINE,1.0000,N/A
2026-09-05 23:50:17,1,UNNATURAL_GEOMETRIC_LINE,1.0000,N/A
2026-09-05 23:50:18,1,UNNATURAL_GEOMETRIC_LINE,1.0000,N/A
2026-09-05 23:50:20,1,UNNATURAL_GEOMETRIC_LINE,1.0000,N/A
2026-09-05 23:50:21,1,UNNATURAL_GEOMETRIC_LINE,1.0000,N/A
2026-09-05 23:50:23,1,UNNATURAL_GEOMETRIC_LINE,1.0000,N/A
2026-09-05 23:50:27,1,UNNATURAL_GEOMETRIC_LINE,1.0000,N/A
2026-09-05 23:50:28,1,UNNATURAL_GEOMETRIC_LINE,1.0000,N/A
2026-09-05 23:50:30,1,UNNATURAL_GEOMETRIC_LINE,1.0000,N/A
2026-09-05 23:50:33,1,UNNATURAL_GEOMETRIC_LINE,1.0000,N/A
2026-09-05 23:50:33,1,UNNATURAL_GEOMETRIC_LINE,1.0000,N/A
2026-09-05 23:50:37,1,UNNATURAL_GEOMETRIC_LINE,1.0000,N/A
2026-09-05 23:50:40,1,UNNATURAL_GEOMETRIC_LINE,1.0000,N/A
2026-09-05 23:50:41,1,UNNATURAL_GEOMETRIC_LINE,1.0000,N/A
2026-09-05 23:50:42,1,UNNATURAL_GEOMETRIC_LINE,1.0000,N/A
2026-09-05 23:50:49,1,UNNATURAL_GEOMETRIC_LINE,1.0000,N/A
2026-09-05 23:50:49,1,UNNATURAL_GEOMETRIC_LINE,1.0000,N/A
2026-09-05 23:50:52,1,UNNATURAL_GEOMETRIC_LINE,1.0000,N/A
2026-09-05 23:50:52,1,UNNATURAL_GEOMETRIC_LINE,1.0000,N/A
2026-09-05 23:50:54,1,UNNATURAL_GEOMETRIC_LINE,1.0000,N/A
2026-09-05 23:50:56,1,UNNATURAL_GEOMETRIC_LINE,1.0000,N/A
2026-09-05 23:50:57,1,UNNATURAL_GEOMETRIC_LINE,1.0000,N/A
2026-09-05 23:51:03,1,UNNATURAL_GEOMETRIC_LINE,1.0000,N/A
2026-09-05 23:51:06,1,UNNATURAL_GEOMETRIC_LINE,1.0000,N/A
2026-09-05 23:51:06,1,UNNATURAL_GEOMETRIC_LINE,1.0000,N/A
2026-09-05 23:51:07,1,MECHANICAL_LOCK_NO_TREMOR,1.0000,N/A
2026-09-05 23:51:10,1,UNNATURAL_GEOMETRIC_LINE,1.0000,N/A
2026-09-05 23:51:10,1,UNNATURAL_GEOMETRIC_LINE,1.0000,N/A
2026-09-05 23:51:12,1,UNNATURAL_GEOMETRIC_LINE,1.0000,N/A
2026-09-05 23:51:14,1,UNNATURAL_GEOMETRIC_LINE,1.0000,N/A
2026-09-05 23:51:15,1,UNNATURAL_GEOMETRIC_LINE,1.0000,N/A
2026-09-05 23:51:21,1,UNNATURAL_GEOMETRIC_LINE,1.0000,N/A
2026-09-05 23:51:23,1,UNNATURAL_GEOMETRIC_LINE,1.0000,N/A
2026-09-05 23:51:24,1,UNNATURAL_GEOMETRIC_LINE,1.0000,N/A
2026-09-05 23:51:27,1,UNNATURAL_GEOMETRIC_LINE,1.0000,N/A
2026-09-05 23:51:29,1,UNNATURAL_GEOMETRIC_LINE,1.0000,N/A
2026-09-05 23:51:30,1,UNNATURAL_GEOMETRIC_LINE,1.0000,N/A
2026-09-05 23:51:33,1,UNNATURAL_GEOMETRIC_LINE,1.0000,N/A
2026-09-05 23:51:36,1,UNNATURAL_GEOMETRIC_LINE,1.0000,N/A
2026-09-05 23:51:37,1,UNNATURAL_GEOMETRIC_LINE,1.0000,N/A
2026-09-05 23:51:41,1,UNNATURAL_GEOMETRIC_LINE,1.0000,N/A
2026-09-05 23:51:43,1,UNNATURAL_GEOMETRIC_LINE,1.0000,N/A
2026-09-05 23:51:44,1,UNNATURAL_GEOMETRIC_LINE,1.0000,N/A
2026-09-05 23:51:46,1,UNNATURAL_GEOMETRIC_LINE,1.0000,N/A
2026-09-05 23:51:50,1,UNNATURAL_GEOMETRIC_LINE,1.0000,N/A
2026-09-05 23:51:50,1,UNNATURAL_GEOMETRIC_LINE,1.0000,N/A
2026-09-05 23:51:52,1,UNNATURAL_GEOMETRIC_LINE,1.0000,N/A
2026-09-05 23:51:55,1,UNNATURAL_GEOMETRIC_LINE,1.0000,N/A
2026-09-05 23:51:55,1,UNNATURAL_GEOMETRIC_LINE,1.0000,N/A
2026-09-05 23:52:00,1,UNNATURAL_GEOMETRIC_LINE,1.0000,N/A
2026-09-05 23:52:05,1,UNNATURAL_GEOMETRIC_LINE,1.0000,N/A
2026-09-05 23:52:08,1,UNNATURAL_GEOMETRIC_LINE,1.0000,N/A
2026-09-05 23:52:09,1,UNNATURAL_GEOMETRIC_LINE,1.0000,N/A
2026-09-05 23:52:10,1,UNNATURAL_GEOMETRIC_LINE,1.0000,N/A
2026-09-05 23:52:12,1,UNNATURAL_GEOMETRIC_LINE,1.0000,N/A
2026-09-05 23:52:18,1,UNNATURAL_GEOMETRIC_LINE,1.0000,N/A
2026-09-05 23:52:19,1,UNNATURAL_GEOMETRIC_LINE,1.0000,N/A
2026-09-05 23:52:20,1,MECHANICAL_LOCK_NO_TREMOR,1.0000,N/A
2026-09-05 23:52:22,1,UNNATURAL_GEOMETRIC_LINE,1.0000,N/A
2026-09-05 23:52:23,1,UNNATURAL_GEOMETRIC_LINE,1.0000,N/A
2026-09-05 23:52:25,1,UNNATURAL_GEOMETRIC_LINE,1.0000,N/A
2026-09-05 23:52:28,1,UNNATURAL_GEOMETRIC_LINE,1.0000,N/A
2026-09-05 23:52:33,1,UNNATURAL_GEOMETRIC_LINE,1.0000,N/A
2026-09-05 23:52:35,1,UNNATURAL_GEOMETRIC_LINE,1.0000,N/A
2026-09-05 23:52:36,1,UNNATURAL_GEOMETRIC_LINE,1.0000,N/A
2026-09-05 23:52:44,1,UNNATURAL_GEOMETRIC_LINE,1.0000,N/A
2026-09-05 23:52:46,1,UNNATURAL_GEOMETRIC_LINE,1.0000,N/A
2026-09-05 23:52:47,1,UNNATURAL_GEOMETRIC_LINE,1.0000,N/A
2026-09-05 23:52:49,1,UNNATURAL_GEOMETRIC_LINE,1.0000,N/A
2026-09-05 23:52:51,1,UNNATURAL_GEOMETRIC_LINE,1.0000,N/A
2026-09-05 23:52:52,1,UNNATURAL_GEOMETRIC_LINE,1.0000,N/A
2026-09-05 23:52:53,1,UNNATURAL_GEOMETRIC_LINE,1.0000,N/A
2026-09-05 23:52:55,1,UNNATURAL_GEOMETRIC_LINE,1.0000,N/A
2026-09-05 23:52:56,1,UNNATURAL_GEOMETRIC_LINE,1.0000,N/A
2026-09-05 23:52:58,1,UNNATURAL_GEOMETRIC_LINE,1.0000,N/A
2026-09-05 23:53:00,1,UNNATURAL_GEOMETRIC_LINE,1.0000,N/A
2026-09-05 23:53:01,1,UNNATURAL_GEOMETRIC_LINE,1.0000,N/A
2026-09-05 23:53:05,1,UNNATURAL_GEOMETRIC_LINE,1.0000,N/A
2026-09-05 23:53:08,1,UNNATURAL_GEOMETRIC_LINE,1.0000,N/A
2026-09-05 23:53:08,1,UNNATURAL_GEOMETRIC_LINE,1.0000,N/A
2026-09-05 23:53:10,1,UNNATURAL_GEOMETRIC_LINE,1.0000,N/A
2026-09-05 23:53:12,1,UNNATURAL_GEOMETRIC_LINE,1.0000,N/A
2026-09-05 23:53:13,1,UNNATURAL_GEOMETRIC_LINE,1.0000,N/A
2026-09-05 23:53:23,1,UNNATURAL_GEOMETRIC_LINE,1.0000,N/A
2026-09-05 23:53:27,1,UNNATURAL_GEOMETRIC_LINE,1.0000,N/A
2026-09-05 23:53:28,1,UNNATURAL_GEOMETRIC_LINE,1.0000,N/A
2026-09-05 23:53:30,1,UNNATURAL_GEOMETRIC_LINE,1.0000,N/A
2026-09-05 23:53:33,1,UNNATURAL_GEOMETRIC_LINE,1.0000,N/A
2026-09-05 23:53:42,1,UNNATURAL_GEOMETRIC_LINE,1.0000,N/A
2026-09-05 23:53:45,1,UNNATURAL_GEOMETRIC_LINE,1.0000,N/A
2026-09-05 23:53:45,1,UNNATURAL_GEOMETRIC_LINE,1.0000,N/A
2026-09-05 23:53:47,1,UNNATURAL_GEOMETRIC_LINE,1.0000,N/A
2026-09-05 23:53:50,1,UNNATURAL_GEOMETRIC_LINE,1.0000,N/A
2026-09-05 23:53:51,1,UNNATURAL_GEOMETRIC_LINE,1.0000,N/A
2026-09-05 23:53:55,1,UNNATURAL_GEOMETRIC_LINE,1.0000,N/A
2026-09-05 23:53:57,1,UNNATURAL_GEOMETRIC_LINE,1.0000,N/A
2026-09-05 23:53:58,1,UNNATURAL_GEOMETRIC_LINE,1.0000,N/A
2026-09-05 23:54:01,1,UNNATURAL_GEOMETRIC_LINE,1.0000,N/A
2026-09-05 23:54:03,1,UNNATURAL_GEOMETRIC_LINE,1.0000,N/A
2026-09-05 23:54:04,1,UNNATURAL_GEOMETRIC_LINE,1.0000,N/A
2026-09-05 23:54:06,1,UNNATURAL_GEOMETRIC_LINE,1.0000,N/A
2026-09-05 23:54:08,1,UNNATURAL_GEOMETRIC_LINE,1.0000,N/A
2026-09-05 23:54:09,1,UNNATURAL_GEOMETRIC_LINE,1.0000,N/A
2026-09-05 23:54:14,1,UNNATURAL_GEOMETRIC_LINE,1.0000,N/A
2026-09-05 23:54:16,1,UNNATURAL_GEOMETRIC_LINE,1.0000,N/A
2026-09-05 23:54:17,1,UNNATURAL_GEOMETRIC_LINE,1.0000,N/A
2026-09-05 23:54:18,1,UNNATURAL_GEOMETRIC_LINE,1.0000,N/A
2026-09-05 23:54:21,1,UNNATURAL_GEOMETRIC_LINE,1.0000,N/A
2026-09-05 23:54:21,1,UNNATURAL_GEOMETRIC_LINE,1.0000,N/A
2026-09-05 23:54:24,1,UNNATURAL_GEOMETRIC_LINE,1.0000,N/A
2026-09-05 23:54:26,1,UNNATURAL_GEOMETRIC_LINE,1.0000,N/A
2026-09-05 23:54:27,1,UNNATURAL_GEOMETRIC_LINE,1.0000,N/A
2026-09-05 23:54:34,1,UNNATURAL_GEOMETRIC_LINE,1.0000,N/A
2026-09-05 23:54:36,1,UNNATURAL_GEOMETRIC_LINE,1.0000,N/A
2026-09-05 23:54:40,1,UNNATURAL_GEOMETRIC_LINE,1.0000,N/A
2026-09-05 23:54:41,1,UNNATURAL_GEOMETRIC_LINE,1.0000,N/A
2026-09-05 23:54:42,1,UNNATURAL_GEOMETRIC_LINE,1.0000,N/A
2026-09-05 23:54:44,1,UNNATURAL_GEOMETRIC_LINE,1.0000,N/A
2026-09-05 23:54:45,1,UNNATURAL_GEOMETRIC_LINE,1.0000,N/A
2026-09-05 23:54:52,1,UNNATURAL_GEOMETRIC_LINE,1.0000,N/A
2026-09-05 23:54:55,1,UNNATURAL_GEOMETRIC_LINE,1.0000,N/A
2026-09-05 23:54:56,1,UNNATURAL_GEOMETRIC_LINE,1.0000,N/A
2026-09-05 23:54:59,1,UNNATURAL_GEOMETRIC_LINE,1.0000,N/A
2026-09-05 23:55:01,1,UNNATURAL_GEOMETRIC_LINE,1.0000,N/A
2026-09-05 23:55:02,1,UNNATURAL_GEOMETRIC_LINE,1.0000,N/A
2026-09-05 23:55:04,1,UNNATURAL_GEOMETRIC_LINE,1.0000,N/A
2026-09-05 23:55:06,1,UNNATURAL_GEOMETRIC_LINE,1.0000,N/A
2026-09-05 23:55:07,1,UNNATURAL_GEOMETRIC_LINE,1.0000,N/A
2026-09-05 23:55:12,1,UNNATURAL_GEOMETRIC_LINE,1.0000,N/A
2026-09-05 23:55:14,1,UNNATURAL_GEOMETRIC_LINE,1.0000,N/A
2026-09-05 23:55:15,1,UNNATURAL_GEOMETRIC_LINE,1.0000,N/A
2026-09-05 23:55:17,1,UNNATURAL_GEOMETRIC_LINE,1.0000,N/A
2026-09-05 23:55:20,1,UNNATURAL_GEOMETRIC_LINE,1.0000,N/A
2026-09-05 23:55:21,1,UNNATURAL_GEOMETRIC_LINE,1.0000,N/A
2026-09-05 23:55:23,1,UNNATURAL_GEOMETRIC_LINE,1.0000,N/A
2026-09-05 23:55:25,1,UNNATURAL_GEOMETRIC_LINE,1.0000,N/A
2026-09-05 23:55:26,1,UNNATURAL_GEOMETRIC_LINE,1.0000,N/A
2026-09-05 23:55:31,1,UNNATURAL_GEOMETRIC_LINE,1.0000,N/A
2026-09-05 23:55:33,1,UNNATURAL_GEOMETRIC_LINE,1.0000,N/A
2026-09-05 23:55:39,1,UNNATURAL_GEOMETRIC_LINE,1.0000,N/A
2026-09-05 23:55:40,1,UNNATURAL_GEOMETRIC_LINE,1.0000,N/A
2026-09-05 23:55:42,1,UNNATURAL_GEOMETRIC_LINE,1.0000,N/A
2026-09-05 23:55:44,1,UNNATURAL_GEOMETRIC_LINE,1.0000,N/A
2026-09-05 23:55:45,1,UNNATURAL_GEOMETRIC_LINE,1.0000,N/A
2026-09-05 23:55:46,1,UNNATURAL_GEOMETRIC_LINE,1.0000,N/A
2026-09-05 23:55:51,1,UNNATURAL_GEOMETRIC_LINE,1.0000,N/A
2026-09-05 23:55:52,1,UNNATURAL_GEOMETRIC_LINE,1.0000,N/A
2026-09-05 23:55:54,1,UNNATURAL_GEOMETRIC_LINE,1.0000,N/A
2026-09-05 23:55:57,1,UNNATURAL_GEOMETRIC_LINE,1.0000,N/A
2026-09-05 23:56:10,1,UNNATURAL_GEOMETRIC_LINE,1.0000,N/A
2026-09-05 23:56:12,1,UNNATURAL_GEOMETRIC_LINE,1.0000,N/A
2026-09-05 23:56:13,1,UNNATURAL_GEOMETRIC_LINE,1.0000,N/A
2026-09-05 23:56:14,1,UNNATURAL_GEOMETRIC_LINE,1.0000,N/A
2026-09-05 23:56:17,1,UNNATURAL_GEOMETRIC_LINE,1.0000,N/A
2026-09-05 23:56:18,1,UNNATURAL_GEOMETRIC_LINE,1.0000,N/A
2026-09-05 23:56:26,1,UNNATURAL_GEOMETRIC_LINE,1.0000,N/A
2026-09-05 23:56:28,1,UNNATURAL_GEOMETRIC_LINE,1.0000,N/A
2026-09-05 23:56:29,1,UNNATURAL_GEOMETRIC_LINE,1.0000,N/A
2026-09-05 23:56:30,1,UNNATURAL_GEOMETRIC_LINE,1.0000,N/A
2026-09-05 23:56:33,1,UNNATURAL_GEOMETRIC_LINE,1.0000,N/A
2026-09-05 23:56:35,1,UNNATURAL_GEOMETRIC_LINE,1.0000,N/A
2026-09-05 23:56:37,1,UNNATURAL_GEOMETRIC_LINE,1.0000,N/A
2026-09-05 23:56:38,1,UNNATURAL_GEOMETRIC_LINE,1.0000,N/A
2026-09-05 23:56:40,1,UNNATURAL_GEOMETRIC_LINE,1.0000,N/A
2026-09-05 23:56:43,1,UNNATURAL_GEOMETRIC_LINE,1.0000,N/A
2026-09-05 23:56:44,1,UNNATURAL_GEOMETRIC_LINE,1.0000,N/A
2026-09-05 23:56:47,1,UNNATURAL_GEOMETRIC_LINE,1.0000,N/A
2026-09-05 23:56:47,1,UNNATURAL_GEOMETRIC_LINE,1.0000,N/A
2026-09-05 23:56:57,1,UNNATURAL_GEOMETRIC_LINE,1.0000,N/A
2026-09-05 23:57:01,1,UNNATURAL_GEOMETRIC_LINE,1.0000,N/A
2026-09-05 23:57:02,1,UNNATURAL_GEOMETRIC_LINE,1.0000,N/A
2026-09-05 23:57:03,1,UNNATURAL_GEOMETRIC_LINE,1.0000,N/A
2026-09-05 23:57:07,1,UNNATURAL_GEOMETRIC_LINE,1.0000,N/A
2026-09-05 23:57:08,1,UNNATURAL_GEOMETRIC_LINE,1.0000,N/A
2026-09-05 23:57:11,1,UNNATURAL_GEOMETRIC_LINE,1.0000,N/A
2026-09-05 23:57:13,1,UNNATURAL_GEOMETRIC_LINE,1.0000,N/A
2026-09-05 23:57:14,1,UNNATURAL_GEOMETRIC_LINE,1.0000,N/A
2026-09-05 23:57:16,1,UNNATURAL_GEOMETRIC_LINE,1.0000,N/A
2026-09-05 23:57:18,1,UNNATURAL_GEOMETRIC_LINE,1.0000,N/A
2026-09-05 23:57:21,1,UNNATURAL_GEOMETRIC_LINE,1.0000,N/A
2026-09-05 23:57:22,1,UNNATURAL_GEOMETRIC_LINE,1.0000,N/A
2026-09-05 23:57:29,1,UNNATURAL_GEOMETRIC_LINE,1.0000,N/A
2026-09-05 23:57:33,1,UNNATURAL_GEOMETRIC_LINE,1.0000,N/A
2026-09-05 23:57:34,1,UNNATURAL_GEOMETRIC_LINE,1.0000,N/A
2026-09-05 23:57:35,1,UNNATURAL_GEOMETRIC_LINE,1.0000,N/A
2026-09-05 23:57:38,1,UNNATURAL_GEOMETRIC_LINE,1.0000,N/A
2026-09-05 23:57:39,1,UNNATURAL_GEOMETRIC_LINE,1.0000,N/A
2026-09-05 23:57:41,1,UNNATURAL_GEOMETRIC_LINE,1.0000,N/A
2026-09-05 23:57:44,1,UNNATURAL_GEOMETRIC_LINE,1.0000,N/A
2026-09-05 23:57:47,1,UNNATURAL_GEOMETRIC_LINE,1.0000,N/A
2026-09-05 23:57:49,1,UNNATURAL_GEOMETRIC_LINE,1.0000,N/A
2026-09-05 23:57:50,1,UNNATURAL_GEOMETRIC_LINE,1.0000,N/A
2026-09-05 23:57:53,1,UNNATURAL_GEOMETRIC_LINE,1.0000,N/A
2026-09-05 23:57:55,1,UNNATURAL_GEOMETRIC_LINE,1.0000,N/A
2026-09-05 23:58:01,1,UNNATURAL_GEOMETRIC_LINE,1.0000,N/A
2026-09-05 23:58:04,1,UNNATURAL_GEOMETRIC_LINE,1.0000,N/A
2026-09-05 23:58:04,1,UNNATURAL_GEOMETRIC_LINE,1.0000,N/A
2026-09-05 23:58:05,1,MECHANICAL_LOCK_NO_TREMOR,1.0000,N/A
2026-09-05 23:58:08,1,UNNATURAL_GEOMETRIC_LINE,1.0000,N/A
2026-09-05 23:58:08,1,UNNATURAL_GEOMETRIC_LINE,1.0000,N/A
2026-09-05 23:58:13,1,UNNATURAL_GEOMETRIC_LINE,1.0000,N/A
2026-09-05 23:58:18,1,UNNATURAL_GEOMETRIC_LINE,1.0000,N/A
2026-09-05 23:58:19,1,UNNATURAL_GEOMETRIC_LINE,1.0000,N/A
2026-09-05 23:58:20,1,UNNATURAL_GEOMETRIC_LINE,1.0000,N/A
2026-09-05 23:58:22,1,UNNATURAL_GEOMETRIC_LINE,1.0000,N/A
2026-09-05 23:58:23,1,UNNATURAL_GEOMETRIC_LINE,1.0000,N/A
2026-09-05 23:58:24,1,MECHANICAL_LOCK_NO_TREMOR,1.0000,N/A
2026-09-05 23:58:28,1,UNNATURAL_GEOMETRIC_LINE,1.0000,N/A
2026-09-05 23:58:29,1,UNNATURAL_GEOMETRIC_LINE,1.0000,N/A
2026-09-05 23:58:30,1,UNNATURAL_GEOMETRIC_LINE,1.0000,N/A
2026-09-05 23:58:33,1,UNNATURAL_GEOMETRIC_LINE,1.0000,N/A
2026-09-05 23:58:33,1,UNNATURAL_GEOMETRIC_LINE,1.0000,N/A
2026-09-05 23:58:35,1,UNNATURAL_GEOMETRIC_LINE,1.0000,N/A
2026-09-05 23:58:37,1,UNNATURAL_GEOMETRIC_LINE,1.0000,N/A
2026-09-05 23:58:38,1,UNNATURAL_GEOMETRIC_LINE,1.0000,N/A
2026-09-05 23:58:40,1,UNNATURAL_GEOMETRIC_LINE,1.0000,N/A
2026-09-05 23:58:42,1,UNNATURAL_GEOMETRIC_LINE,1.0000,N/A
2026-09-05 23:58:43,1,UNNATURAL_GEOMETRIC_LINE,1.0000,N/A
2026-09-05 23:58:45,1,UNNATURAL_GEOMETRIC_LINE,1.0000,N/A
2026-09-05 23:58:47,1,UNNATURAL_GEOMETRIC_LINE,1.0000,N/A
2026-09-05 23:58:48,1,UNNATURAL_GEOMETRIC_LINE,1.0000,N/A
2026-09-05 23:58:54,1,UNNATURAL_GEOMETRIC_LINE,1.0000,N/A
2026-09-05 23:58:56,1,UNNATURAL_GEOMETRIC_LINE,1.0000,N/A
2026-09-05 23:58:57,1,UNNATURAL_GEOMETRIC_LINE,1.0000,N/A
2026-09-05 23:59:04,1,UNNATURAL_GEOMETRIC_LINE,1.0000,N/A
2026-09-05 23:59:06,1,UNNATURAL_GEOMETRIC_LINE,1.0000,N/A
2026-09-05 23:59:09,1,UNNATURAL_GEOMETRIC_LINE,1.0000,N/A
2026-09-05 23:59:10,1,UNNATURAL_GEOMETRIC_LINE,1.0000,N/A
2026-09-05 23:59:12,1,UNNATURAL_GEOMETRIC_LINE,1.0000,N/A
2026-09-05 23:59:15,1,UNNATURAL_GEOMETRIC_LINE,1.0000,N/A
2026-09-05 23:59:16,1,UNNATURAL_GEOMETRIC_LINE,1.0000,N/A
2026-09-05 23:59:18,1,UNNATURAL_GEOMETRIC_LINE,1.0000,N/A
2026-09-05 23:59:21,1,UNNATURAL_GEOMETRIC_LINE,1.0000,N/A
2026-09-05 23:59:22,1,UNNATURAL_GEOMETRIC_LINE,1.0000,N/A
2026-09-05 23:59:24,1,UNNATURAL_GEOMETRIC_LINE,1.0000,N/A
2026-09-05 23:59:26,1,UNNATURAL_GEOMETRIC_LINE,1.0000,N/A
2026-09-05 23:59:27,1,UNNATURAL_GEOMETRIC_LINE,1.0000,N/A
2026-09-05 23:59:28,1,UNNATURAL_GEOMETRIC_LINE,1.0000,N/A
2026-09-05 23:59:32,1,UNNATURAL_GEOMETRIC_LINE,1.0000,N/A
2026-09-05 23:59:35,1,UNNATURAL_GEOMETRIC_LINE,1.0000,N/A
2026-09-05 23:59:39,1,UNNATURAL_GEOMETRIC_LINE,1.0000,N/A
2026-09-05 23:59:40,1,UNNATURAL_GEOMETRIC_LINE,1.0000,N/A
2026-09-05 23:59:41,1,UNNATURAL_GEOMETRIC_LINE,1.0000,N/A
2026-09-05 23:59:44,1,UNNATURAL_GEOMETRIC_LINE,1.0000,N/A
2026-09-05 23:59:46,1,UNNATURAL_GEOMETRIC_LINE,1.0000,N/A
2026-09-05 23:59:49,1,UNNATURAL_GEOMETRIC_LINE,1.0000,N/A
2026-09-05 23:59:50,1,UNNATURAL_GEOMETRIC_LINE,1.0000,N/A
2026-09-05 23:59:52,1,UNNATURAL_GEOMETRIC_LINE,1.0000,N/A
2026-09-05 23:59:59,1,UNNATURAL_GEOMETRIC_LINE,1.0000,N/A
2026-09-06 00:00:00,1,UNNATURAL_GEOMETRIC_LINE,1.0000,N/A
2026-09-06 00:00:03,1,UNNATURAL_GEOMETRIC_LINE,1.0000,N/A
2026-09-06 00:00:07,1,UNNATURAL_GEOMETRIC_LINE,1.0000,N/A
2026-09-06 00:00:08,1,UNNATURAL_GEOMETRIC_LINE,1.0000,N/A
2026-09-06 00:00:10,1,UNNATURAL_GEOMETRIC_LINE,1.0000,N/A
2026-09-06 00:00:12,1,UNNATURAL_GEOMETRIC_LINE,1.0000,N/A
2026-09-06 00:00:13,1,UNNATURAL_GEOMETRIC_LINE,1.0000,N/A
2026-09-06 00:00:14,1,UNNATURAL_GEOMETRIC_LINE,1.0000,N/A
2026-09-06 00:00:19,1,UNNATURAL_GEOMETRIC_LINE,1.0000,N/A
2026-09-06 00:00:21,1,UNNATURAL_GEOMETRIC_LINE,1.0000,N/A
2026-09-06 00:00:24,1,UNNATURAL_GEOMETRIC_LINE,1.0000,N/A
2026-09-06 00:00:25,1,UNNATURAL_GEOMETRIC_LINE,1.0000,N/A
2026-09-06 00:00:27,1,UNNATURAL_GEOMETRIC_LINE,1.0000,N/A
2026-09-06 00:00:30,1,UNNATURAL_GEOMETRIC_LINE,1.0000,N/A
2026-09-06 00:00:30,1,UNNATURAL_GEOMETRIC_LINE,1.0000,N/A
2026-09-06 00:00:37,1,UNNATURAL_GEOMETRIC_LINE,1.0000,N/A
2026-09-06 00:00:41,1,UNNATURAL_GEOMETRIC_LINE,1.0000,N/A
2026-09-06 00:00:42,1,UNNATURAL_GEOMETRIC_LINE,1.0000,N/A
2026-09-06 00:00:43,1,UNNATURAL_GEOMETRIC_LINE,1.0000,N/A
2026-09-06 00:00:46,1,UNNATURAL_GEOMETRIC_LINE,1.0000,N/A
2026-09-06 00:00:47,1,UNNATURAL_GEOMETRIC_LINE,1.0000,N/A
2026-09-06 00:00:48,1,MECHANICAL_LOCK_NO_TREMOR,1.0000,N/A
2026-09-06 00:00:51,1,UNNATURAL_GEOMETRIC_LINE,1.0000,N/A
2026-09-06 00:00:52,1,UNNATURAL_GEOMETRIC_LINE,1.0000,N/A
2026-09-06 00:00:56,1,UNNATURAL_GEOMETRIC_LINE,1.0000,N/A
2026-09-06 00:00:59,1,UNNATURAL_GEOMETRIC_LINE,1.0000,N/A
2026-09-06 00:00:59,1,UNNATURAL_GEOMETRIC_LINE,1.0000,N/A
2026-09-06 00:01:00,1,MECHANICAL_LOCK_NO_TREMOR,1.0000,N/A
2026-09-06 00:01:02,1,UNNATURAL_GEOMETRIC_LINE,1.0000,N/A
2026-09-06 00:01:03,1,UNNATURAL_GEOMETRIC_LINE,1.0000,N/A
2026-09-06 00:01:07,1,UNNATURAL_GEOMETRIC_LINE,1.0000,N/A
2026-09-06 00:01:09,1,UNNATURAL_GEOMETRIC_LINE,1.0000,N/A
2026-09-06 00:01:10,1,UNNATURAL_GEOMETRIC_LINE,1.0000,N/A
2026-09-06 00:01:11,1,UNNATURAL_GEOMETRIC_LINE,1.0000,N/A
2026-09-06 00:01:14,1,UNNATURAL_GEOMETRIC_LINE,1.0000,N/A
2026-09-06 00:01:15,1,UNNATURAL_GEOMETRIC_LINE,1.0000,N/A
2026-09-06 00:01:22,1,UNNATURAL_GEOMETRIC_LINE,1.0000,N/A
2026-09-06 00:01:28,1,UNNATURAL_GEOMETRIC_LINE,1.0000,N/A
2026-09-06 00:01:31,1,UNNATURAL_GEOMETRIC_LINE,1.0000,N/A
2026-09-06 00:01:33,1,UNNATURAL_GEOMETRIC_LINE,1.0000,N/A
2026-09-06 00:01:37,1,UNNATURAL_GEOMETRIC_LINE,1.0000,N/A
2026-09-06 00:01:37,1,UNNATURAL_GEOMETRIC_LINE,1.0000,N/A
2026-09-06 00:01:39,1,UNNATURAL_GEOMETRIC_LINE,1.0000,N/A
2026-09-06 00:01:44,1,UNNATURAL_GEOMETRIC_LINE,1.0000,N/A
2026-09-06 00:01:45,1,UNNATURAL_GEOMETRIC_LINE,1.0000,N/A
2026-09-06 00:01:46,1,UNNATURAL_GEOMETRIC_LINE,1.0000,N/A
2026-09-06 00:01:50,1,UNNATURAL_GEOMETRIC_LINE,1.0000,N/A
2026-09-06 00:01:54,1,UNNATURAL_GEOMETRIC_LINE,1.0000,N/A
2026-09-06 00:01:57,1,UNNATURAL_GEOMETRIC_LINE,1.0000,N/A
2026-09-06 00:02:01,1,UNNATURAL_GEOMETRIC_LINE,1.0000,N/A
2026-09-06 00:02:03,1,UNNATURAL_GEOMETRIC_LINE,1.0000,N/A
2026-09-06 00:02:04,1,UNNATURAL_GEOMETRIC_LINE,1.0000,N/A
2026-09-06 00:02:09,1,UNNATURAL_GEOMETRIC_LINE,1.0000,N/A
2026-09-06 00:02:12,1,UNNATURAL_GEOMETRIC_LINE,1.0000,N/A
2026-09-06 00:02:12,1,UNNATURAL_GEOMETRIC_LINE,1.0000,N/A
2026-09-06 00:02:15,1,UNNATURAL_GEOMETRIC_LINE,1.0000,N/A
2026-09-06 00:02:17,1,UNNATURAL_GEOMETRIC_LINE,1.0000,N/A
2026-09-06 00:02:18,1,UNNATURAL_GEOMETRIC_LINE,1.0000,N/A
2026-09-06 00:02:20,1,UNNATURAL_GEOMETRIC_LINE,1.0000,N/A
2026-09-06 00:02:23,1,UNNATURAL_GEOMETRIC_LINE,1.0000,N/A
2026-09-06 00:02:24,1,UNNATURAL_GEOMETRIC_LINE,1.0000,N/A
2026-09-06 00:02:31,1,UNNATURAL_GEOMETRIC_LINE,1.0000,N/A
2026-09-06 00:02:36,1,UNNATURAL_GEOMETRIC_LINE,1.0000,N/A
2026-09-06 00:02:37,1,UNNATURAL_GEOMETRIC_LINE,1.0000,N/A
2026-09-06 00:02:38,1,UNNATURAL_GEOMETRIC_LINE,1.0000,N/A
2026-09-06 00:02:43,1,UNNATURAL_GEOMETRIC_LINE,1.0000,N/A
2026-09-06 00:02:43,1,UNNATURAL_GEOMETRIC_LINE,1.0000,N/A
2026-09-06 00:02:46,1,UNNATURAL_GEOMETRIC_LINE,1.0000,N/A
2026-09-06 00:02:49,1,UNNATURAL_GEOMETRIC_LINE,1.0000,N/A
2026-09-06 00:02:50,1,UNNATURAL_GEOMETRIC_LINE,1.0000,N/A
2026-09-06 00:02:56,1,UNNATURAL_GEOMETRIC_LINE,1.0000,N/A
2026-09-06 00:02:59,1,UNNATURAL_GEOMETRIC_LINE,1.0000,N/A
2026-09-06 00:02:59,1,UNNATURAL_GEOMETRIC_LINE,1.0000,N/A
2026-09-06 00:03:03,1,UNNATURAL_GEOMETRIC_LINE,1.0000,N/A
2026-09-06 00:03:07,1,UNNATURAL_GEOMETRIC_LINE,1.0000,N/A
2026-09-06 00:03:08,1,UNNATURAL_GEOMETRIC_LINE,1.0000,N/A
2026-09-06 00:03:10,1,UNNATURAL_GEOMETRIC_LINE,1.0000,N/A
2026-09-06 00:03:13,1,UNNATURAL_GEOMETRIC_LINE,1.0000,N/A
2026-09-06 00:03:14,1,UNNATURAL_GEOMETRIC_LINE,1.0000,N/A
2026-09-06 00:03:15,1,UNNATURAL_GEOMETRIC_LINE,1.0000,N/A
2026-09-06 00:03:18,1,UNNATURAL_GEOMETRIC_LINE,1.0000,N/A
2026-09-06 00:03:19,1,UNNATURAL_GEOMETRIC_LINE,1.0000,N/A
2026-09-06 00:03:21,1,UNNATURAL_GEOMETRIC_LINE,1.0000,N/A
2026-09-06 00:03:22,1,UNNATURAL_GEOMETRIC_LINE,1.0000,N/A
2026-09-06 00:03:28,1,UNNATURAL_GEOMETRIC_LINE,1.0000,N/A
2026-09-06 00:03:32,1,UNNATURAL_GEOMETRIC_LINE,1.0000,N/A
2026-09-06 00:03:33,1,UNNATURAL_GEOMETRIC_LINE,1.0000,N/A
2026-09-06 00:03:38,1,UNNATURAL_GEOMETRIC_LINE,1.0000,N/A
2026-09-06 00:03:44,1,UNNATURAL_GEOMETRIC_LINE,1.0000,N/A
2026-09-06 00:03:46,1,UNNATURAL_GEOMETRIC_LINE,1.0000,N/A
2026-09-06 00:03:52,1,UNNATURAL_GEOMETRIC_LINE,1.0000,N/A
2026-09-06 00:03:53,1,UNNATURAL_GEOMETRIC_LINE,1.0000,N/A
2026-09-06 00:03:55,1,UNNATURAL_GEOMETRIC_LINE,1.0000,N/A
2026-09-06 00:03:57,1,UNNATURAL_GEOMETRIC_LINE,1.0000,N/A
2026-09-06 00:04:02,1,UNNATURAL_GEOMETRIC_LINE,1.0000,N/A
2026-09-06 00:04:04,1,UNNATURAL_GEOMETRIC_LINE,1.0000,N/A
2026-09-06 00:04:05,1,UNNATURAL_GEOMETRIC_LINE,1.0000,N/A
2026-09-06 00:04:10,1,UNNATURAL_GEOMETRIC_LINE,1.0000,N/A
2026-09-06 00:04:13,1,UNNATURAL_GEOMETRIC_LINE,1.0000,N/A
2026-09-06 00:04:14,1,UNNATURAL_GEOMETRIC_LINE,1.0000,N/A
2026-09-06 00:04:16,1,UNNATURAL_GEOMETRIC_LINE,1.0000,N/A
2026-09-06 00:04:20,1,UNNATURAL_GEOMETRIC_LINE,1.0000,N/A
2026-09-06 00:04:21,1,UNNATURAL_GEOMETRIC_LINE,1.0000,N/A
2026-09-06 00:04:23,1,UNNATURAL_GEOMETRIC_LINE,1.0000,N/A
2026-09-06 00:04:28,1,UNNATURAL_GEOMETRIC_LINE,1.0000,N/A
2026-09-06 00:04:31,1,UNNATURAL_GEOMETRIC_LINE,1.0000,N/A
2026-09-06 00:04:33,1,UNNATURAL_GEOMETRIC_LINE,1.0000,N/A
2026-09-06 00:04:34,1,UNNATURAL_GEOMETRIC_LINE,1.0000,N/A
2026-09-06 00:04:42,1,UNNATURAL_GEOMETRIC_LINE,1.0000,N/A
2026-09-06 00:04:46,1,UNNATURAL_GEOMETRIC_LINE,1.0000,N/A
2026-09-06 00:04:47,1,UNNATURAL_GEOMETRIC_LINE,1.0000,N/A
2026-09-06 00:04:55,1,UNNATURAL_GEOMETRIC_LINE,1.0000,N/A
2026-09-06 00:04:56,1,UNNATURAL_GEOMETRIC_LINE,1.0000,N/A
2026-09-06 00:04:57,1,UNNATURAL_GEOMETRIC_LINE,1.0000,N/A
2026-09-06 00:04:59,1,UNNATURAL_GEOMETRIC_LINE,1.0000,N/A
2026-09-06 00:05:00,1,UNNATURAL_GEOMETRIC_LINE,1.0000,N/A
2026-09-06 00:05:02,1,UNNATURAL_GEOMETRIC_LINE,1.0000,N/A
2026-09-06 00:05:12,1,UNNATURAL_GEOMETRIC_LINE,1.0000,N/A
2026-09-06 00:05:13,1,UNNATURAL_GEOMETRIC_LINE,1.0000,N/A
2026-09-06 00:05:14,1,UNNATURAL_GEOMETRIC_LINE,1.0000,N/A
2026-09-06 00:05:18,1,UNNATURAL_GEOMETRIC_LINE,1.0000,N/A
2026-09-06 00:05:19,1,UNNATURAL_GEOMETRIC_LINE,1.0000,N/A
2026-09-06 00:05:21,1,UNNATURAL_GEOMETRIC_LINE,1.0000,N/A
2026-09-06 00:05:22,1,UNNATURAL_GEOMETRIC_LINE,1.0000,N/A
2026-09-06 00:05:26,1,UNNATURAL_GEOMETRIC_LINE,1.0000,N/A
2026-09-06 00:05:28,1,UNNATURAL_GEOMETRIC_LINE,1.0000,N/A
2026-09-06 00:05:29,1,UNNATURAL_GEOMETRIC_LINE,1.0000,N/A
2026-09-06 00:05:30,1,UNNATURAL_GEOMETRIC_LINE,1.0000,N/A
2026-09-06 00:05:33,1,UNNATURAL_GEOMETRIC_LINE,1.0000,N/A
2026-09-06 00:05:34,1,UNNATURAL_GEOMETRIC_LINE,1.0000,N/A
2026-09-06 00:05:35,1,UNNATURAL_GEOMETRIC_LINE,1.0000,N/A
2026-09-06 00:05:38,1,UNNATURAL_GEOMETRIC_LINE,1.0000,N/A
2026-09-06 00:05:39,1,UNNATURAL_GEOMETRIC_LINE,1.0000,N/A
2026-09-06 00:05:41,1,UNNATURAL_GEOMETRIC_LINE,1.0000,N/A
2026-09-06 00:05:44,1,UNNATURAL_GEOMETRIC_LINE,1.0000,N/A
2026-09-06 00:05:45,1,UNNATURAL_GEOMETRIC_LINE,1.0000,N/A
2026-09-06 00:05:46,1,UNNATURAL_GEOMETRIC_LINE,1.0000,N/A
2026-09-06 00:05:50,1,UNNATURAL_GEOMETRIC_LINE,1.0000,N/A
2026-09-06 00:05:53,1,UNNATURAL_GEOMETRIC_LINE,1.0000,N/A
2026-09-06 00:05:58,1,UNNATURAL_GEOMETRIC_LINE,1.0000,N/A
2026-09-06 00:06:03,1,UNNATURAL_GEOMETRIC_LINE,1.0000,N/A
2026-09-06 00:06:07,1,UNNATURAL_GEOMETRIC_LINE,1.0000,N/A
2026-09-06 00:06:08,1,UNNATURAL_GEOMETRIC_LINE,1.0000,N/A
2026-09-06 00:06:13,1,UNNATURAL_GEOMETRIC_LINE,1.0000,N/A
2026-09-06 00:06:20,1,UNNATURAL_GEOMETRIC_LINE,1.0000,N/A
2026-09-06 00:06:21,1,UNNATURAL_GEOMETRIC_LINE,1.0000,N/A
2026-09-06 00:06:22,1,MECHANICAL_LOCK_NO_TREMOR,1.0000,N/A
2026-09-06 00:06:27,1,UNNATURAL_GEOMETRIC_LINE,1.0000,N/A
2026-09-06 00:06:28,1,UNNATURAL_GEOMETRIC_LINE,1.0000,N/A
2026-09-06 00:06:31,1,UNNATURAL_GEOMETRIC_LINE,1.0000,N/A
2026-09-06 00:06:35,1,UNNATURAL_GEOMETRIC_LINE,1.0000,N/A
2026-09-06 00:06:35,1,UNNATURAL_GEOMETRIC_LINE,1.0000,N/A
2026-09-06 00:06:41,1,UNNATURAL_GEOMETRIC_LINE,1.0000,N/A
2026-09-06 00:06:46,1,UNNATURAL_GEOMETRIC_LINE,1.0000,N/A
2026-09-06 00:06:47,1,UNNATURAL_GEOMETRIC_LINE,1.0000,N/A
2026-09-06 00:06:57,1,UNNATURAL_GEOMETRIC_LINE,1.0000,N/A
2026-09-06 00:07:00,1,UNNATURAL_GEOMETRIC_LINE,1.0000,N/A
2026-09-06 00:07:01,1,UNNATURAL_GEOMETRIC_LINE,1.0000,N/A
2026-09-06 00:07:04,1,UNNATURAL_GEOMETRIC_LINE,1.0000,N/A
2026-09-06 00:07:11,1,UNNATURAL_GEOMETRIC_LINE,1.0000,N/A
2026-09-06 00:07:12,1,UNNATURAL_GEOMETRIC_LINE,1.0000,N/A
2026-09-06 00:07:14,1,UNNATURAL_GEOMETRIC_LINE,1.0000,N/A
2026-09-06 00:07:21,1,UNNATURAL_GEOMETRIC_LINE,1.0000,N/A
2026-09-06 00:07:22,1,UNNATURAL_GEOMETRIC_LINE,1.0000,N/A
2026-09-06 00:07:39,1,UNNATURAL_GEOMETRIC_LINE,1.0000,N/A
2026-09-06 00:07:41,1,UNNATURAL_GEOMETRIC_LINE,1.0000,N/A
2026-09-06 00:07:42,1,UNNATURAL_GEOMETRIC_LINE,1.0000,N/A
2026-09-06 00:07:43,1,MECHANICAL_LOCK_NO_TREMOR,1.0000,N/A
2026-09-06 00:07:46,1,UNNATURAL_GEOMETRIC_LINE,1.0000,N/A
2026-09-06 00:07:47,1,UNNATURAL_GEOMETRIC_LINE,1.0000,N/A
2026-09-06 00:07:48,1,UNNATURAL_GEOMETRIC_LINE,1.0000,N/A
2026-09-06 00:07:50,1,UNNATURAL_GEOMETRIC_LINE,1.0000,N/A
2026-09-06 00:07:51,1,UNNATURAL_GEOMETRIC_LINE,1.0000,N/A
2026-09-06 00:07:54,1,UNNATURAL_GEOMETRIC_LINE,1.0000,N/A
2026-09-06 00:07:58,1,UNNATURAL_GEOMETRIC_LINE,1.0000,N/A
2026-09-06 00:07:58,1,UNNATURAL_GEOMETRIC_LINE,1.0000,N/A
2026-09-06 00:07:59,1,MECHANICAL_LOCK_NO_TREMOR,1.0000,N/A
2026-09-06 00:08:02,1,UNNATURAL_GEOMETRIC_LINE,1.0000,N/A
2026-09-06 00:08:03,1,UNNATURAL_GEOMETRIC_LINE,1.0000,N/A
2026-09-06 00:08:06,1,UNNATURAL_GEOMETRIC_LINE,1.0000,N/A
2026-09-06 00:08:08,1,UNNATURAL_GEOMETRIC_LINE,1.0000,N/A
2026-09-06 00:08:09,1,UNNATURAL_GEOMETRIC_LINE,1.0000,N/A
2026-09-06 00:08:21,1,UNNATURAL_GEOMETRIC_LINE,1.0000,N/A
2026-09-06 00:08:22,1,UNNATURAL_GEOMETRIC_LINE,1.0000,N/A
2026-09-06 00:08:24,1,UNNATURAL_GEOMETRIC_LINE,1.0000,N/A
2026-09-06 00:08:27,1,UNNATURAL_GEOMETRIC_LINE,1.0000,N/A
2026-09-06 00:08:28,1,UNNATURAL_GEOMETRIC_LINE,1.0000,N/A
2026-09-06 00:08:29,1,UNNATURAL_GEOMETRIC_LINE,1.0000,N/A
2026-09-06 00:08:32,1,UNNATURAL_GEOMETRIC_LINE,1.0000,N/A
2026-09-06 00:08:33,1,UNNATURAL_GEOMETRIC_LINE,1.0000,N/A
2026-09-06 00:08:35,1,UNNATURAL_GEOMETRIC_LINE,1.0000,N/A
2026-09-06 00:08:39,1,UNNATURAL_GEOMETRIC_LINE,1.0000,N/A
2026-09-06 00:08:42,1,UNNATURAL_GEOMETRIC_LINE,1.0000,N/A
2026-09-06 00:08:43,1,UNNATURAL_GEOMETRIC_LINE,1.0000,N/A
2026-09-06 00:08:47,1,UNNATURAL_GEOMETRIC_LINE,1.0000,N/A
2026-09-06 00:08:50,1,UNNATURAL_GEOMETRIC_LINE,1.0000,N/A
2026-09-06 00:08:51,1,UNNATURAL_GEOMETRIC_LINE,1.0000,N/A
2026-09-06 00:08:56,1,UNNATURAL_GEOMETRIC_LINE,1.0000,N/A
2026-09-06 00:09:01,1,UNNATURAL_GEOMETRIC_LINE,1.0000,N/A
2026-09-06 00:09:04,1,UNNATURAL_GEOMETRIC_LINE,1.0000,N/A
2026-09-06 00:09:06,1,UNNATURAL_GEOMETRIC_LINE,1.0000,N/A
2026-09-06 00:09:07,1,UNNATURAL_GEOMETRIC_LINE,1.0000,N/A
2026-09-06 00:09:08,1,UNNATURAL_GEOMETRIC_LINE,1.0000,N/A
2026-09-06 00:09:10,1,UNNATURAL_GEOMETRIC_LINE,1.0000,N/A
2026-09-06 00:09:11,1,UNNATURAL_GEOMETRIC_LINE,1.0000,N/A
2026-09-06 00:09:14,1,UNNATURAL_GEOMETRIC_LINE,1.0000,N/A
2026-09-06 00:09:16,1,UNNATURAL_GEOMETRIC_LINE,1.0000,N/A
2026-09-06 00:09:18,1,UNNATURAL_GEOMETRIC_LINE,1.0000,N/A
2026-09-06 00:09:19,1,UNNATURAL_GEOMETRIC_LINE,1.0000,N/A
2026-09-06 00:09:22,1,UNNATURAL_GEOMETRIC_LINE,1.0000,N/A
2026-09-06 00:09:24,1,UNNATURAL_GEOMETRIC_LINE,1.0000,N/A
2026-09-06 00:09:25,1,UNNATURAL_GEOMETRIC_LINE,1.0000,N/A
2026-09-06 00:09:26,1,UNNATURAL_GEOMETRIC_LINE,1.0000,N/A
2026-09-06 00:09:31,1,UNNATURAL_GEOMETRIC_LINE,1.0000,N/A
2026-09-06 00:09:32,1,UNNATURAL_GEOMETRIC_LINE,1.0000,N/A
2026-09-06 00:09:35,1,UNNATURAL_GEOMETRIC_LINE,1.0000,N/A
2026-09-06 00:09:37,1,UNNATURAL_GEOMETRIC_LINE,1.0000,N/A
2026-09-06 00:09:38,1,UNNATURAL_GEOMETRIC_LINE,1.0000,N/A
2026-09-06 00:09:39,1,UNNATURAL_GEOMETRIC_LINE,1.0000,N/A
2026-09-06 00:09:42,1,UNNATURAL_GEOMETRIC_LINE,1.0000,N/A
2026-09-06 00:09:43,1,UNNATURAL_GEOMETRIC_LINE,1.0000,N/A
2026-09-06 00:09:45,1,UNNATURAL_GEOMETRIC_LINE,1.0000,N/A
2026-09-06 00:09:48,1,UNNATURAL_GEOMETRIC_LINE,1.0000,N/A
2026-09-06 00:09:49,1,UNNATURAL_GEOMETRIC_LINE,1.0000,N/A
2026-09-06 00:09:52,1,UNNATURAL_GEOMETRIC_LINE,1.0000,N/A
2026-09-06 00:09:53,1,UNNATURAL_GEOMETRIC_LINE,1.0000,N/A
2026-09-06 00:09:55,1,UNNATURAL_GEOMETRIC_LINE,1.0000,N/A
2026-09-06 00:09:59,1,UNNATURAL_GEOMETRIC_LINE,1.0000,N/A
2026-09-06 00:10:00,1,UNNATURAL_GEOMETRIC_LINE,1.0000,N/A
2026-09-06 00:10:01,1,UNNATURAL_GEOMETRIC_LINE,1.0000,N/A
2026-09-06 00:10:03,1,UNNATURAL_GEOMETRIC_LINE,1.0000,N/A
2026-09-06 00:10:04,1,UNNATURAL_GEOMETRIC_LINE,1.0000,N/A
2026-09-06 00:10:11,1,UNNATURAL_GEOMETRIC_LINE,1.0000,N/A
2026-09-06 00:10:14,1,UNNATURAL_GEOMETRIC_LINE,1.0000,N/A
2026-09-06 00:10:15,1,UNNATURAL_GEOMETRIC_LINE,1.0000,N/A
2026-09-06 00:10:17,1,UNNATURAL_GEOMETRIC_LINE,1.0000,N/A
2026-09-06 00:10:18,1,UNNATURAL_GEOMETRIC_LINE,1.0000,N/A
2026-09-06 00:10:24,1,UNNATURAL_GEOMETRIC_LINE,1.0000,N/A
2026-09-06 00:10:26,1,UNNATURAL_GEOMETRIC_LINE,1.0000,N/A
2026-09-06 00:10:27,1,UNNATURAL_GEOMETRIC_LINE,1.0000,N/A
2026-09-06 00:10:29,1,UNNATURAL_GEOMETRIC_LINE,1.0000,N/A
2026-09-06 00:10:37,1,UNNATURAL_GEOMETRIC_LINE,1.0000,N/A
2026-09-06 00:10:38,1,UNNATURAL_GEOMETRIC_LINE,1.0000,N/A
2026-09-06 00:10:42,1,UNNATURAL_GEOMETRIC_LINE,1.0000,N/A
2026-09-06 00:10:45,1,UNNATURAL_GEOMETRIC_LINE,1.0000,N/A
2026-09-06 00:10:46,1,UNNATURAL_GEOMETRIC_LINE,1.0000,N/A
2026-09-06 00:10:56,1,UNNATURAL_GEOMETRIC_LINE,1.0000,N/A
2026-09-06 00:11:02,1,UNNATURAL_GEOMETRIC_LINE,1.0000,N/A
2026-09-06 00:11:04,1,UNNATURAL_GEOMETRIC_LINE,1.0000,N/A
2026-09-06 00:11:05,1,UNNATURAL_GEOMETRIC_LINE,1.0000,N/A
2026-09-06 00:11:07,1,UNNATURAL_GEOMETRIC_LINE,1.0000,N/A
2026-09-06 00:11:10,1,UNNATURAL_GEOMETRIC_LINE,1.0000,N/A
2026-09-06 00:11:11,1,UNNATURAL_GEOMETRIC_LINE,1.0000,N/A
2026-09-06 00:11:12,1,UNNATURAL_GEOMETRIC_LINE,1.0000,N/A
2026-09-06 00:11:17,1,UNNATURAL_GEOMETRIC_LINE,1.0000,N/A
2026-09-06 00:11:18,1,UNNATURAL_GEOMETRIC_LINE,1.0000,N/A
2026-09-06 00:11:21,1,UNNATURAL_GEOMETRIC_LINE,1.0000,N/A
2026-09-06 00:11:23,1,UNNATURAL_GEOMETRIC_LINE,1.0000,N/A
2026-09-06 00:11:24,1,UNNATURAL_GEOMETRIC_LINE,1.0000,N/A
2026-09-06 00:11:25,1,UNNATURAL_GEOMETRIC_LINE,1.0000,N/A
2026-09-06 00:11:28,1,UNNATURAL_GEOMETRIC_LINE,1.0000,N/A
2026-09-06 00:11:28,1,UNNATURAL_GEOMETRIC_LINE,1.0000,N/A
2026-09-06 00:11:29,1,MECHANICAL_LOCK_NO_TREMOR,1.0000,N/A
2026-09-06 00:11:32,1,UNNATURAL_GEOMETRIC_LINE,1.0000,N/A
2026-09-06 00:11:33,1,UNNATURAL_GEOMETRIC_LINE,1.0000,N/A
2026-09-06 00:11:36,1,UNNATURAL_GEOMETRIC_LINE,1.0000,N/A
2026-09-06 00:11:40,1,UNNATURAL_GEOMETRIC_LINE,1.0000,N/A
2026-09-06 00:11:41,1,UNNATURAL_GEOMETRIC_LINE,1.0000,N/A
2026-09-06 00:11:44,1,UNNATURAL_GEOMETRIC_LINE,1.0000,N/A
2026-09-06 00:11:45,1,UNNATURAL_GEOMETRIC_LINE,1.0000,N/A
2026-09-06 00:11:46,1,MECHANICAL_LOCK_NO_TREMOR,1.0000,N/A
2026-09-06 00:11:50,1,UNNATURAL_GEOMETRIC_LINE,1.0000,N/A
2026-09-06 00:11:50,1,UNNATURAL_GEOMETRIC_LINE,1.0000,N/A
2026-09-06 00:11:54,1,UNNATURAL_GEOMETRIC_LINE,1.0000,N/A
2026-09-06 00:11:56,1,UNNATURAL_GEOMETRIC_LINE,1.0000,N/A
2026-09-06 00:11:57,1,UNNATURAL_GEOMETRIC_LINE,1.0000,N/A
2026-09-06 00:12:14,1,UNNATURAL_GEOMETRIC_LINE,1.0000,N/A
2026-09-06 00:12:21,1,UNNATURAL_GEOMETRIC_LINE,1.0000,N/A
2026-09-06 00:12:22,1,UNNATURAL_GEOMETRIC_LINE,1.0000,N/A
2026-09-06 00:12:23,1,UNNATURAL_GEOMETRIC_LINE,1.0000,N/A
2026-09-06 00:12:26,1,UNNATURAL_GEOMETRIC_LINE,1.0000,N/A
2026-09-06 00:12:27,1,UNNATURAL_GEOMETRIC_LINE,1.0000,N/A
2026-09-06 00:12:30,1,UNNATURAL_GEOMETRIC_LINE,1.0000,N/A
2026-09-06 00:12:31,1,UNNATURAL_GEOMETRIC_LINE,1.0000,N/A
2026-09-06 00:12:35,1,UNNATURAL_GEOMETRIC_LINE,1.0000,N/A
2026-09-06 00:12:44,1,UNNATURAL_GEOMETRIC_LINE,1.0000,N/A
2026-09-06 00:12:45,1,UNNATURAL_GEOMETRIC_LINE,1.0000,N/A
2026-09-06 00:12:48,1,UNNATURAL_GEOMETRIC_LINE,1.0000,N/A
2026-09-06 00:12:50,1,UNNATURAL_GEOMETRIC_LINE,1.0000,N/A
2026-09-06 00:12:51,1,UNNATURAL_GEOMETRIC_LINE,1.0000,N/A
2026-09-06 00:12:56,1,UNNATURAL_GEOMETRIC_LINE,1.0000,N/A
2026-09-06 00:13:01,1,UNNATURAL_GEOMETRIC_LINE,1.0000,N/A
2026-09-06 00:13:02,1,UNNATURAL_GEOMETRIC_LINE,1.0000,N/A
2026-09-06 00:13:09,1,UNNATURAL_GEOMETRIC_LINE,1.0000,N/A
2026-09-06 00:13:11,1,UNNATURAL_GEOMETRIC_LINE,1.0000,N/A
2026-09-06 00:13:12,1,UNNATURAL_GEOMETRIC_LINE,1.0000,N/A
2026-09-06 00:13:13,1,UNNATURAL_GEOMETRIC_LINE,1.0000,N/A
2026-09-06 00:13:16,1,UNNATURAL_GEOMETRIC_LINE,1.0000,N/A
2026-09-06 00:13:17,1,UNNATURAL_GEOMETRIC_LINE,1.0000,N/A
2026-09-06 00:13:18,1,UNNATURAL_GEOMETRIC_LINE,1.0000,N/A
2026-09-06 00:13:24,1,UNNATURAL_GEOMETRIC_LINE,1.0000,N/A
2026-09-06 00:13:26,1,UNNATURAL_GEOMETRIC_LINE,1.0000,N/A
2026-09-06 00:13:29,1,UNNATURAL_GEOMETRIC_LINE,1.0000,N/A
2026-09-06 00:13:30,1,UNNATURAL_GEOMETRIC_LINE,1.0000,N/A
2026-09-06 00:13:36,1,UNNATURAL_GEOMETRIC_LINE,1.0000,N/A
2026-09-06 00:13:38,1,UNNATURAL_GEOMETRIC_LINE,1.0000,N/A
2026-09-06 00:13:39,1,UNNATURAL_GEOMETRIC_LINE,1.0000,N/A
2026-09-06 00:13:45,1,UNNATURAL_GEOMETRIC_LINE,1.0000,N/A
2026-09-06 00:13:49,1,UNNATURAL_GEOMETRIC_LINE,1.0000,N/A
2026-09-06 00:13:50,1,UNNATURAL_GEOMETRIC_LINE,1.0000,N/A
2026-09-06 00:13:51,1,MECHANICAL_LOCK_NO_TREMOR,1.0000,N/A
2026-09-06 00:13:53,1,UNNATURAL_GEOMETRIC_LINE,1.0000,N/A
2026-09-06 00:13:54,1,UNNATURAL_GEOMETRIC_LINE,1.0000,N/A
2026-09-06 00:13:55,1,UNNATURAL_GEOMETRIC_LINE,1.0000,N/A
2026-09-06 00:13:57,1,UNNATURAL_GEOMETRIC_LINE,1.0000,N/A
2026-09-06 00:13:58,1,UNNATURAL_GEOMETRIC_LINE,1.0000,N/A
2026-09-06 00:14:00,1,UNNATURAL_GEOMETRIC_LINE,1.0000,N/A
2026-09-06 00:14:02,1,UNNATURAL_GEOMETRIC_LINE,1.0000,N/A
2026-09-06 00:14:02,1,UNNATURAL_GEOMETRIC_LINE,1.0000,N/A
2026-09-06 00:14:06,1,UNNATURAL_GEOMETRIC_LINE,1.0000,N/A
2026-09-06 00:14:09,1,UNNATURAL_GEOMETRIC_LINE,1.0000,N/A
2026-09-06 00:14:13,1,UNNATURAL_GEOMETRIC_LINE,1.0000,N/A
2026-09-06 00:14:15,1,UNNATURAL_GEOMETRIC_LINE,1.0000,N/A
2026-09-06 00:14:16,1,UNNATURAL_GEOMETRIC_LINE,1.0000,N/A
2026-09-06 00:14:17,1,UNNATURAL_GEOMETRIC_LINE,1.0000,N/A
2026-09-06 00:14:21,1,UNNATURAL_GEOMETRIC_LINE,1.0000,N/A
2026-09-06 00:14:24,1,UNNATURAL_GEOMETRIC_LINE,1.0000,N/A
2026-09-06 00:14:26,1,UNNATURAL_GEOMETRIC_LINE,1.0000,N/A
2026-09-06 00:14:27,1,UNNATURAL_GEOMETRIC_LINE,1.0000,N/A
2026-09-06 00:14:32,1,UNNATURAL_GEOMETRIC_LINE,1.0000,N/A
2026-09-06 00:14:35,1,UNNATURAL_GEOMETRIC_LINE,1.0000,N/A
2026-09-06 00:14:36,1,UNNATURAL_GEOMETRIC_LINE,1.0000,N/A
2026-09-06 00:14:44,1,UNNATURAL_GEOMETRIC_LINE,1.0000,N/A
2026-09-06 00:14:45,1,UNNATURAL_GEOMETRIC_LINE,1.0000,N/A
2026-09-06 00:14:47,1,UNNATURAL_GEOMETRIC_LINE,1.0000,N/A
2026-09-06 00:14:49,1,UNNATURAL_GEOMETRIC_LINE,1.0000,N/A
2026-09-06 00:14:50,1,UNNATURAL_GEOMETRIC_LINE,1.0000,N/A
2026-09-06 00:14:57,1,UNNATURAL_GEOMETRIC_LINE,1.0000,N/A
2026-09-06 00:15:00,1,UNNATURAL_GEOMETRIC_LINE,1.0000,N/A
2026-09-06 00:15:01,1,UNNATURAL_GEOMETRIC_LINE,1.0000,N/A
2026-09-06 00:15:02,1,UNNATURAL_GEOMETRIC_LINE,1.0000,N/A
2026-09-06 00:15:05,1,UNNATURAL_GEOMETRIC_LINE,1.0000,N/A
2026-09-06 00:15:06,1,UNNATURAL_GEOMETRIC_LINE,1.0000,N/A
2026-09-06 00:15:07,1,UNNATURAL_GEOMETRIC_LINE,1.0000,N/A
2026-09-06 00:15:11,1,UNNATURAL_GEOMETRIC_LINE,1.0000,N/A
2026-09-06 00:15:12,1,UNNATURAL_GEOMETRIC_LINE,1.0000,N/A
2026-09-06 00:15:17,1,UNNATURAL_GEOMETRIC_LINE,1.0000,N/A
2026-09-06 00:15:20,1,UNNATURAL_GEOMETRIC_LINE,1.0000,N/A
2026-09-06 00:15:20,1,UNNATURAL_GEOMETRIC_LINE,1.0000,N/A
2026-09-06 00:15:23,1,UNNATURAL_GEOMETRIC_LINE,1.0000,N/A
2026-09-06 00:15:25,1,UNNATURAL_GEOMETRIC_LINE,1.0000,N/A
2026-09-06 00:15:26,1,UNNATURAL_GEOMETRIC_LINE,1.0000,N/A
2026-09-06 00:15:30,1,UNNATURAL_GEOMETRIC_LINE,1.0000,N/A
2026-09-06 00:15:32,1,UNNATURAL_GEOMETRIC_LINE,1.0000,N/A
2026-09-06 00:15:33,1,UNNATURAL_GEOMETRIC_LINE,1.0000,N/A
2026-09-06 00:15:34,1,MECHANICAL_LOCK_NO_TREMOR,1.0000,N/A
2026-09-06 00:15:37,1,UNNATURAL_GEOMETRIC_LINE,1.0000,N/A
2026-09-06 00:15:38,1,UNNATURAL_GEOMETRIC_LINE,1.0000,N/A
2026-09-06 00:15:39,1,UNNATURAL_GEOMETRIC_LINE,1.0000,N/A
2026-09-06 00:15:45,1,UNNATURAL_GEOMETRIC_LINE,1.0000,N/A
2026-09-06 00:15:49,1,UNNATURAL_GEOMETRIC_LINE,1.0000,N/A
2026-09-06 00:15:55,1,UNNATURAL_GEOMETRIC_LINE,1.0000,N/A
2026-09-06 00:15:56,1,UNNATURAL_GEOMETRIC_LINE,1.0000,N/A
2026-09-06 00:16:01,1,UNNATURAL_GEOMETRIC_LINE,1.0000,N/A
2026-09-06 00:16:03,1,UNNATURAL_GEOMETRIC_LINE,1.0000,N/A
2026-09-06 00:16:07,1,UNNATURAL_GEOMETRIC_LINE,1.0000,N/A
2026-09-06 00:16:08,1,UNNATURAL_GEOMETRIC_LINE,1.0000,N/A
2026-09-06 00:16:14,1,UNNATURAL_GEOMETRIC_LINE,1.0000,N/A
2026-09-06 00:16:17,1,UNNATURAL_GEOMETRIC_LINE,1.0000,N/A
2026-09-06 00:16:17,1,UNNATURAL_GEOMETRIC_LINE,1.0000,N/A
2026-09-06 00:16:24,1,UNNATURAL_GEOMETRIC_LINE,1.0000,N/A
2026-09-06 00:16:28,1,UNNATURAL_GEOMETRIC_LINE,1.0000,N/A
2026-09-06 00:16:28,1,UNNATURAL_GEOMETRIC_LINE,1.0000,N/A
2026-09-06 00:16:30,1,UNNATURAL_GEOMETRIC_LINE,1.0000,N/A
2026-09-06 00:16:33,1,UNNATURAL_GEOMETRIC_LINE,1.0000,N/A
2026-09-06 00:16:34,1,UNNATURAL_GEOMETRIC_LINE,1.0000,N/A
2026-09-06 00:16:35,1,UNNATURAL_GEOMETRIC_LINE,1.0000,N/A
2026-09-06 00:16:37,1,UNNATURAL_GEOMETRIC_LINE,1.0000,N/A
2026-09-06 00:16:38,1,UNNATURAL_GEOMETRIC_LINE,1.0000,N/A
2026-09-06 00:16:39,1,MECHANICAL_LOCK_NO_TREMOR,1.0000,N/A
2026-09-06 00:16:41,1,UNNATURAL_GEOMETRIC_LINE,1.0000,N/A
2026-09-06 00:16:42,1,UNNATURAL_GEOMETRIC_LINE,1.0000,N/A
2026-09-06 00:16:47,1,UNNATURAL_GEOMETRIC_LINE,1.0000,N/A
2026-09-06 00:16:51,1,UNNATURAL_GEOMETRIC_LINE,1.0000,N/A
2026-09-06 00:16:53,1,UNNATURAL_GEOMETRIC_LINE,1.0000,N/A
2026-09-06 00:16:54,1,UNNATURAL_GEOMETRIC_LINE,1.0000,N/A
2026-09-06 00:16:55,1,UNNATURAL_GEOMETRIC_LINE,1.0000,N/A
2026-09-06 00:16:58,1,UNNATURAL_GEOMETRIC_LINE,1.0000,N/A
2026-09-06 00:16:58,1,UNNATURAL_GEOMETRIC_LINE,1.0000,N/A
2026-09-06 00:17:01,1,UNNATURAL_GEOMETRIC_LINE,1.0000,N/A
2026-09-06 00:17:03,1,UNNATURAL_GEOMETRIC_LINE,1.0000,N/A
2026-09-06 00:17:04,1,UNNATURAL_GEOMETRIC_LINE,1.0000,N/A
2026-09-06 00:17:05,1,UNNATURAL_GEOMETRIC_LINE,1.0000,N/A
2026-09-06 00:17:07,1,UNNATURAL_GEOMETRIC_LINE,1.0000,N/A
2026-09-06 00:17:08,1,UNNATURAL_GEOMETRIC_LINE,1.0000,N/A
2026-09-06 00:17:10,1,UNNATURAL_GEOMETRIC_LINE,1.0000,N/A
2026-09-06 00:17:13,1,UNNATURAL_GEOMETRIC_LINE,1.0000,N/A
2026-09-06 00:17:13,1,UNNATURAL_GEOMETRIC_LINE,1.0000,N/A
2026-09-06 00:17:17,1,UNNATURAL_GEOMETRIC_LINE,1.0000,N/A
2026-09-06 00:17:21,1,UNNATURAL_GEOMETRIC_LINE,1.0000,N/A
2026-09-06 00:17:22,1,UNNATURAL_GEOMETRIC_LINE,1.0000,N/A
2026-09-06 00:17:25,1,UNNATURAL_GEOMETRIC_LINE,1.0000,N/A
2026-09-06 00:17:27,1,UNNATURAL_GEOMETRIC_LINE,1.0000,N/A
2026-09-06 00:17:28,1,UNNATURAL_GEOMETRIC_LINE,1.0000,N/A
2026-09-06 00:17:30,1,UNNATURAL_GEOMETRIC_LINE,1.0000,N/A
2026-09-06 00:17:37,1,UNNATURAL_GEOMETRIC_LINE,1.0000,N/A
2026-09-06 00:17:38,1,UNNATURAL_GEOMETRIC_LINE,1.0000,N/A
2026-09-06 00:17:54,1,UNNATURAL_GEOMETRIC_LINE,1.0000,N/A
2026-09-06 00:17:57,1,UNNATURAL_GEOMETRIC_LINE,1.0000,N/A
2026-09-06 00:17:58,1,UNNATURAL_GEOMETRIC_LINE,1.0000,N/A
2026-09-06 00:18:02,1,UNNATURAL_GEOMETRIC_LINE,1.0000,N/A
2026-09-06 00:18:04,1,UNNATURAL_GEOMETRIC_LINE,1.0000,N/A
2026-09-06 00:18:05,1,UNNATURAL_GEOMETRIC_LINE,1.0000,N/A
2026-09-06 00:18:06,1,UNNATURAL_GEOMETRIC_LINE,1.0000,N/A
2026-09-06 00:18:09,1,UNNATURAL_GEOMETRIC_LINE,1.0000,N/A
2026-09-06 00:18:10,1,UNNATURAL_GEOMETRIC_LINE,1.0000,N/A
2026-09-06 00:18:12,1,UNNATURAL_GEOMETRIC_LINE,1.0000,N/A
2026-09-06 00:18:16,1,UNNATURAL_GEOMETRIC_LINE,1.0000,N/A
2026-09-06 00:18:21,1,UNNATURAL_GEOMETRIC_LINE,1.0000,N/A
2026-09-06 00:18:23,1,UNNATURAL_GEOMETRIC_LINE,1.0000,N/A
2026-09-06 00:18:27,1,UNNATURAL_GEOMETRIC_LINE,1.0000,N/A
2026-09-06 00:18:28,1,UNNATURAL_GEOMETRIC_LINE,1.0000,N/A
2026-09-06 00:18:32,1,UNNATURAL_GEOMETRIC_LINE,1.0000,N/A
2026-09-06 00:18:35,1,UNNATURAL_GEOMETRIC_LINE,1.0000,N/A
2026-09-06 00:18:35,1,UNNATURAL_GEOMETRIC_LINE,1.0000,N/A
2026-09-06 00:18:37,1,UNNATURAL_GEOMETRIC_LINE,1.0000,N/A
2026-09-06 00:18:39,1,UNNATURAL_GEOMETRIC_LINE,1.0000,N/A
2026-09-06 00:18:40,1,UNNATURAL_GEOMETRIC_LINE,1.0000,N/A
2026-09-06 00:18:52,1,UNNATURAL_GEOMETRIC_LINE,1.0000,N/A
2026-09-06 00:18:54,1,UNNATURAL_GEOMETRIC_LINE,1.0000,N/A
2026-09-06 00:18:55,1,UNNATURAL_GEOMETRIC_LINE,1.0000,N/A
2026-09-06 00:18:58,1,UNNATURAL_GEOMETRIC_LINE,1.0000,N/A
2026-09-06 00:18:59,1,UNNATURAL_GEOMETRIC_LINE,1.0000,N/A
2026-09-06 00:19:04,1,UNNATURAL_GEOMETRIC_LINE,1.0000,N/A
2026-09-06 00:19:06,1,UNNATURAL_GEOMETRIC_LINE,1.0000,N/A
2026-09-06 00:19:07,1,UNNATURAL_GEOMETRIC_LINE,1.0000,N/A
2026-09-06 00:19:08,1,MECHANICAL_LOCK_NO_TREMOR,1.0000,N/A
2026-09-06 00:19:11,1,UNNATURAL_GEOMETRIC_LINE,1.0000,N/A
2026-09-06 00:19:12,1,UNNATURAL_GEOMETRIC_LINE,1.0000,N/A
2026-09-06 00:19:13,1,UNNATURAL_GEOMETRIC_LINE,1.0000,N/A
2026-09-06 00:19:15,1,UNNATURAL_GEOMETRIC_LINE,1.0000,N/A
2026-09-06 00:19:16,1,UNNATURAL_GEOMETRIC_LINE,1.0000,N/A
2026-09-06 00:19:18,1,UNNATURAL_GEOMETRIC_LINE,1.0000,N/A
2026-09-06 00:19:21,1,UNNATURAL_GEOMETRIC_LINE,1.0000,N/A
2026-09-06 00:19:22,1,UNNATURAL_GEOMETRIC_LINE,1.0000,N/A
2026-09-06 00:19:32,1,UNNATURAL_GEOMETRIC_LINE,1.0000,N/A
2026-09-06 00:19:35,1,UNNATURAL_GEOMETRIC_LINE,1.0000,N/A
2026-09-06 00:19:35,1,UNNATURAL_GEOMETRIC_LINE,1.0000,N/A
2026-09-06 00:19:37,1,UNNATURAL_GEOMETRIC_LINE,1.0000,N/A
2026-09-06 00:19:41,1,UNNATURAL_GEOMETRIC_LINE,1.0000,N/A
2026-09-06 00:19:41,1,UNNATURAL_GEOMETRIC_LINE,1.0000,N/A
2026-09-06 00:19:44,1,UNNATURAL_GEOMETRIC_LINE,1.0000,N/A
2026-09-06 00:19:50,1,UNNATURAL_GEOMETRIC_LINE,1.0000,N/A
2026-09-06 00:19:51,1,UNNATURAL_GEOMETRIC_LINE,1.0000,N/A
2026-09-06 00:19:54,1,UNNATURAL_GEOMETRIC_LINE,1.0000,N/A
2026-09-06 00:19:59,1,UNNATURAL_GEOMETRIC_LINE,1.0000,N/A
2026-09-06 00:20:00,1,UNNATURAL_GEOMETRIC_LINE,1.0000,N/A
2026-09-06 00:20:04,1,UNNATURAL_GEOMETRIC_LINE,1.0000,N/A
2026-09-06 00:20:07,1,UNNATURAL_GEOMETRIC_LINE,1.0000,N/A
2026-09-06 00:20:08,1,UNNATURAL_GEOMETRIC_LINE,1.0000,N/A
2026-09-06 00:20:11,1,UNNATURAL_GEOMETRIC_LINE,1.0000,N/A
2026-09-06 00:20:16,1,UNNATURAL_GEOMETRIC_LINE,1.0000,N/A
2026-09-06 00:20:17,1,UNNATURAL_GEOMETRIC_LINE,1.0000,N/A
2026-09-06 00:20:18,1,UNNATURAL_GEOMETRIC_LINE,1.0000,N/A
2026-09-06 00:20:21,1,UNNATURAL_GEOMETRIC_LINE,1.0000,N/A
2026-09-06 00:20:21,1,UNNATURAL_GEOMETRIC_LINE,1.0000,N/A
2026-09-06 00:20:24,1,UNNATURAL_GEOMETRIC_LINE,1.0000,N/A
2026-09-06 00:20:29,1,UNNATURAL_GEOMETRIC_LINE,1.0000,N/A
2026-09-06 00:20:32,1,UNNATURAL_GEOMETRIC_LINE,1.0000,N/A
2026-09-06 00:20:34,1,UNNATURAL_GEOMETRIC_LINE,1.0000,N/A
2026-09-06 00:20:35,1,UNNATURAL_GEOMETRIC_LINE,1.0000,N/A
2026-09-06 00:20:38,1,UNNATURAL_GEOMETRIC_LINE,1.0000,N/A
2026-09-06 00:20:43,1,UNNATURAL_GEOMETRIC_LINE,1.0000,N/A
2026-09-06 00:20:50,1,UNNATURAL_GEOMETRIC_LINE,1.0000,N/A
2026-09-06 00:20:52,1,UNNATURAL_GEOMETRIC_LINE,1.0000,N/A
2026-09-06 00:20:53,1,UNNATURAL_GEOMETRIC_LINE,1.0000,N/A
2026-09-06 00:20:54,1,MECHANICAL_LOCK_NO_TREMOR,1.0000,N/A
2026-09-06 00:20:57,1,UNNATURAL_GEOMETRIC_LINE,1.0000,N/A
2026-09-06 00:20:57,1,UNNATURAL_GEOMETRIC_LINE,1.0000,N/A
2026-09-06 00:20:58,1,MECHANICAL_LOCK_NO_TREMOR,1.0000,N/A
2026-09-06 00:21:01,1,UNNATURAL_GEOMETRIC_LINE,1.0000,N/A
2026-09-06 00:21:02,1,UNNATURAL_GEOMETRIC_LINE,1.0000,N/A
2026-09-06 00:21:06,1,UNNATURAL_GEOMETRIC_LINE,1.0000,N/A
2026-09-06 00:21:07,1,UNNATURAL_GEOMETRIC_LINE,1.0000,N/A
2026-09-06 00:21:08,1,UNNATURAL_GEOMETRIC_LINE,1.0000,N/A
2026-09-06 00:21:11,1,UNNATURAL_GEOMETRIC_LINE,1.0000,N/A
2026-09-06 00:21:12,1,UNNATURAL_GEOMETRIC_LINE,1.0000,N/A
2026-09-06 00:21:13,1,UNNATURAL_GEOMETRIC_LINE,1.0000,N/A
2026-09-06 00:21:16,1,UNNATURAL_GEOMETRIC_LINE,1.0000,N/A
2026-09-06 00:21:17,1,UNNATURAL_GEOMETRIC_LINE,1.0000,N/A
2026-09-06 00:21:18,1,MECHANICAL_LOCK_NO_TREMOR,1.0000,N/A
2026-09-06 00:21:21,1,UNNATURAL_GEOMETRIC_LINE,1.0000,N/A
2026-09-06 00:21:22,1,UNNATURAL_GEOMETRIC_LINE,1.0000,N/A
2026-09-06 00:21:23,1,UNNATURAL_GEOMETRIC_LINE,1.0000,N/A
2026-09-06 00:21:27,1,UNNATURAL_GEOMETRIC_LINE,1.0000,N/A
2026-09-06 00:21:28,1,UNNATURAL_GEOMETRIC_LINE,1.0000,N/A
2026-09-06 00:21:30,1,UNNATURAL_GEOMETRIC_LINE,1.0000,N/A
2026-09-06 00:21:32,1,UNNATURAL_GEOMETRIC_LINE,1.0000,N/A
2026-09-06 00:21:33,1,UNNATURAL_GEOMETRIC_LINE,1.0000,N/A
2026-09-06 00:21:36,1,UNNATURAL_GEOMETRIC_LINE,1.0000,N/A
2026-09-06 00:21:39,1,UNNATURAL_GEOMETRIC_LINE,1.0000,N/A
2026-09-06 00:21:41,1,UNNATURAL_GEOMETRIC_LINE,1.0000,N/A
2026-09-06 00:21:42,1,UNNATURAL_GEOMETRIC_LINE,1.0000,N/A
2026-09-06 00:21:45,1,UNNATURAL_GEOMETRIC_LINE,1.0000,N/A
2026-09-06 00:21:50,1,UNNATURAL_GEOMETRIC_LINE,1.0000,N/A
2026-09-06 00:21:51,1,UNNATURAL_GEOMETRIC_LINE,1.0000,N/A
2026-09-06 00:21:53,1,UNNATURAL_GEOMETRIC_LINE,1.0000,N/A
2026-09-06 00:22:00,1,UNNATURAL_GEOMETRIC_LINE,1.0000,N/A
2026-09-06 00:22:02,1,UNNATURAL_GEOMETRIC_LINE,1.0000,N/A
2026-09-06 00:22:05,1,UNNATURAL_GEOMETRIC_LINE,1.0000,N/A
2026-09-06 00:22:06,1,UNNATURAL_GEOMETRIC_LINE,1.0000,N/A
2026-09-06 00:22:08,1,UNNATURAL_GEOMETRIC_LINE,1.0000,N/A
2026-09-06 00:22:10,1,UNNATURAL_GEOMETRIC_LINE,1.0000,N/A
2026-09-06 00:22:11,1,UNNATURAL_GEOMETRIC_LINE,1.0000,N/A
2026-09-06 00:22:12,1,UNNATURAL_GEOMETRIC_LINE,1.0000,N/A
2026-09-06 00:22:19,1,UNNATURAL_GEOMETRIC_LINE,1.0000,N/A
2026-09-06 00:22:22,1,UNNATURAL_GEOMETRIC_LINE,1.0000,N/A
2026-09-06 00:22:27,1,UNNATURAL_GEOMETRIC_LINE,1.0000,N/A
2026-09-06 00:22:28,1,UNNATURAL_GEOMETRIC_LINE,1.0000,N/A
2026-09-06 00:22:30,1,UNNATURAL_GEOMETRIC_LINE,1.0000,N/A
2026-09-06 00:22:32,1,UNNATURAL_GEOMETRIC_LINE,1.0000,N/A
2026-09-06 00:22:33,1,UNNATURAL_GEOMETRIC_LINE,1.0000,N/A
2026-09-06 00:22:34,1,UNNATURAL_GEOMETRIC_LINE,1.0000,N/A
2026-09-06 00:22:39,1,UNNATURAL_GEOMETRIC_LINE,1.0000,N/A
2026-09-06 00:22:48,1,UNNATURAL_GEOMETRIC_LINE,1.0000,N/A
2026-09-06 00:22:51,1,UNNATURAL_GEOMETRIC_LINE,1.0000,N/A
2026-09-06 00:22:51,1,UNNATURAL_GEOMETRIC_LINE,1.0000,N/A
2026-09-06 00:22:53,1,UNNATURAL_GEOMETRIC_LINE,1.0000,N/A
2026-09-06 00:22:56,1,UNNATURAL_GEOMETRIC_LINE,1.0000,N/A
2026-09-06 00:22:57,1,UNNATURAL_GEOMETRIC_LINE,1.0000,N/A
2026-09-06 00:23:09,1,UNNATURAL_GEOMETRIC_LINE,1.0000,N/A
2026-09-06 00:23:19,1,UNNATURAL_GEOMETRIC_LINE,1.0000,N/A
2026-09-06 00:23:21,1,UNNATURAL_GEOMETRIC_LINE,1.0000,N/A
2026-09-06 00:23:22,1,UNNATURAL_GEOMETRIC_LINE,1.0000,N/A
2026-09-06 00:23:25,1,UNNATURAL_GEOMETRIC_LINE,1.0000,N/A
2026-09-06 00:23:27,1,UNNATURAL_GEOMETRIC_LINE,1.0000,N/A
2026-09-06 00:23:28,1,UNNATURAL_GEOMETRIC_LINE,1.0000,N/A
2026-09-06 00:23:30,1,UNNATURAL_GEOMETRIC_LINE,1.0000,N/A
2026-09-06 00:23:32,1,UNNATURAL_GEOMETRIC_LINE,1.0000,N/A
2026-09-06 00:23:33,1,UNNATURAL_GEOMETRIC_LINE,1.0000,N/A
2026-09-06 00:23:34,1,UNNATURAL_GEOMETRIC_LINE,1.0000,N/A
2026-09-06 00:23:38,1,UNNATURAL_GEOMETRIC_LINE,1.0000,N/A
2026-09-06 00:23:41,1,UNNATURAL_GEOMETRIC_LINE,1.0000,N/A
2026-09-06 00:23:43,1,UNNATURAL_GEOMETRIC_LINE,1.0000,N/A
2026-09-06 00:23:44,1,UNNATURAL_GEOMETRIC_LINE,1.0000,N/A
2026-09-06 00:23:45,1,UNNATURAL_GEOMETRIC_LINE,1.0000,N/A
2026-09-06 00:23:52,1,UNNATURAL_GEOMETRIC_LINE,1.0000,N/A
2026-09-06 00:23:53,1,UNNATURAL_GEOMETRIC_LINE,1.0000,N/A
2026-09-06 00:23:54,1,UNNATURAL_GEOMETRIC_LINE,1.0000,N/A
2026-09-06 00:23:57,1,UNNATURAL_GEOMETRIC_LINE,1.0000,N/A
2026-09-06 00:23:58,1,UNNATURAL_GEOMETRIC_LINE,1.0000,N/A
2026-09-06 00:24:08,1,UNNATURAL_GEOMETRIC_LINE,1.0000,N/A
2026-09-06 00:24:11,1,UNNATURAL_GEOMETRIC_LINE,1.0000,N/A
2026-09-06 00:24:15,1,UNNATURAL_GEOMETRIC_LINE,1.0000,N/A
2026-09-06 00:24:18,1,UNNATURAL_GEOMETRIC_LINE,1.0000,N/A
2026-09-06 00:24:19,1,UNNATURAL_GEOMETRIC_LINE,1.0000,N/A
2026-09-06 00:24:20,1,UNNATURAL_GEOMETRIC_LINE,1.0000,N/A
2026-09-06 00:24:26,1,UNNATURAL_GEOMETRIC_LINE,1.0000,N/A
2026-09-06 00:24:26,1,UNNATURAL_GEOMETRIC_LINE,1.0000,N/A
2026-09-06 00:24:36,1,UNNATURAL_GEOMETRIC_LINE,1.0000,N/A
2026-09-06 00:24:38,1,UNNATURAL_GEOMETRIC_LINE,1.0000,N/A
2026-09-06 00:24:39,1,UNNATURAL_GEOMETRIC_LINE,1.0000,N/A
2026-09-06 00:24:41,1,UNNATURAL_GEOMETRIC_LINE,1.0000,N/A
2026-09-06 00:24:43,1,UNNATURAL_GEOMETRIC_LINE,1.0000,N/A
2026-09-06 00:24:44,1,UNNATURAL_GEOMETRIC_LINE,1.0000,N/A
2026-09-06 00:24:53,1,UNNATURAL_GEOMETRIC_LINE,1.0000,N/A
2026-09-06 00:24:56,1,UNNATURAL_GEOMETRIC_LINE,1.0000,N/A
2026-09-06 00:24:58,1,UNNATURAL_GEOMETRIC_LINE,1.0000,N/A
2026-09-06 00:25:00,1,UNNATURAL_GEOMETRIC_LINE,1.0000,N/A
2026-09-06 00:25:01,1,UNNATURAL_GEOMETRIC_LINE,1.0000,N/A
2026-09-06 00:25:03,1,UNNATURAL_GEOMETRIC_LINE,1.0000,N/A
2026-09-06 00:25:05,1,UNNATURAL_GEOMETRIC_LINE,1.0000,N/A
2026-09-06 00:25:06,1,UNNATURAL_GEOMETRIC_LINE,1.0000,N/A
2026-09-06 00:25:10,1,UNNATURAL_GEOMETRIC_LINE,1.0000,N/A
2026-09-06 00:25:12,1,UNNATURAL_GEOMETRIC_LINE,1.0000,N/A
2026-09-06 00:25:13,1,UNNATURAL_GEOMETRIC_LINE,1.0000,N/A
2026-09-06 00:25:14,1,UNNATURAL_GEOMETRIC_LINE,1.0000,N/A
2026-09-06 00:25:17,1,UNNATURAL_GEOMETRIC_LINE,1.0000,N/A
2026-09-06 00:25:18,1,UNNATURAL_GEOMETRIC_LINE,1.0000,N/A
2026-09-06 00:25:22,1,UNNATURAL_GEOMETRIC_LINE,1.0000,N/A
2026-09-06 00:25:24,1,UNNATURAL_GEOMETRIC_LINE,1.0000,N/A
2026-09-06 00:25:25,1,UNNATURAL_GEOMETRIC_LINE,1.0000,N/A
2026-09-06 00:25:26,1,UNNATURAL_GEOMETRIC_LINE,1.0000,N/A
2026-09-06 00:25:28,1,UNNATURAL_GEOMETRIC_LINE,1.0000,N/A
2026-09-06 00:25:29,1,UNNATURAL_GEOMETRIC_LINE,1.0000,N/A
2026-09-06 00:25:34,1,UNNATURAL_GEOMETRIC_LINE,1.0000,N/A
2026-09-06 00:25:36,1,UNNATURAL_GEOMETRIC_LINE,1.0000,N/A
2026-09-06 00:25:37,1,UNNATURAL_GEOMETRIC_LINE,1.0000,N/A
2026-09-06 00:25:39,1,UNNATURAL_GEOMETRIC_LINE,1.0000,N/A
2026-09-06 00:25:41,1,UNNATURAL_GEOMETRIC_LINE,1.0000,N/A
2026-09-06 00:25:42,1,UNNATURAL_GEOMETRIC_LINE,1.0000,N/A
2026-09-06 00:25:44,1,UNNATURAL_GEOMETRIC_LINE,1.0000,N/A
2026-09-06 00:25:50,1,UNNATURAL_GEOMETRIC_LINE,1.0000,N/A
2026-09-06 00:25:51,1,UNNATURAL_GEOMETRIC_LINE,1.0000,N/A
2026-09-06 00:25:54,1,UNNATURAL_GEOMETRIC_LINE,1.0000,N/A
2026-09-06 00:25:56,1,UNNATURAL_GEOMETRIC_LINE,1.0000,N/A
2026-09-06 00:25:57,1,UNNATURAL_GEOMETRIC_LINE,1.0000,N/A
2026-09-06 00:25:59,1,UNNATURAL_GEOMETRIC_LINE,1.0000,N/A
2026-09-06 00:26:01,1,UNNATURAL_GEOMETRIC_LINE,1.0000,N/A
2026-09-06 00:26:02,1,UNNATURAL_GEOMETRIC_LINE,1.0000,N/A
2026-09-06 00:26:06,1,UNNATURAL_GEOMETRIC_LINE,1.0000,N/A
2026-09-06 00:26:11,1,UNNATURAL_GEOMETRIC_LINE,1.0000,N/A
2026-09-06 00:26:12,1,UNNATURAL_GEOMETRIC_LINE,1.0000,N/A
2026-09-06 00:26:14,1,UNNATURAL_GEOMETRIC_LINE,1.0000,N/A
2026-09-06 00:26:16,1,UNNATURAL_GEOMETRIC_LINE,1.0000,N/A
2026-09-06 00:26:19,1,UNNATURAL_GEOMETRIC_LINE,1.0000,N/A
2026-09-06 00:26:20,1,UNNATURAL_GEOMETRIC_LINE,1.0000,N/A
2026-09-06 00:26:21,1,UNNATURAL_GEOMETRIC_LINE,1.0000,N/A
2026-09-06 00:26:23,1,UNNATURAL_GEOMETRIC_LINE,1.0000,N/A
2026-09-06 00:26:24,1,UNNATURAL_GEOMETRIC_LINE,1.0000,N/A
2026-09-06 00:26:25,1,MECHANICAL_LOCK_NO_TREMOR,1.0000,N/A
2026-09-06 00:26:28,1,UNNATURAL_GEOMETRIC_LINE,1.0000,N/A
2026-09-06 00:26:29,1,UNNATURAL_GEOMETRIC_LINE,1.0000,N/A
2026-09-06 00:26:31,1,UNNATURAL_GEOMETRIC_LINE,1.0000,N/A
2026-09-06 00:26:34,1,UNNATURAL_GEOMETRIC_LINE,1.0000,N/A
2026-09-06 00:26:34,1,UNNATURAL_GEOMETRIC_LINE,1.0000,N/A
2026-09-06 00:26:36,1,UNNATURAL_GEOMETRIC_LINE,1.0000,N/A
2026-09-06 00:26:41,1,UNNATURAL_GEOMETRIC_LINE,1.0000,N/A
2026-09-06 00:26:43,1,UNNATURAL_GEOMETRIC_LINE,1.0000,N/A
2026-09-06 00:26:44,1,UNNATURAL_GEOMETRIC_LINE,1.0000,N/A
2026-09-06 00:26:46,1,UNNATURAL_GEOMETRIC_LINE,1.0000,N/A
2026-09-06 00:26:49,1,UNNATURAL_GEOMETRIC_LINE,1.0000,N/A
2026-09-06 00:26:50,1,UNNATURAL_GEOMETRIC_LINE,1.0000,N/A
2026-09-06 00:26:52,1,UNNATURAL_GEOMETRIC_LINE,1.0000,N/A
2026-09-06 00:26:55,1,UNNATURAL_GEOMETRIC_LINE,1.0000,N/A
2026-09-06 00:26:55,1,UNNATURAL_GEOMETRIC_LINE,1.0000,N/A
2026-09-06 00:26:57,1,UNNATURAL_GEOMETRIC_LINE,1.0000,N/A
2026-09-06 00:26:59,1,UNNATURAL_GEOMETRIC_LINE,1.0000,N/A
2026-09-06 00:27:00,1,UNNATURAL_GEOMETRIC_LINE,1.0000,N/A
2026-09-06 00:27:08,1,UNNATURAL_GEOMETRIC_LINE,1.0000,N/A
2026-09-06 00:27:11,1,UNNATURAL_GEOMETRIC_LINE,1.0000,N/A
2026-09-06 00:27:12,1,UNNATURAL_GEOMETRIC_LINE,1.0000,N/A
2026-09-06 00:27:13,1,UNNATURAL_GEOMETRIC_LINE,1.0000,N/A
2026-09-06 00:27:15,1,UNNATURAL_GEOMETRIC_LINE,1.0000,N/A
2026-09-06 00:27:16,1,UNNATURAL_GEOMETRIC_LINE,1.0000,N/A
2026-09-06 00:27:26,1,UNNATURAL_GEOMETRIC_LINE,1.0000,N/A
2026-09-06 00:27:32,1,UNNATURAL_GEOMETRIC_LINE,1.0000,N/A
2026-09-06 00:27:34,1,UNNATURAL_GEOMETRIC_LINE,1.0000,N/A
2026-09-06 00:27:35,1,UNNATURAL_GEOMETRIC_LINE,1.0000,N/A
2026-09-06 00:27:38,1,UNNATURAL_GEOMETRIC_LINE,1.0000,N/A
2026-09-06 00:27:41,1,UNNATURAL_GEOMETRIC_LINE,1.0000,N/A
2026-09-06 00:27:42,1,UNNATURAL_GEOMETRIC_LINE,1.0000,N/A
2026-09-06 00:27:43,1,MECHANICAL_LOCK_NO_TREMOR,1.0000,N/A
2026-09-06 00:27:46,1,UNNATURAL_GEOMETRIC_LINE,1.0000,N/A
2026-09-06 00:27:48,1,UNNATURAL_GEOMETRIC_LINE,1.0000,N/A
2026-09-06 00:27:51,1,UNNATURAL_GEOMETRIC_LINE,1.0000,N/A
2026-09-06 00:27:52,1,UNNATURAL_GEOMETRIC_LINE,1.0000,N/A
2026-09-06 00:27:54,1,UNNATURAL_GEOMETRIC_LINE,1.0000,N/A
2026-09-06 00:27:56,1,UNNATURAL_GEOMETRIC_LINE,1.0000,N/A
2026-09-06 00:27:57,1,UNNATURAL_GEOMETRIC_LINE,1.0000,N/A
2026-09-06 00:28:00,1,UNNATURAL_GEOMETRIC_LINE,1.0000,N/A
2026-09-06 00:28:02,1,UNNATURAL_GEOMETRIC_LINE,1.0000,N/A
2026-09-06 00:28:03,1,UNNATURAL_GEOMETRIC_LINE,1.0000,N/A
2026-09-06 00:28:04,1,MECHANICAL_LOCK_NO_TREMOR,1.0000,N/A
2026-09-06 00:28:08,1,UNNATURAL_GEOMETRIC_LINE,1.0000,N/A
2026-09-06 00:28:09,1,UNNATURAL_GEOMETRIC_LINE,1.0000,N/A
2026-09-06 00:28:12,1,UNNATURAL_GEOMETRIC_LINE,1.0000,N/A
2026-09-06 00:28:13,1,UNNATURAL_GEOMETRIC_LINE,1.0000,N/A
2026-09-06 00:28:14,1,UNNATURAL_GEOMETRIC_LINE,1.0000,N/A
2026-09-06 00:28:16,1,UNNATURAL_GEOMETRIC_LINE,1.0000,N/A
2026-09-06 00:28:17,1,UNNATURAL_GEOMETRIC_LINE,1.0000,N/A
2026-09-06 00:28:20,1,UNNATURAL_GEOMETRIC_LINE,1.0000,N/A
2026-09-06 00:28:22,1,UNNATURAL_GEOMETRIC_LINE,1.0000,N/A
2026-09-06 00:28:23,1,UNNATURAL_GEOMETRIC_LINE,1.0000,N/A
2026-09-06 00:28:25,1,UNNATURAL_GEOMETRIC_LINE,1.0000,N/A
2026-09-06 00:28:28,1,UNNATURAL_GEOMETRIC_LINE,1.0000,N/A
2026-09-06 00:28:31,1,UNNATURAL_GEOMETRIC_LINE,1.0000,N/A
2026-09-06 00:28:34,1,UNNATURAL_GEOMETRIC_LINE,1.0000,N/A
2026-09-06 00:28:34,1,UNNATURAL_GEOMETRIC_LINE,1.0000,N/A
2026-09-06 00:28:36,1,UNNATURAL_GEOMETRIC_LINE,1.0000,N/A
2026-09-06 00:28:38,1,UNNATURAL_GEOMETRIC_LINE,1.0000,N/A
2026-09-06 00:28:39,1,UNNATURAL_GEOMETRIC_LINE,1.0000,N/A
2026-09-06 00:28:43,1,UNNATURAL_GEOMETRIC_LINE,1.0000,N/A
2026-09-06 00:28:45,1,UNNATURAL_GEOMETRIC_LINE,1.0000,N/A
2026-09-06 00:28:46,1,UNNATURAL_GEOMETRIC_LINE,1.0000,N/A
2026-09-06 00:28:58,1,UNNATURAL_GEOMETRIC_LINE,1.0000,N/A
2026-09-06 00:29:00,1,UNNATURAL_GEOMETRIC_LINE,1.0000,N/A
2026-09-06 00:29:01,1,UNNATURAL_GEOMETRIC_LINE,1.0000,N/A
2026-09-06 00:29:13,1,UNNATURAL_GEOMETRIC_LINE,1.0000,N/A
2026-09-06 00:29:17,1,UNNATURAL_GEOMETRIC_LINE,1.0000,N/A
2026-09-06 00:29:27,1,UNNATURAL_GEOMETRIC_LINE,1.0000,N/A
2026-09-06 00:29:29,1,UNNATURAL_GEOMETRIC_LINE,1.0000,N/A
2026-09-06 00:29:30,1,UNNATURAL_GEOMETRIC_LINE,1.0000,N/A
2026-09-06 00:29:35,1,UNNATURAL_GEOMETRIC_LINE,1.0000,N/A
2026-09-06 00:29:38,1,UNNATURAL_GEOMETRIC_LINE,1.0000,N/A
2026-09-06 00:29:40,1,UNNATURAL_GEOMETRIC_LINE,1.0000,N/A
2026-09-06 00:29:41,1,UNNATURAL_GEOMETRIC_LINE,1.0000,N/A
2026-09-06 00:29:47,1,UNNATURAL_GEOMETRIC_LINE,1.0000,N/A
2026-09-06 00:29:49,1,UNNATURAL_GEOMETRIC_LINE,1.0000,N/A
2026-09-06 00:29:50,1,UNNATURAL_GEOMETRIC_LINE,1.0000,N/A
2026-09-06 00:29:51,1,UNNATURAL_GEOMETRIC_LINE,1.0000,N/A
2026-09-06 00:29:53,1,UNNATURAL_GEOMETRIC_LINE,1.0000,N/A
2026-09-06 00:29:54,1,UNNATURAL_GEOMETRIC_LINE,1.0000,N/A
2026-09-06 00:29:56,1,UNNATURAL_GEOMETRIC_LINE,1.0000,N/A
2026-09-06 00:29:58,1,UNNATURAL_GEOMETRIC_LINE,1.0000,N/A
2026-09-06 00:29:59,1,UNNATURAL_GEOMETRIC_LINE,1.0000,N/A
2026-09-06 00:30:05,1,UNNATURAL_GEOMETRIC_LINE,1.0000,N/A
2026-09-06 00:30:09,1,UNNATURAL_GEOMETRIC_LINE,1.0000,N/A
2026-09-06 00:30:10,1,UNNATURAL_GEOMETRIC_LINE,1.0000,N/A
2026-09-06 00:30:17,1,UNNATURAL_GEOMETRIC_LINE,1.0000,N/A
2026-09-06 00:30:19,1,UNNATURAL_GEOMETRIC_LINE,1.0000,N/A
2026-09-06 00:30:20,1,UNNATURAL_GEOMETRIC_LINE,1.0000,N/A
2026-09-06 00:30:23,1,UNNATURAL_GEOMETRIC_LINE,1.0000,N/A
2026-09-06 00:30:27,1,UNNATURAL_GEOMETRIC_LINE,1.0000,N/A
2026-09-06 00:30:28,1,UNNATURAL_GEOMETRIC_LINE,1.0000,N/A
2026-09-06 00:30:35,1,UNNATURAL_GEOMETRIC_LINE,1.0000,N/A
2026-09-06 00:30:37,1,UNNATURAL_GEOMETRIC_LINE,1.0000,N/A
2026-09-06 00:30:38,1,UNNATURAL_GEOMETRIC_LINE,1.0000,N/A
2026-09-06 00:30:39,1,UNNATURAL_GEOMETRIC_LINE,1.0000,N/A
2026-09-06 00:30:41,1,UNNATURAL_GEOMETRIC_LINE,1.0000,N/A
2026-09-06 00:30:42,1,UNNATURAL_GEOMETRIC_LINE,1.0000,N/A
2026-09-06 00:30:45,1,UNNATURAL_GEOMETRIC_LINE,1.0000,N/A
2026-09-06 00:30:50,1,UNNATURAL_GEOMETRIC_LINE,1.0000,N/A
2026-09-06 00:30:51,1,UNNATURAL_GEOMETRIC_LINE,1.0000,N/A
2026-09-06 00:31:00,1,UNNATURAL_GEOMETRIC_LINE,1.0000,N/A
2026-09-06 00:31:03,1,UNNATURAL_GEOMETRIC_LINE,1.0000,N/A
2026-09-06 00:31:04,1,UNNATURAL_GEOMETRIC_LINE,1.0000,N/A
2026-09-06 00:31:05,1,UNNATURAL_GEOMETRIC_LINE,1.0000,N/A
2026-09-06 00:31:07,1,UNNATURAL_GEOMETRIC_LINE,1.0000,N/A
2026-09-06 00:31:08,1,UNNATURAL_GEOMETRIC_LINE,1.0000,N/A
2026-09-06 00:31:11,1,UNNATURAL_GEOMETRIC_LINE,1.0000,N/A
2026-09-06 00:31:13,1,UNNATURAL_GEOMETRIC_LINE,1.0000,N/A
2026-09-06 00:31:14,1,UNNATURAL_GEOMETRIC_LINE,1.0000,N/A
2026-09-06 00:31:16,1,UNNATURAL_GEOMETRIC_LINE,1.0000,N/A
2026-09-06 00:31:18,1,UNNATURAL_GEOMETRIC_LINE,1.0000,N/A
2026-09-06 00:31:19,1,UNNATURAL_GEOMETRIC_LINE,1.0000,N/A
2026-09-06 00:31:20,1,MECHANICAL_LOCK_NO_TREMOR,1.0000,N/A
2026-09-06 00:31:23,1,UNNATURAL_GEOMETRIC_LINE,1.0000,N/A
2026-09-06 00:31:24,1,UNNATURAL_GEOMETRIC_LINE,1.0000,N/A
2026-09-06 00:31:27,1,UNNATURAL_GEOMETRIC_LINE,1.0000,N/A
2026-09-06 00:31:32,1,UNNATURAL_GEOMETRIC_LINE,1.0000,N/A
2026-09-06 00:31:35,1,UNNATURAL_GEOMETRIC_LINE,1.0000,N/A
2026-09-06 00:31:38,1,UNNATURAL_GEOMETRIC_LINE,1.0000,N/A
2026-09-06 00:31:39,1,UNNATURAL_GEOMETRIC_LINE,1.0000,N/A
2026-09-06 00:31:50,1,UNNATURAL_GEOMETRIC_LINE,1.0000,N/A
2026-09-06 00:31:51,1,UNNATURAL_GEOMETRIC_LINE,1.0000,N/A
2026-09-06 00:31:53,1,UNNATURAL_GEOMETRIC_LINE,1.0000,N/A
2026-09-06 00:31:56,1,UNNATURAL_GEOMETRIC_LINE,1.0000,N/A
2026-09-06 00:32:00,1,UNNATURAL_GEOMETRIC_LINE,1.0000,N/A
2026-09-06 00:32:01,1,UNNATURAL_GEOMETRIC_LINE,1.0000,N/A
2026-09-06 00:32:04,1,UNNATURAL_GEOMETRIC_LINE,1.0000,N/A
2026-09-06 00:32:08,1,UNNATURAL_GEOMETRIC_LINE,1.0000,N/A
2026-09-06 00:32:09,1,UNNATURAL_GEOMETRIC_LINE,1.0000,N/A
2026-09-06 00:32:16,1,UNNATURAL_GEOMETRIC_LINE,1.0000,N/A
2026-09-06 00:32:18,1,UNNATURAL_GEOMETRIC_LINE,1.0000,N/A
2026-09-06 00:32:21,1,UNNATURAL_GEOMETRIC_LINE,1.0000,N/A
2026-09-06 00:32:21,1,UNNATURAL_GEOMETRIC_LINE,1.0000,N/A
2026-09-06 00:32:24,1,UNNATURAL_GEOMETRIC_LINE,1.0000,N/A
2026-09-06 00:32:28,1,UNNATURAL_GEOMETRIC_LINE,1.0000,N/A
2026-09-06 00:32:29,1,UNNATURAL_GEOMETRIC_LINE,1.0000,N/A
2026-09-06 00:32:40,1,UNNATURAL_GEOMETRIC_LINE,1.0000,N/A
2026-09-06 00:32:44,1,UNNATURAL_GEOMETRIC_LINE,1.0000,N/A
2026-09-06 00:32:46,1,UNNATURAL_GEOMETRIC_LINE,1.0000,N/A
2026-09-06 00:32:48,1,UNNATURAL_GEOMETRIC_LINE,1.0000,N/A
2026-09-06 00:32:49,1,UNNATURAL_GEOMETRIC_LINE,1.0000,N/A
2026-09-06 00:32:55,1,UNNATURAL_GEOMETRIC_LINE,1.0000,N/A
2026-09-06 00:32:57,1,UNNATURAL_GEOMETRIC_LINE,1.0000,N/A
2026-09-06 00:33:00,1,UNNATURAL_GEOMETRIC_LINE,1.0000,N/A
2026-09-06 00:33:01,1,UNNATURAL_GEOMETRIC_LINE,1.0000,N/A
2026-09-06 00:33:02,1,UNNATURAL_GEOMETRIC_LINE,1.0000,N/A
2026-09-06 00:33:04,1,UNNATURAL_GEOMETRIC_LINE,1.0000,N/A
2026-09-06 00:33:05,1,UNNATURAL_GEOMETRIC_LINE,1.0000,N/A
2026-09-06 00:33:07,1,UNNATURAL_GEOMETRIC_LINE,1.0000,N/A
2026-09-06 00:33:12,1,UNNATURAL_GEOMETRIC_LINE,1.0000,N/A
2026-09-06 00:33:14,1,UNNATURAL_GEOMETRIC_LINE,1.0000,N/A
2026-09-06 00:33:16,1,UNNATURAL_GEOMETRIC_LINE,1.0000,N/A
2026-09-06 00:33:17,1,UNNATURAL_GEOMETRIC_LINE,1.0000,N/A
2026-09-06 00:33:23,1,UNNATURAL_GEOMETRIC_LINE,1.0000,N/A
2026-09-06 00:33:28,1,UNNATURAL_GEOMETRIC_LINE,1.0000,N/A
2026-09-06 00:33:30,1,UNNATURAL_GEOMETRIC_LINE,1.0000,N/A
2026-09-06 00:33:35,1,UNNATURAL_GEOMETRIC_LINE,1.0000,N/A
2026-09-06 00:33:36,1,UNNATURAL_GEOMETRIC_LINE,1.0000,N/A
2026-09-06 00:33:37,1,UNNATURAL_GEOMETRIC_LINE,1.0000,N/A
2026-09-06 00:33:40,1,UNNATURAL_GEOMETRIC_LINE,1.0000,N/A
2026-09-06 00:33:41,1,UNNATURAL_GEOMETRIC_LINE,1.0000,N/A
2026-09-06 00:33:42,1,UNNATURAL_GEOMETRIC_LINE,1.0000,N/A
2026-09-06 00:33:44,1,UNNATURAL_GEOMETRIC_LINE,1.0000,N/A
2026-09-06 00:33:45,1,UNNATURAL_GEOMETRIC_LINE,1.0000,N/A
2026-09-06 00:33:47,1,UNNATURAL_GEOMETRIC_LINE,1.0000,N/A
2026-09-06 00:33:50,1,UNNATURAL_GEOMETRIC_LINE,1.0000,N/A
2026-09-06 00:33:52,1,UNNATURAL_GEOMETRIC_LINE,1.0000,N/A
2026-09-06 00:33:57,1,UNNATURAL_GEOMETRIC_LINE,1.0000,N/A
2026-09-06 00:33:57,1,UNNATURAL_GEOMETRIC_LINE,1.0000,N/A
2026-09-06 00:34:01,1,UNNATURAL_GEOMETRIC_LINE,1.0000,N/A
2026-09-06 00:34:04,1,UNNATURAL_GEOMETRIC_LINE,1.0000,N/A
2026-09-06 00:34:05,1,UNNATURAL_GEOMETRIC_LINE,1.0000,N/A
2026-09-06 00:34:13,1,UNNATURAL_GEOMETRIC_LINE,1.0000,N/A
2026-09-06 00:34:18,1,UNNATURAL_GEOMETRIC_LINE,1.0000,N/A
2026-09-06 00:34:19,1,UNNATURAL_GEOMETRIC_LINE,1.0000,N/A
2026-09-06 00:34:21,1,UNNATURAL_GEOMETRIC_LINE,1.0000,N/A
2026-09-06 00:34:22,1,UNNATURAL_GEOMETRIC_LINE,1.0000,N/A
2026-09-06 00:34:23,1,MECHANICAL_LOCK_NO_TREMOR,1.0000,N/A
2026-09-06 00:34:29,1,UNNATURAL_GEOMETRIC_LINE,1.0000,N/A
2026-09-06 00:34:31,1,UNNATURAL_GEOMETRIC_LINE,1.0000,N/A
2026-09-06 00:34:34,1,UNNATURAL_GEOMETRIC_LINE,1.0000,N/A
2026-09-06 00:34:35,1,UNNATURAL_GEOMETRIC_LINE,1.0000,N/A
2026-09-06 00:34:40,1,UNNATURAL_GEOMETRIC_LINE,1.0000,N/A
2026-09-06 00:34:45,1,UNNATURAL_GEOMETRIC_LINE,1.0000,N/A
2026-09-06 00:34:48,1,UNNATURAL_GEOMETRIC_LINE,1.0000,N/A
2026-09-06 00:34:50,1,UNNATURAL_GEOMETRIC_LINE,1.0000,N/A
2026-09-06 00:34:51,1,UNNATURAL_GEOMETRIC_LINE,1.0000,N/A
2026-09-06 00:34:52,1,UNNATURAL_GEOMETRIC_LINE,1.0000,N/A
2026-09-06 00:34:55,1,UNNATURAL_GEOMETRIC_LINE,1.0000,N/A
2026-09-06 00:35:03,1,UNNATURAL_GEOMETRIC_LINE,1.0000,N/A
2026-09-06 00:35:05,1,UNNATURAL_GEOMETRIC_LINE,1.0000,N/A
2026-09-06 00:35:06,1,UNNATURAL_GEOMETRIC_LINE,1.0000,N/A
2026-09-06 00:35:08,1,UNNATURAL_GEOMETRIC_LINE,1.0000,N/A
2026-09-06 00:35:11,1,UNNATURAL_GEOMETRIC_LINE,1.0000,N/A
2026-09-06 00:35:12,1,UNNATURAL_GEOMETRIC_LINE,1.0000,N/A
2026-09-06 00:35:17,1,UNNATURAL_GEOMETRIC_LINE,1.0000,N/A
2026-09-06 00:35:20,1,UNNATURAL_GEOMETRIC_LINE,1.0000,N/A
2026-09-06 00:35:20,1,UNNATURAL_GEOMETRIC_LINE,1.0000,N/A
2026-09-06 00:35:23,1,UNNATURAL_GEOMETRIC_LINE,1.0000,N/A
2026-09-06 00:35:27,1,UNNATURAL_GEOMETRIC_LINE,1.0000,N/A
2026-09-06 00:35:35,1,UNNATURAL_GEOMETRIC_LINE,1.0000,N/A
2026-09-06 00:35:38,1,UNNATURAL_GEOMETRIC_LINE,1.0000,N/A
2026-09-06 00:35:39,1,UNNATURAL_GEOMETRIC_LINE,1.0000,N/A
2026-09-06 00:35:41,1,UNNATURAL_GEOMETRIC_LINE,1.0000,N/A
2026-09-06 00:35:42,1,UNNATURAL_GEOMETRIC_LINE,1.0000,N/A
2026-09-06 00:35:45,1,UNNATURAL_GEOMETRIC_LINE,1.0000,N/A
2026-09-06 00:35:52,1,UNNATURAL_GEOMETRIC_LINE,1.0000,N/A
2026-09-06 00:35:54,1,UNNATURAL_GEOMETRIC_LINE,1.0000,N/A
2026-09-06 00:36:00,1,UNNATURAL_GEOMETRIC_LINE,1.0000,N/A
2026-09-06 00:36:02,1,UNNATURAL_GEOMETRIC_LINE,1.0000,N/A
2026-09-06 00:36:03,1,UNNATURAL_GEOMETRIC_LINE,1.0000,N/A
2026-09-06 00:36:07,1,UNNATURAL_GEOMETRIC_LINE,1.0000,N/A
2026-09-06 00:36:09,1,UNNATURAL_GEOMETRIC_LINE,1.0000,N/A
2026-09-06 00:36:10,1,UNNATURAL_GEOMETRIC_LINE,1.0000,N/A
2026-09-06 00:36:14,1,UNNATURAL_GEOMETRIC_LINE,1.0000,N/A
2026-09-06 00:36:17,1,UNNATURAL_GEOMETRIC_LINE,1.0000,N/A
2026-09-06 00:36:21,1,UNNATURAL_GEOMETRIC_LINE,1.0000,N/A
2026-09-06 00:36:22,1,UNNATURAL_GEOMETRIC_LINE,1.0000,N/A
2026-09-06 00:36:27,1,UNNATURAL_GEOMETRIC_LINE,1.0000,N/A
2026-09-06 00:36:30,1,UNNATURAL_GEOMETRIC_LINE,1.0000,N/A
2026-09-06 00:36:31,1,UNNATURAL_GEOMETRIC_LINE,1.0000,N/A
2026-09-06 00:36:34,1,UNNATURAL_GEOMETRIC_LINE,1.0000,N/A
2026-09-06 00:36:36,1,UNNATURAL_GEOMETRIC_LINE,1.0000,N/A
2026-09-06 00:36:37,1,UNNATURAL_GEOMETRIC_LINE,1.0000,N/A
2026-09-06 00:36:43,1,UNNATURAL_GEOMETRIC_LINE,1.0000,N/A
2026-09-06 00:36:46,1,UNNATURAL_GEOMETRIC_LINE,1.0000,N/A
2026-09-06 00:36:53,1,UNNATURAL_GEOMETRIC_LINE,1.0000,N/A
2026-09-06 00:36:56,1,UNNATURAL_GEOMETRIC_LINE,1.0000,N/A
2026-09-06 00:36:56,1,UNNATURAL_GEOMETRIC_LINE,1.0000,N/A
2026-09-06 00:37:02,1,UNNATURAL_GEOMETRIC_LINE,1.0000,N/A
2026-09-06 00:37:04,1,UNNATURAL_GEOMETRIC_LINE,1.0000,N/A
2026-09-06 00:37:05,1,UNNATURAL_GEOMETRIC_LINE,1.0000,N/A
2026-09-06 00:37:08,1,UNNATURAL_GEOMETRIC_LINE,1.0000,N/A
2026-09-06 00:37:10,1,UNNATURAL_GEOMETRIC_LINE,1.0000,N/A
2026-09-06 00:37:11,1,UNNATURAL_GEOMETRIC_LINE,1.0000,N/A
2026-09-06 00:37:13,1,UNNATURAL_GEOMETRIC_LINE,1.0000,N/A
2026-09-06 00:37:15,1,UNNATURAL_GEOMETRIC_LINE,1.0000,N/A
2026-09-06 00:37:16,1,UNNATURAL_GEOMETRIC_LINE,1.0000,N/A
2026-09-06 00:37:17,1,UNNATURAL_GEOMETRIC_LINE,1.0000,N/A
2026-09-06 00:37:20,1,UNNATURAL_GEOMETRIC_LINE,1.0000,N/A
2026-09-06 00:37:22,1,UNNATURAL_GEOMETRIC_LINE,1.0000,N/A
2026-09-06 00:37:23,1,UNNATURAL_GEOMETRIC_LINE,1.0000,N/A
2026-09-06 00:37:26,1,UNNATURAL_GEOMETRIC_LINE,1.0000,N/A
2026-09-06 00:37:29,1,UNNATURAL_GEOMETRIC_LINE,1.0000,N/A
2026-09-06 00:37:29,1,UNNATURAL_GEOMETRIC_LINE,1.0000,N/A
2026-09-06 00:37:31,1,UNNATURAL_GEOMETRIC_LINE,1.0000,N/A
2026-09-06 00:37:34,1,UNNATURAL_GEOMETRIC_LINE,1.0000,N/A
2026-09-06 00:37:35,1,UNNATURAL_GEOMETRIC_LINE,1.0000,N/A
2026-09-06 00:37:37,1,UNNATURAL_GEOMETRIC_LINE,1.0000,N/A
2026-09-06 00:37:48,1,UNNATURAL_GEOMETRIC_LINE,1.0000,N/A
2026-09-06 00:37:49,1,UNNATURAL_GEOMETRIC_LINE,1.0000,N/A
2026-09-06 00:37:53,1,UNNATURAL_GEOMETRIC_LINE,1.0000,N/A
2026-09-06 00:37:57,1,UNNATURAL_GEOMETRIC_LINE,1.0000,N/A
2026-09-06 00:37:58,1,UNNATURAL_GEOMETRIC_LINE,1.0000,N/A
2026-09-06 00:38:06,1,UNNATURAL_GEOMETRIC_LINE,1.0000,N/A
2026-09-06 00:38:10,1,UNNATURAL_GEOMETRIC_LINE,1.0000,N/A
2026-09-06 00:38:12,1,UNNATURAL_GEOMETRIC_LINE,1.0000,N/A
2026-09-06 00:38:13,1,UNNATURAL_GEOMETRIC_LINE,1.0000,N/A
2026-09-06 00:38:14,1,UNNATURAL_GEOMETRIC_LINE,1.0000,N/A
2026-09-06 00:38:19,1,UNNATURAL_GEOMETRIC_LINE,1.0000,N/A
2026-09-06 00:38:22,1,UNNATURAL_GEOMETRIC_LINE,1.0000,N/A
2026-09-06 00:38:27,1,UNNATURAL_GEOMETRIC_LINE,1.0000,N/A
2026-09-06 00:38:28,1,UNNATURAL_GEOMETRIC_LINE,1.0000,N/A
2026-09-06 00:38:32,1,UNNATURAL_GEOMETRIC_LINE,1.0000,N/A
2026-09-06 00:38:34,1,UNNATURAL_GEOMETRIC_LINE,1.0000,N/A
2026-09-06 00:38:35,1,UNNATURAL_GEOMETRIC_LINE,1.0000,N/A
2026-09-06 00:38:46,1,UNNATURAL_GEOMETRIC_LINE,1.0000,N/A
2026-09-06 00:38:51,1,UNNATURAL_GEOMETRIC_LINE,1.0000,N/A
2026-09-06 00:38:52,1,UNNATURAL_GEOMETRIC_LINE,1.0000,N/A
2026-09-06 00:38:54,1,UNNATURAL_GEOMETRIC_LINE,1.0000,N/A
2026-09-06 00:38:58,1,UNNATURAL_GEOMETRIC_LINE,1.0000,N/A
2026-09-06 00:38:59,1,UNNATURAL_GEOMETRIC_LINE,1.0000,N/A
2026-09-06 00:39:00,1,MECHANICAL_LOCK_NO_TREMOR,1.0000,N/A
2026-09-06 00:39:04,1,UNNATURAL_GEOMETRIC_LINE,1.0000,N/A
2026-09-06 00:39:05,1,UNNATURAL_GEOMETRIC_LINE,1.0000,N/A
2026-09-06 00:39:08,1,UNNATURAL_GEOMETRIC_LINE,1.0000,N/A
2026-09-06 00:39:10,1,UNNATURAL_GEOMETRIC_LINE,1.0000,N/A
2026-09-06 00:39:11,1,UNNATURAL_GEOMETRIC_LINE,1.0000,N/A
2026-09-06 00:39:13,1,UNNATURAL_GEOMETRIC_LINE,1.0000,N/A
2026-09-06 00:39:17,1,UNNATURAL_GEOMETRIC_LINE,1.0000,N/A
2026-09-06 00:39:19,1,UNNATURAL_GEOMETRIC_LINE,1.0000,N/A
2026-09-06 00:39:22,1,UNNATURAL_GEOMETRIC_LINE,1.0000,N/A
2026-09-06 00:39:23,1,UNNATURAL_GEOMETRIC_LINE,1.0000,N/A
2026-09-06 00:39:26,1,UNNATURAL_GEOMETRIC_LINE,1.0000,N/A
2026-09-06 00:39:29,1,UNNATURAL_GEOMETRIC_LINE,1.0000,N/A
2026-09-06 00:39:33,1,UNNATURAL_GEOMETRIC_LINE,1.0000,N/A
2026-09-06 00:39:35,1,UNNATURAL_GEOMETRIC_LINE,1.0000,N/A
2026-09-06 00:39:36,1,UNNATURAL_GEOMETRIC_LINE,1.0000,N/A
2026-09-06 00:39:38,1,UNNATURAL_GEOMETRIC_LINE,1.0000,N/A
2026-09-06 00:39:40,1,UNNATURAL_GEOMETRIC_LINE,1.0000,N/A
2026-09-06 00:39:41,1,UNNATURAL_GEOMETRIC_LINE,1.0000,N/A
2026-09-06 00:39:44,1,UNNATURAL_GEOMETRIC_LINE,1.0000,N/A
2026-09-06 00:39:47,1,UNNATURAL_GEOMETRIC_LINE,1.0000,N/A
2026-09-06 00:39:53,1,UNNATURAL_GEOMETRIC_LINE,1.0000,N/A
2026-09-06 00:39:58,1,UNNATURAL_GEOMETRIC_LINE,1.0000,N/A
2026-09-06 00:40:04,1,UNNATURAL_GEOMETRIC_LINE,1.0000,N/A
2026-09-06 00:40:07,1,UNNATURAL_GEOMETRIC_LINE,1.0000,N/A
2026-09-06 00:40:08,1,UNNATURAL_GEOMETRIC_LINE,1.0000,N/A
2026-09-06 00:40:10,1,UNNATURAL_GEOMETRIC_LINE,1.0000,N/A
2026-09-06 00:40:21,1,UNNATURAL_GEOMETRIC_LINE,1.0000,N/A
2026-09-06 00:40:22,1,UNNATURAL_GEOMETRIC_LINE,1.0000,N/A
2026-09-06 00:40:25,1,UNNATURAL_GEOMETRIC_LINE,1.0000,N/A
2026-09-06 00:40:27,1,UNNATURAL_GEOMETRIC_LINE,1.0000,N/A
2026-09-06 00:40:28,1,UNNATURAL_GEOMETRIC_LINE,1.0000,N/A
2026-09-06 00:40:34,1,UNNATURAL_GEOMETRIC_LINE,1.0000,N/A
2026-09-06 00:40:36,1,UNNATURAL_GEOMETRIC_LINE,1.0000,N/A
2026-09-06 00:40:37,1,UNNATURAL_GEOMETRIC_LINE,1.0000,N/A
2026-09-06 00:40:39,1,UNNATURAL_GEOMETRIC_LINE,1.0000,N/A
2026-09-06 00:40:41,1,UNNATURAL_GEOMETRIC_LINE,1.0000,N/A
2026-09-06 00:40:42,1,UNNATURAL_GEOMETRIC_LINE,1.0000,N/A
2026-09-06 00:40:46,1,UNNATURAL_GEOMETRIC_LINE,1.0000,N/A
2026-09-06 00:40:49,1,UNNATURAL_GEOMETRIC_LINE,1.0000,N/A
2026-09-06 00:40:50,1,UNNATURAL_GEOMETRIC_LINE,1.0000,N/A
2026-09-06 00:40:52,1,UNNATURAL_GEOMETRIC_LINE,1.0000,N/A
2026-09-06 00:40:54,1,UNNATURAL_GEOMETRIC_LINE,1.0000,N/A
2026-09-06 00:40:55,1,UNNATURAL_GEOMETRIC_LINE,1.0000,N/A
2026-09-06 00:40:57,1,UNNATURAL_GEOMETRIC_LINE,1.0000,N/A
2026-09-06 00:41:01,1,UNNATURAL_GEOMETRIC_LINE,1.0000,N/A
2026-09-06 00:41:02,1,UNNATURAL_GEOMETRIC_LINE,1.0000,N/A
2026-09-06 00:41:05,1,UNNATURAL_GEOMETRIC_LINE,1.0000,N/A
2026-09-06 00:41:08,1,UNNATURAL_GEOMETRIC_LINE,1.0000,N/A
2026-09-06 00:41:09,1,UNNATURAL_GEOMETRIC_LINE,1.0000,N/A
2026-09-06 00:41:10,1,MECHANICAL_LOCK_NO_TREMOR,1.0000,N/A
2026-09-06 00:41:12,1,UNNATURAL_GEOMETRIC_LINE,1.0000,N/A
2026-09-06 00:41:13,1,UNNATURAL_GEOMETRIC_LINE,1.0000,N/A
2026-09-06 00:41:15,1,UNNATURAL_GEOMETRIC_LINE,1.0000,N/A
2026-09-06 00:41:17,1,UNNATURAL_GEOMETRIC_LINE,1.0000,N/A
2026-09-06 00:41:18,1,UNNATURAL_GEOMETRIC_LINE,1.0000,N/A
2026-09-06 00:41:20,1,UNNATURAL_GEOMETRIC_LINE,1.0000,N/A
2026-09-06 00:41:23,1,UNNATURAL_GEOMETRIC_LINE,1.0000,N/A
2026-09-06 00:41:24,1,UNNATURAL_GEOMETRIC_LINE,1.0000,N/A
2026-09-06 00:41:28,1,UNNATURAL_GEOMETRIC_LINE,1.0000,N/A
2026-09-06 00:41:32,1,UNNATURAL_GEOMETRIC_LINE,1.0000,N/A
2026-09-06 00:41:33,1,UNNATURAL_GEOMETRIC_LINE,1.0000,N/A
2026-09-06 00:41:36,1,UNNATURAL_GEOMETRIC_LINE,1.0000,N/A
2026-09-06 00:41:39,1,UNNATURAL_GEOMETRIC_LINE,1.0000,N/A
2026-09-06 00:41:40,1,UNNATURAL_GEOMETRIC_LINE,1.0000,N/A
2026-09-06 00:41:47,1,UNNATURAL_GEOMETRIC_LINE,1.0000,N/A
2026-09-06 00:41:49,1,UNNATURAL_GEOMETRIC_LINE,1.0000,N/A
2026-09-06 00:41:50,1,UNNATURAL_GEOMETRIC_LINE,1.0000,N/A
2026-09-06 00:41:54,1,UNNATURAL_GEOMETRIC_LINE,1.0000,N/A
2026-09-06 00:41:58,1,UNNATURAL_GEOMETRIC_LINE,1.0000,N/A
2026-09-06 00:42:00,1,UNNATURAL_GEOMETRIC_LINE,1.0000,N/A
2026-09-06 00:42:04,1,UNNATURAL_GEOMETRIC_LINE,1.0000,N/A
2026-09-06 00:42:05,1,UNNATURAL_GEOMETRIC_LINE,1.0000,N/A
2026-09-06 00:42:08,1,UNNATURAL_GEOMETRIC_LINE,1.0000,N/A
2026-09-06 00:42:10,1,UNNATURAL_GEOMETRIC_LINE,1.0000,N/A
2026-09-06 00:42:11,1,UNNATURAL_GEOMETRIC_LINE,1.0000,N/A
2026-09-06 00:42:14,1,UNNATURAL_GEOMETRIC_LINE,1.0000,N/A
2026-09-06 00:42:16,1,UNNATURAL_GEOMETRIC_LINE,1.0000,N/A
2026-09-06 00:42:17,1,UNNATURAL_GEOMETRIC_LINE,1.0000,N/A
2026-09-06 00:42:23,1,UNNATURAL_GEOMETRIC_LINE,1.0000,N/A
2026-09-06 00:42:27,1,UNNATURAL_GEOMETRIC_LINE,1.0000,N/A
2026-09-06 00:42:28,1,UNNATURAL_GEOMETRIC_LINE,1.0000,N/A
2026-09-06 00:42:32,1,UNNATURAL_GEOMETRIC_LINE,1.0000,N/A
2026-09-06 00:42:37,1,UNNATURAL_GEOMETRIC_LINE,1.0000,N/A
2026-09-06 00:42:39,1,UNNATURAL_GEOMETRIC_LINE,1.0000,N/A
2026-09-06 00:42:40,1,UNNATURAL_GEOMETRIC_LINE,1.0000,N/A
2026-09-06 00:42:45,1,UNNATURAL_GEOMETRIC_LINE,1.0000,N/A
2026-09-06 00:42:48,1,UNNATURAL_GEOMETRIC_LINE,1.0000,N/A
2026-09-06 00:42:49,1,UNNATURAL_GEOMETRIC_LINE,1.0000,N/A
2026-09-06 00:42:51,1,UNNATURAL_GEOMETRIC_LINE,1.0000,N/A
2026-09-06 00:42:55,1,UNNATURAL_GEOMETRIC_LINE,1.0000,N/A
2026-09-06 00:42:58,1,UNNATURAL_GEOMETRIC_LINE,1.0000,N/A
2026-09-06 00:42:59,1,UNNATURAL_GEOMETRIC_LINE,1.0000,N/A
2026-09-06 00:43:04,1,UNNATURAL_GEOMETRIC_LINE,1.0000,N/A
2026-09-06 00:43:07,1,UNNATURAL_GEOMETRIC_LINE,1.0000,N/A
2026-09-06 00:43:08,1,UNNATURAL_GEOMETRIC_LINE,1.0000,N/A
2026-09-06 00:43:13,1,UNNATURAL_GEOMETRIC_LINE,1.0000,N/A
2026-09-06 00:43:15,1,UNNATURAL_GEOMETRIC_LINE,1.0000,N/A
2026-09-06 00:43:16,1,UNNATURAL_GEOMETRIC_LINE,1.0000,N/A
2026-09-06 00:43:19,1,UNNATURAL_GEOMETRIC_LINE,1.0000,N/A
2026-09-06 00:43:21,1,UNNATURAL_GEOMETRIC_LINE,1.0000,N/A
2026-09-06 00:43:22,1,UNNATURAL_GEOMETRIC_LINE,1.0000,N/A
2026-09-06 00:43:26,1,UNNATURAL_GEOMETRIC_LINE,1.0000,N/A
2026-09-06 00:43:28,1,UNNATURAL_GEOMETRIC_LINE,1.0000,N/A
2026-09-06 00:43:29,1,UNNATURAL_GEOMETRIC_LINE,1.0000,N/A
2026-09-06 00:43:37,1,UNNATURAL_GEOMETRIC_LINE,1.0000,N/A
2026-09-06 00:43:40,1,UNNATURAL_GEOMETRIC_LINE,1.0000,N/A
2026-09-06 00:43:45,1,UNNATURAL_GEOMETRIC_LINE,1.0000,N/A
2026-09-06 00:43:48,1,UNNATURAL_GEOMETRIC_LINE,1.0000,N/A
2026-09-06 00:43:49,1,UNNATURAL_GEOMETRIC_LINE,1.0000,N/A
2026-09-06 00:43:55,1,UNNATURAL_GEOMETRIC_LINE,1.0000,N/A
2026-09-06 00:43:57,1,UNNATURAL_GEOMETRIC_LINE,1.0000,N/A
2026-09-06 00:43:58,1,UNNATURAL_GEOMETRIC_LINE,1.0000,N/A
2026-09-06 00:44:02,1,UNNATURAL_GEOMETRIC_LINE,1.0000,N/A
2026-09-06 00:44:04,1,UNNATURAL_GEOMETRIC_LINE,1.0000,N/A
2026-09-06 00:44:05,1,UNNATURAL_GEOMETRIC_LINE,1.0000,N/A
2026-09-06 00:44:11,1,UNNATURAL_GEOMETRIC_LINE,1.0000,N/A
2026-09-06 00:44:13,1,UNNATURAL_GEOMETRIC_LINE,1.0000,N/A
2026-09-06 00:44:14,1,UNNATURAL_GEOMETRIC_LINE,1.0000,N/A
2026-09-06 00:44:17,1,UNNATURAL_GEOMETRIC_LINE,1.0000,N/A
2026-09-06 00:44:21,1,UNNATURAL_GEOMETRIC_LINE,1.0000,N/A
2026-09-06 00:44:22,1,UNNATURAL_GEOMETRIC_LINE,1.0000,N/A
2026-09-06 00:44:29,1,UNNATURAL_GEOMETRIC_LINE,1.0000,N/A
2026-09-06 00:44:32,1,UNNATURAL_GEOMETRIC_LINE,1.0000,N/A
2026-09-06 00:44:37,1,UNNATURAL_GEOMETRIC_LINE,1.0000,N/A
2026-09-06 00:44:39,1,UNNATURAL_GEOMETRIC_LINE,1.0000,N/A
2026-09-06 00:44:40,1,UNNATURAL_GEOMETRIC_LINE,1.0000,N/A
2026-09-06 00:44:42,1,UNNATURAL_GEOMETRIC_LINE,1.0000,N/A
2026-09-06 00:44:44,1,UNNATURAL_GEOMETRIC_LINE,1.0000,N/A
2026-09-06 00:44:45,1,UNNATURAL_GEOMETRIC_LINE,1.0000,N/A
2026-09-06 00:44:46,1,MECHANICAL_LOCK_NO_TREMOR,1.0000,N/A
2026-09-06 00:44:49,1,UNNATURAL_GEOMETRIC_LINE,1.0000,N/A
2026-09-06 00:44:49,1,UNNATURAL_GEOMETRIC_LINE,1.0000,N/A
2026-09-06 00:44:54,1,UNNATURAL_GEOMETRIC_LINE,1.0000,N/A
2026-09-06 00:44:57,1,UNNATURAL_GEOMETRIC_LINE,1.0000,N/A
2026-09-06 00:45:09,1,UNNATURAL_GEOMETRIC_LINE,1.0000,N/A
2026-09-06 00:45:13,1,UNNATURAL_GEOMETRIC_LINE,1.0000,N/A
2026-09-06 00:45:14,1,UNNATURAL_GEOMETRIC_LINE,1.0000,N/A
2026-09-06 00:45:15,1,MECHANICAL_LOCK_NO_TREMOR,1.0000,N/A
2026-09-06 00:45:18,1,UNNATURAL_GEOMETRIC_LINE,1.0000,N/A
2026-09-06 00:45:22,1,UNNATURAL_GEOMETRIC_LINE,1.0000,N/A
2026-09-06 00:45:25,1,UNNATURAL_GEOMETRIC_LINE,1.0000,N/A
2026-09-06 00:45:26,1,UNNATURAL_GEOMETRIC_LINE,1.0000,N/A
2026-09-06 00:45:32,1,UNNATURAL_GEOMETRIC_LINE,1.0000,N/A
2026-09-06 00:45:35,1,UNNATURAL_GEOMETRIC_LINE,1.0000,N/A
2026-09-06 00:45:36,1,UNNATURAL_GEOMETRIC_LINE,1.0000,N/A
2026-09-06 00:45:39,1,UNNATURAL_GEOMETRIC_LINE,1.0000,N/A
2026-09-06 00:45:42,1,UNNATURAL_GEOMETRIC_LINE,1.0000,N/A
2026-09-06 00:45:43,1,UNNATURAL_GEOMETRIC_LINE,1.0000,N/A
2026-09-06 00:45:44,1,UNNATURAL_GEOMETRIC_LINE,1.0000,N/A
2026-09-06 00:45:48,1,UNNATURAL_GEOMETRIC_LINE,1.0000,N/A
2026-09-06 00:45:49,1,UNNATURAL_GEOMETRIC_LINE,1.0000,N/A
2026-09-06 00:45:50,1,UNNATURAL_GEOMETRIC_LINE,1.0000,N/A
2026-09-06 00:45:52,1,UNNATURAL_GEOMETRIC_LINE,1.0000,N/A
2026-09-06 00:45:53,1,UNNATURAL_GEOMETRIC_LINE,1.0000,N/A
2026-09-06 00:45:55,1,UNNATURAL_GEOMETRIC_LINE,1.0000,N/A
2026-09-06 00:45:57,1,UNNATURAL_GEOMETRIC_LINE,1.0000,N/A
2026-09-06 00:46:00,1,UNNATURAL_GEOMETRIC_LINE,1.0000,N/A
2026-09-06 00:46:01,1,UNNATURAL_GEOMETRIC_LINE,1.0000,N/A
2026-09-06 00:46:03,1,UNNATURAL_GEOMETRIC_LINE,1.0000,N/A
2026-09-06 00:46:05,1,UNNATURAL_GEOMETRIC_LINE,1.0000,N/A
2026-09-06 00:46:06,1,UNNATURAL_GEOMETRIC_LINE,1.0000,N/A
2026-09-06 00:46:07,1,MECHANICAL_LOCK_NO_TREMOR,1.0000,N/A
2026-09-06 00:46:09,1,UNNATURAL_GEOMETRIC_LINE,1.0000,N/A
2026-09-06 00:46:10,1,UNNATURAL_GEOMETRIC_LINE,1.0000,N/A
2026-09-06 00:46:11,1,MECHANICAL_LOCK_NO_TREMOR,1.0000,N/A
2026-09-06 00:46:13,1,UNNATURAL_GEOMETRIC_LINE,1.0000,N/A
2026-09-06 00:46:14,1,UNNATURAL_GEOMETRIC_LINE,1.0000,N/A
2026-09-06 00:46:15,1,UNNATURAL_GEOMETRIC_LINE,1.0000,N/A
2026-09-06 00:46:20,1,UNNATURAL_GEOMETRIC_LINE,1.0000,N/A
2026-09-06 00:46:21,1,UNNATURAL_GEOMETRIC_LINE,1.0000,N/A
2026-09-06 00:46:25,1,UNNATURAL_GEOMETRIC_LINE,1.0000,N/A
2026-09-06 00:46:28,1,UNNATURAL_GEOMETRIC_LINE,1.0000,N/A
2026-09-06 00:46:29,1,UNNATURAL_GEOMETRIC_LINE,1.0000,N/A
2026-09-06 00:46:31,1,UNNATURAL_GEOMETRIC_LINE,1.0000,N/A
2026-09-06 00:46:35,1,UNNATURAL_GEOMETRIC_LINE,1.0000,N/A
2026-09-06 00:46:38,1,UNNATURAL_GEOMETRIC_LINE,1.0000,N/A
2026-09-06 00:46:39,1,UNNATURAL_GEOMETRIC_LINE,1.0000,N/A
2026-09-06 00:46:44,1,UNNATURAL_GEOMETRIC_LINE,1.0000,N/A
2026-09-06 00:46:44,1,UNNATURAL_GEOMETRIC_LINE,1.0000,N/A
2026-09-06 00:46:46,1,UNNATURAL_GEOMETRIC_LINE,1.0000,N/A
2026-09-06 00:46:49,1,UNNATURAL_GEOMETRIC_LINE,1.0000,N/A
2026-09-06 00:46:49,1,UNNATURAL_GEOMETRIC_LINE,1.0000,N/A
2026-09-06 00:46:59,1,UNNATURAL_GEOMETRIC_LINE,1.0000,N/A
2026-09-06 00:47:02,1,UNNATURAL_GEOMETRIC_LINE,1.0000,N/A
2026-09-06 00:47:04,1,UNNATURAL_GEOMETRIC_LINE,1.0000,N/A
2026-09-06 00:47:06,1,UNNATURAL_GEOMETRIC_LINE,1.0000,N/A
2026-09-06 00:47:07,1,UNNATURAL_GEOMETRIC_LINE,1.0000,N/A
2026-09-06 00:47:13,1,UNNATURAL_GEOMETRIC_LINE,1.0000,N/A
2026-09-06 00:47:16,1,UNNATURAL_GEOMETRIC_LINE,1.0000,N/A
2026-09-06 00:47:17,1,UNNATURAL_GEOMETRIC_LINE,1.0000,N/A
2026-09-06 00:47:22,1,UNNATURAL_GEOMETRIC_LINE,1.0000,N/A
2026-09-06 00:47:25,1,UNNATURAL_GEOMETRIC_LINE,1.0000,N/A
2026-09-06 00:47:25,1,UNNATURAL_GEOMETRIC_LINE,1.0000,N/A
2026-09-06 00:47:27,1,UNNATURAL_GEOMETRIC_LINE,1.0000,N/A
2026-09-06 00:47:29,1,UNNATURAL_GEOMETRIC_LINE,1.0000,N/A
2026-09-06 00:47:30,1,UNNATURAL_GEOMETRIC_LINE,1.0000,N/A
2026-09-06 00:47:33,1,UNNATURAL_GEOMETRIC_LINE,1.0000,N/A
2026-09-06 00:47:36,1,UNNATURAL_GEOMETRIC_LINE,1.0000,N/A
2026-09-06 00:47:37,1,UNNATURAL_GEOMETRIC_LINE,1.0000,N/A
2026-09-06 00:47:41,1,UNNATURAL_GEOMETRIC_LINE,1.0000,N/A
2026-09-06 00:47:44,1,UNNATURAL_GEOMETRIC_LINE,1.0000,N/A
2026-09-06 00:47:45,1,UNNATURAL_GEOMETRIC_LINE,1.0000,N/A
2026-09-06 00:47:53,1,UNNATURAL_GEOMETRIC_LINE,1.0000,N/A
2026-09-06 00:47:59,1,UNNATURAL_GEOMETRIC_LINE,1.0000,N/A
2026-09-06 00:48:00,1,UNNATURAL_GEOMETRIC_LINE,1.0000,N/A
2026-09-06 00:48:01,1,UNNATURAL_GEOMETRIC_LINE,1.0000,N/A
2026-09-06 00:48:05,1,UNNATURAL_GEOMETRIC_LINE,1.0000,N/A
2026-09-06 00:48:06,1,UNNATURAL_GEOMETRIC_LINE,1.0000,N/A
2026-09-06 00:48:12,1,UNNATURAL_GEOMETRIC_LINE,1.0000,N/A
2026-09-06 00:48:15,1,UNNATURAL_GEOMETRIC_LINE,1.0000,N/A
2026-09-06 00:48:17,1,UNNATURAL_GEOMETRIC_LINE,1.0000,N/A
2026-09-06 00:48:20,1,UNNATURAL_GEOMETRIC_LINE,1.0000,N/A
2026-09-06 00:48:21,1,UNNATURAL_GEOMETRIC_LINE,1.0000,N/A
2026-09-06 00:48:26,1,UNNATURAL_GEOMETRIC_LINE,1.0000,N/A
2026-09-06 00:48:29,1,UNNATURAL_GEOMETRIC_LINE,1.0000,N/A
2026-09-06 00:48:30,1,UNNATURAL_GEOMETRIC_LINE,1.0000,N/A
2026-09-06 00:48:34,1,UNNATURAL_GEOMETRIC_LINE,1.0000,N/A
2026-09-06 00:48:37,1,UNNATURAL_GEOMETRIC_LINE,1.0000,N/A
2026-09-06 00:48:38,1,UNNATURAL_GEOMETRIC_LINE,1.0000,N/A
2026-09-06 00:48:52,1,UNNATURAL_GEOMETRIC_LINE,1.0000,N/A
2026-09-06 00:48:54,1,UNNATURAL_GEOMETRIC_LINE,1.0000,N/A
2026-09-06 00:48:55,1,UNNATURAL_GEOMETRIC_LINE,1.0000,N/A
2026-09-06 00:48:57,1,UNNATURAL_GEOMETRIC_LINE,1.0000,N/A
2026-09-06 00:49:01,1,UNNATURAL_GEOMETRIC_LINE,1.0000,N/A
2026-09-06 00:49:02,1,UNNATURAL_GEOMETRIC_LINE,1.0000,N/A
2026-09-06 00:49:04,1,UNNATURAL_GEOMETRIC_LINE,1.0000,N/A
2026-09-06 00:49:05,1,UNNATURAL_GEOMETRIC_LINE,1.0000,N/A
2026-09-06 00:49:09,1,UNNATURAL_GEOMETRIC_LINE,1.0000,N/A
2026-09-06 00:49:12,1,UNNATURAL_GEOMETRIC_LINE,1.0000,N/A
2026-09-06 00:49:13,1,UNNATURAL_GEOMETRIC_LINE,1.0000,N/A
2026-09-06 00:49:15,1,UNNATURAL_GEOMETRIC_LINE,1.0000,N/A
2026-09-06 00:49:17,1,UNNATURAL_GEOMETRIC_LINE,1.0000,N/A
2026-09-06 00:49:18,1,UNNATURAL_GEOMETRIC_LINE,1.0000,N/A
2026-09-06 00:49:22,1,UNNATURAL_GEOMETRIC_LINE,1.0000,N/A
2026-09-06 00:49:25,1,UNNATURAL_GEOMETRIC_LINE,1.0000,N/A
2026-09-06 00:49:25,1,UNNATURAL_GEOMETRIC_LINE,1.0000,N/A
2026-09-06 00:49:26,1,MECHANICAL_LOCK_NO_TREMOR,1.0000,N/A
2026-09-06 00:49:29,1,UNNATURAL_GEOMETRIC_LINE,1.0000,N/A
2026-09-06 00:49:30,1,UNNATURAL_GEOMETRIC_LINE,1.0000,N/A
2026-09-06 00:49:34,1,UNNATURAL_GEOMETRIC_LINE,1.0000,N/A
2026-09-06 00:49:36,1,UNNATURAL_GEOMETRIC_LINE,1.0000,N/A
2026-09-06 00:49:37,1,UNNATURAL_GEOMETRIC_LINE,1.0000,N/A
2026-09-06 00:49:43,1,UNNATURAL_GEOMETRIC_LINE,1.0000,N/A
2026-09-06 00:49:49,1,UNNATURAL_GEOMETRIC_LINE,1.0000,N/A
2026-09-06 00:49:50,1,UNNATURAL_GEOMETRIC_LINE,1.0000,N/A
2026-09-06 00:49:53,1,UNNATURAL_GEOMETRIC_LINE,1.0000,N/A
2026-09-06 00:49:58,1,UNNATURAL_GEOMETRIC_LINE,1.0000,N/A
2026-09-06 00:50:02,1,UNNATURAL_GEOMETRIC_LINE,1.0000,N/A
2026-09-06 00:50:05,1,UNNATURAL_GEOMETRIC_LINE,1.0000,N/A
2026-09-06 00:50:06,1,UNNATURAL_GEOMETRIC_LINE,1.0000,N/A
2026-09-06 00:50:07,1,MECHANICAL_LOCK_NO_TREMOR,1.0000,N/A
2026-09-06 00:50:09,1,UNNATURAL_GEOMETRIC_LINE,1.0000,N/A
2026-09-06 00:50:10,1,UNNATURAL_GEOMETRIC_LINE,1.0000,N/A
2026-09-06 00:50:11,1,UNNATURAL_GEOMETRIC_LINE,1.0000,N/A
2026-09-06 00:50:14,1,UNNATURAL_GEOMETRIC_LINE,1.0000,N/A
2026-09-06 00:50:15,1,UNNATURAL_GEOMETRIC_LINE,1.0000,N/A
2026-09-06 00:50:16,1,UNNATURAL_GEOMETRIC_LINE,1.0000,N/A
2026-09-06 00:50:22,1,UNNATURAL_GEOMETRIC_LINE,1.0000,N/A
2026-09-06 00:50:29,1,UNNATURAL_GEOMETRIC_LINE,1.0000,N/A
2026-09-06 00:50:32,1,UNNATURAL_GEOMETRIC_LINE,1.0000,N/A
2026-09-06 00:50:33,1,UNNATURAL_GEOMETRIC_LINE,1.0000,N/A
2026-09-06 00:50:36,1,UNNATURAL_GEOMETRIC_LINE,1.0000,N/A
2026-09-06 00:50:38,1,UNNATURAL_GEOMETRIC_LINE,1.0000,N/A
2026-09-06 00:50:39,1,UNNATURAL_GEOMETRIC_LINE,1.0000,N/A
2026-09-06 00:50:45,1,UNNATURAL_GEOMETRIC_LINE,1.0000,N/A
2026-09-06 00:50:48,1,UNNATURAL_GEOMETRIC_LINE,1.0000,N/A
2026-09-06 00:50:51,1,UNNATURAL_GEOMETRIC_LINE,1.0000,N/A
2026-09-06 00:50:53,1,UNNATURAL_GEOMETRIC_LINE,1.0000,N/A
2026-09-06 00:50:54,1,UNNATURAL_GEOMETRIC_LINE,1.0000,N/A
2026-09-06 00:50:56,1,UNNATURAL_GEOMETRIC_LINE,1.0000,N/A
2026-09-06 00:50:58,1,UNNATURAL_GEOMETRIC_LINE,1.0000,N/A
2026-09-06 00:50:59,1,UNNATURAL_GEOMETRIC_LINE,1.0000,N/A
2026-09-06 00:51:04,1,UNNATURAL_GEOMETRIC_LINE,1.0000,N/A
2026-09-06 00:51:06,1,UNNATURAL_GEOMETRIC_LINE,1.0000,N/A
2026-09-06 00:51:07,1,UNNATURAL_GEOMETRIC_LINE,1.0000,N/A
2026-09-06 00:51:09,1,UNNATURAL_GEOMETRIC_LINE,1.0000,N/A
2026-09-06 00:51:13,1,UNNATURAL_GEOMETRIC_LINE,1.0000,N/A
2026-09-06 00:51:14,1,UNNATURAL_GEOMETRIC_LINE,1.0000,N/A
2026-09-06 00:51:18,1,UNNATURAL_GEOMETRIC_LINE,1.0000,N/A
2026-09-06 00:51:21,1,UNNATURAL_GEOMETRIC_LINE,1.0000,N/A
2026-09-06 00:51:22,1,UNNATURAL_GEOMETRIC_LINE,1.0000,N/A
2026-09-06 00:51:25,1,UNNATURAL_GEOMETRIC_LINE,1.0000,N/A
2026-09-06 00:51:26,1,UNNATURAL_GEOMETRIC_LINE,1.0000,N/A
2026-09-06 00:51:37,1,UNNATURAL_GEOMETRIC_LINE,1.0000,N/A
2026-09-06 00:51:40,1,UNNATURAL_GEOMETRIC_LINE,1.0000,N/A
2026-09-06 00:51:41,1,UNNATURAL_GEOMETRIC_LINE,1.0000,N/A
2026-09-06 00:51:42,1,UNNATURAL_GEOMETRIC_LINE,1.0000,N/A
2026-09-06 00:51:45,1,UNNATURAL_GEOMETRIC_LINE,1.0000,N/A
2026-09-06 00:51:49,1,UNNATURAL_GEOMETRIC_LINE,1.0000,N/A
2026-09-06 00:51:53,1,UNNATURAL_GEOMETRIC_LINE,1.0000,N/A
2026-09-06 00:51:54,1,UNNATURAL_GEOMETRIC_LINE,1.0000,N/A
2026-09-06 00:51:55,1,MECHANICAL_LOCK_NO_TREMOR,1.0000,N/A
2026-09-06 00:51:57,1,UNNATURAL_GEOMETRIC_LINE,1.0000,N/A
2026-09-06 00:51:58,1,UNNATURAL_GEOMETRIC_LINE,1.0000,N/A
2026-09-06 00:52:01,1,UNNATURAL_GEOMETRIC_LINE,1.0000,N/A
2026-09-06 00:52:04,1,UNNATURAL_GEOMETRIC_LINE,1.0000,N/A
2026-09-06 00:52:05,1,UNNATURAL_GEOMETRIC_LINE,1.0000,N/A
2026-09-06 00:52:11,1,UNNATURAL_GEOMETRIC_LINE,1.0000,N/A
2026-09-06 00:52:13,1,UNNATURAL_GEOMETRIC_LINE,1.0000,N/A
2026-09-06 00:52:14,1,UNNATURAL_GEOMETRIC_LINE,1.0000,N/A
2026-09-06 00:52:16,1,UNNATURAL_GEOMETRIC_LINE,1.0000,N/A
2026-09-06 00:52:21,1,UNNATURAL_GEOMETRIC_LINE,1.0000,N/A
2026-09-06 00:52:24,1,UNNATURAL_GEOMETRIC_LINE,1.0000,N/A
2026-09-06 00:52:26,1,UNNATURAL_GEOMETRIC_LINE,1.0000,N/A
2026-09-06 00:52:28,1,UNNATURAL_GEOMETRIC_LINE,1.0000,N/A
2026-09-06 00:52:31,1,UNNATURAL_GEOMETRIC_LINE,1.0000,N/A
2026-09-06 00:52:34,1,UNNATURAL_GEOMETRIC_LINE,1.0000,N/A
2026-09-06 00:52:35,1,UNNATURAL_GEOMETRIC_LINE,1.0000,N/A
2026-09-06 00:52:38,1,UNNATURAL_GEOMETRIC_LINE,1.0000,N/A
2026-09-06 00:52:41,1,UNNATURAL_GEOMETRIC_LINE,1.0000,N/A
2026-09-06 00:52:43,1,UNNATURAL_GEOMETRIC_LINE,1.0000,N/A
2026-09-06 00:52:44,1,UNNATURAL_GEOMETRIC_LINE,1.0000,N/A
2026-09-06 00:52:46,1,UNNATURAL_GEOMETRIC_LINE,1.0000,N/A
2026-09-06 00:52:49,1,UNNATURAL_GEOMETRIC_LINE,1.0000,N/A
2026-09-06 00:52:50,1,UNNATURAL_GEOMETRIC_LINE,1.0000,N/A
2026-09-06 00:52:51,1,UNNATURAL_GEOMETRIC_LINE,1.0000,N/A
2026-09-06 00:52:56,1,UNNATURAL_GEOMETRIC_LINE,1.0000,N/A
2026-09-06 00:52:57,1,UNNATURAL_GEOMETRIC_LINE,1.0000,N/A
2026-09-06 00:52:58,1,UNNATURAL_GEOMETRIC_LINE,1.0000,N/A
2026-09-06 00:53:00,1,UNNATURAL_GEOMETRIC_LINE,1.0000,N/A
2026-09-06 00:53:01,1,UNNATURAL_GEOMETRIC_LINE,1.0000,N/A
2026-09-06 00:53:03,1,UNNATURAL_GEOMETRIC_LINE,1.0000,N/A
2026-09-06 00:53:07,1,UNNATURAL_GEOMETRIC_LINE,1.0000,N/A
2026-09-06 00:53:08,1,UNNATURAL_GEOMETRIC_LINE,1.0000,N/A
2026-09-06 00:53:08,1,MECHANICAL_LOCK_NO_TREMOR,1.0000,N/A
2026-09-06 00:53:11,1,UNNATURAL_GEOMETRIC_LINE,1.0000,N/A
2026-09-06 00:53:12,1,UNNATURAL_GEOMETRIC_LINE,1.0000,N/A
2026-09-06 00:53:14,1,UNNATURAL_GEOMETRIC_LINE,1.0000,N/A
2026-09-06 00:53:16,1,UNNATURAL_GEOMETRIC_LINE,1.0000,N/A
2026-09-06 00:53:19,1,UNNATURAL_GEOMETRIC_LINE,1.0000,N/A
2026-09-06 00:53:19,1,UNNATURAL_GEOMETRIC_LINE,1.0000,N/A
2026-09-06 00:53:21,1,UNNATURAL_GEOMETRIC_LINE,1.0000,N/A
2026-09-06 00:53:25,1,UNNATURAL_GEOMETRIC_LINE,1.0000,N/A
2026-09-06 00:53:26,1,UNNATURAL_GEOMETRIC_LINE,1.0000,N/A
2026-09-06 00:53:27,1,UNNATURAL_GEOMETRIC_LINE,1.0000,N/A
2026-09-06 00:53:35,1,UNNATURAL_GEOMETRIC_LINE,1.0000,N/A
2026-09-06 00:53:36,1,UNNATURAL_GEOMETRIC_LINE,1.0000,N/A
2026-09-06 00:53:40,1,UNNATURAL_GEOMETRIC_LINE,1.0000,N/A
2026-09-06 00:53:42,1,UNNATURAL_GEOMETRIC_LINE,1.0000,N/A
2026-09-06 00:53:43,1,UNNATURAL_GEOMETRIC_LINE,1.0000,N/A
2026-09-06 00:53:44,1,UNNATURAL_GEOMETRIC_LINE,1.0000,N/A
2026-09-06 00:53:47,1,UNNATURAL_GEOMETRIC_LINE,1.0000,N/A
2026-09-06 00:53:48,1,UNNATURAL_GEOMETRIC_LINE,1.0000,N/A
2026-09-06 00:53:50,1,UNNATURAL_GEOMETRIC_LINE,1.0000,N/A
2026-09-06 00:53:51,1,UNNATURAL_GEOMETRIC_LINE,1.0000,N/A
2026-09-06 00:53:52,1,MECHANICAL_LOCK_NO_TREMOR,1.0000,N/A
2026-09-06 00:53:54,1,UNNATURAL_GEOMETRIC_LINE,1.0000,N/A
2026-09-06 00:53:55,1,UNNATURAL_GEOMETRIC_LINE,1.0000,N/A
2026-09-06 00:53:56,1,UNNATURAL_GEOMETRIC_LINE,1.0000,N/A
2026-09-06 00:53:58,1,UNNATURAL_GEOMETRIC_LINE,1.0000,N/A
2026-09-06 00:54:01,1,UNNATURAL_GEOMETRIC_LINE,1.0000,N/A
2026-09-06 00:54:01,1,UNNATURAL_GEOMETRIC_LINE,1.0000,N/A
2026-09-06 00:54:03,1,UNNATURAL_GEOMETRIC_LINE,1.0000,N/A
2026-09-06 00:54:05,1,UNNATURAL_GEOMETRIC_LINE,1.0000,N/A
2026-09-06 00:54:06,1,UNNATURAL_GEOMETRIC_LINE,1.0000,N/A
2026-09-06 00:54:10,1,UNNATURAL_GEOMETRIC_LINE,1.0000,N/A
2026-09-06 00:54:13,1,UNNATURAL_GEOMETRIC_LINE,1.0000,N/A
2026-09-06 00:54:13,1,UNNATURAL_GEOMETRIC_LINE,1.0000,N/A
2026-09-06 00:54:15,1,UNNATURAL_GEOMETRIC_LINE,1.0000,N/A
2026-09-06 00:54:19,1,UNNATURAL_GEOMETRIC_LINE,1.0000,N/A
2026-09-06 00:54:25,1,UNNATURAL_GEOMETRIC_LINE,1.0000,N/A
2026-09-06 00:54:28,1,UNNATURAL_GEOMETRIC_LINE,1.0000,N/A
2026-09-06 00:54:31,1,UNNATURAL_GEOMETRIC_LINE,1.0000,N/A
2026-09-06 00:54:31,1,UNNATURAL_GEOMETRIC_LINE,1.0000,N/A
2026-09-06 00:54:34,1,UNNATURAL_GEOMETRIC_LINE,1.0000,N/A
2026-09-06 00:54:38,1,UNNATURAL_GEOMETRIC_LINE,1.0000,N/A
2026-09-06 00:54:39,1,UNNATURAL_GEOMETRIC_LINE,1.0000,N/A
2026-09-06 00:54:44,1,UNNATURAL_GEOMETRIC_LINE,1.0000,N/A
2026-09-06 00:54:46,1,UNNATURAL_GEOMETRIC_LINE,1.0000,N/A
2026-09-06 00:54:47,1,UNNATURAL_GEOMETRIC_LINE,1.0000,N/A
2026-09-06 00:54:50,1,UNNATURAL_GEOMETRIC_LINE,1.0000,N/A
2026-09-06 00:54:52,1,UNNATURAL_GEOMETRIC_LINE,1.0000,N/A
2026-09-06 00:54:53,1,UNNATURAL_GEOMETRIC_LINE,1.0000,N/A
2026-09-06 00:54:56,1,UNNATURAL_GEOMETRIC_LINE,1.0000,N/A
2026-09-06 00:54:59,1,UNNATURAL_GEOMETRIC_LINE,1.0000,N/A
2026-09-06 00:54:59,1,UNNATURAL_GEOMETRIC_LINE,1.0000,N/A
2026-09-06 00:55:01,1,UNNATURAL_GEOMETRIC_LINE,1.0000,N/A
2026-09-06 00:55:03,1,UNNATURAL_GEOMETRIC_LINE,1.0000,N/A
2026-09-06 00:55:05,1,UNNATURAL_GEOMETRIC_LINE,1.0000,N/A
2026-09-06 00:55:06,1,UNNATURAL_GEOMETRIC_LINE,1.0000,N/A
2026-09-06 00:55:07,1,MECHANICAL_LOCK_NO_TREMOR,1.0000,N/A
2026-09-06 00:55:10,1,UNNATURAL_GEOMETRIC_LINE,1.0000,N/A
2026-09-06 00:55:11,1,UNNATURAL_GEOMETRIC_LINE,1.0000,N/A
2026-09-06 00:55:14,1,UNNATURAL_GEOMETRIC_LINE,1.0000,N/A
2026-09-06 00:55:18,1,UNNATURAL_GEOMETRIC_LINE,1.0000,N/A
2026-09-06 00:55:19,1,UNNATURAL_GEOMETRIC_LINE,1.0000,N/A
2026-09-06 00:55:22,1,UNNATURAL_GEOMETRIC_LINE,1.0000,N/A
2026-09-06 00:55:27,1,UNNATURAL_GEOMETRIC_LINE,1.0000,N/A
2026-09-06 00:55:27,1,UNNATURAL_GEOMETRIC_LINE,1.0000,N/A
2026-09-06 00:55:34,1,UNNATURAL_GEOMETRIC_LINE,1.0000,N/A
2026-09-06 00:55:36,1,UNNATURAL_GEOMETRIC_LINE,1.0000,N/A
2026-09-06 00:55:37,1,UNNATURAL_GEOMETRIC_LINE,1.0000,N/A
2026-09-06 00:55:38,1,UNNATURAL_GEOMETRIC_LINE,1.0000,N/A
2026-09-06 00:55:41,1,UNNATURAL_GEOMETRIC_LINE,1.0000,N/A
2026-09-06 00:55:42,1,UNNATURAL_GEOMETRIC_LINE,1.0000,N/A
2026-09-06 00:55:46,1,UNNATURAL_GEOMETRIC_LINE,1.0000,N/A
2026-09-06 00:55:50,1,UNNATURAL_GEOMETRIC_LINE,1.0000,N/A
2026-09-06 00:55:53,1,UNNATURAL_GEOMETRIC_LINE,1.0000,N/A
2026-09-06 00:55:56,1,UNNATURAL_GEOMETRIC_LINE,1.0000,N/A
2026-09-06 00:55:57,1,UNNATURAL_GEOMETRIC_LINE,1.0000,N/A
2026-09-06 00:55:58,1,UNNATURAL_GEOMETRIC_LINE,1.0000,N/A
2026-09-06 00:56:01,1,UNNATURAL_GEOMETRIC_LINE,1.0000,N/A
2026-09-06 00:56:02,1,UNNATURAL_GEOMETRIC_LINE,1.0000,N/A
2026-09-06 00:56:06,1,UNNATURAL_GEOMETRIC_LINE,1.0000,N/A
2026-09-06 00:56:09,1,UNNATURAL_GEOMETRIC_LINE,1.0000,N/A
2026-09-06 00:56:10,1,UNNATURAL_GEOMETRIC_LINE,1.0000,N/A
2026-09-06 00:56:13,1,UNNATURAL_GEOMETRIC_LINE,1.0000,N/A
2026-09-06 00:56:15,1,UNNATURAL_GEOMETRIC_LINE,1.0000,N/A
2026-09-06 00:56:16,1,UNNATURAL_GEOMETRIC_LINE,1.0000,N/A
2026-09-06 00:56:18,1,UNNATURAL_GEOMETRIC_LINE,1.0000,N/A
2026-09-06 00:56:22,1,UNNATURAL_GEOMETRIC_LINE,1.0000,N/A
2026-09-06 00:56:23,1,UNNATURAL_GEOMETRIC_LINE,1.0000,N/A
2026-09-06 00:56:25,1,UNNATURAL_GEOMETRIC_LINE,1.0000,N/A
2026-09-06 00:56:27,1,UNNATURAL_GEOMETRIC_LINE,1.0000,N/A
2026-09-06 00:56:28,1,UNNATURAL_GEOMETRIC_LINE,1.0000,N/A
2026-09-06 00:56:33,1,UNNATURAL_GEOMETRIC_LINE,1.0000,N/A
2026-09-06 00:56:35,1,UNNATURAL_GEOMETRIC_LINE,1.0000,N/A
2026-09-06 00:56:36,1,UNNATURAL_GEOMETRIC_LINE,1.0000,N/A
2026-09-06 00:56:40,1,UNNATURAL_GEOMETRIC_LINE,1.0000,N/A
2026-09-06 00:56:45,1,UNNATURAL_GEOMETRIC_LINE,1.0000,N/A
2026-09-06 00:56:46,1,UNNATURAL_GEOMETRIC_LINE,1.0000,N/A
2026-09-06 00:56:48,1,UNNATURAL_GEOMETRIC_LINE,1.0000,N/A
2026-09-06 00:56:53,1,UNNATURAL_GEOMETRIC_LINE,1.0000,N/A
2026-09-06 00:56:54,1,UNNATURAL_GEOMETRIC_LINE,1.0000,N/A
2026-09-06 00:56:55,1,MECHANICAL_LOCK_NO_TREMOR,1.0000,N/A
2026-09-06 00:56:57,1,UNNATURAL_GEOMETRIC_LINE,1.0000,N/A
2026-09-06 00:56:58,1,UNNATURAL_GEOMETRIC_LINE,1.0000,N/A
2026-09-06 00:56:59,1,UNNATURAL_GEOMETRIC_LINE,1.0000,N/A
2026-09-06 00:57:02,1,UNNATURAL_GEOMETRIC_LINE,1.0000,N/A
2026-09-06 00:57:03,1,UNNATURAL_GEOMETRIC_LINE,1.0000,N/A
2026-09-06 00:57:04,1,UNNATURAL_GEOMETRIC_LINE,1.0000,N/A
2026-09-06 00:57:08,1,UNNATURAL_GEOMETRIC_LINE,1.0000,N/A
2026-09-06 00:57:08,1,UNNATURAL_GEOMETRIC_LINE,1.0000,N/A
2026-09-06 00:57:12,1,UNNATURAL_GEOMETRIC_LINE,1.0000,N/A
2026-09-06 00:57:17,1,UNNATURAL_GEOMETRIC_LINE,1.0000,N/A
2026-09-06 00:57:18,1,UNNATURAL_GEOMETRIC_LINE,1.0000,N/A
2026-09-06 00:57:19,1,UNNATURAL_GEOMETRIC_LINE,1.0000,N/A
2026-09-06 00:57:24,1,UNNATURAL_GEOMETRIC_LINE,1.0000,N/A
2026-09-06 00:57:26,1,UNNATURAL_GEOMETRIC_LINE,1.0000,N/A
2026-09-06 00:57:27,1,UNNATURAL_GEOMETRIC_LINE,1.0000,N/A
2026-09-06 00:57:28,1,UNNATURAL_GEOMETRIC_LINE,1.0000,N/A
2026-09-06 00:57:31,1,UNNATURAL_GEOMETRIC_LINE,1.0000,N/A
2026-09-06 00:57:34,1,UNNATURAL_GEOMETRIC_LINE,1.0000,N/A
2026-09-06 00:57:36,1,UNNATURAL_GEOMETRIC_LINE,1.0000,N/A
2026-09-06 00:57:37,1,UNNATURAL_GEOMETRIC_LINE,1.0000,N/A
2026-09-06 00:57:42,1,UNNATURAL_GEOMETRIC_LINE,1.0000,N/A
2026-09-06 00:57:48,1,UNNATURAL_GEOMETRIC_LINE,1.0000,N/A
2026-09-06 00:57:49,1,UNNATURAL_GEOMETRIC_LINE,1.0000,N/A
2026-09-06 00:57:51,1,UNNATURAL_GEOMETRIC_LINE,1.0000,N/A
2026-09-06 00:57:54,1,UNNATURAL_GEOMETRIC_LINE,1.0000,N/A
2026-09-06 00:57:55,1,UNNATURAL_GEOMETRIC_LINE,1.0000,N/A
2026-09-06 00:57:59,1,UNNATURAL_GEOMETRIC_LINE,1.0000,N/A
2026-09-06 00:58:02,1,UNNATURAL_GEOMETRIC_LINE,1.0000,N/A
2026-09-06 00:58:03,1,UNNATURAL_GEOMETRIC_LINE,1.0000,N/A
2026-09-06 00:58:09,1,UNNATURAL_GEOMETRIC_LINE,1.0000,N/A
2026-09-06 00:58:11,1,UNNATURAL_GEOMETRIC_LINE,1.0000,N/A
2026-09-06 00:58:12,1,UNNATURAL_GEOMETRIC_LINE,1.0000,N/A
2026-09-06 00:58:14,1,UNNATURAL_GEOMETRIC_LINE,1.0000,N/A
2026-09-06 00:58:19,1,UNNATURAL_GEOMETRIC_LINE,1.0000,N/A
2026-09-06 00:58:20,1,UNNATURAL_GEOMETRIC_LINE,1.0000,N/A
2026-09-06 00:58:23,1,UNNATURAL_GEOMETRIC_LINE,1.0000,N/A
2026-09-06 00:58:27,1,UNNATURAL_GEOMETRIC_LINE,1.0000,N/A
2026-09-06 00:58:28,1,UNNATURAL_GEOMETRIC_LINE,1.0000,N/A
2026-09-06 00:58:34,1,UNNATURAL_GEOMETRIC_LINE,1.0000,N/A
2026-09-06 00:58:38,1,UNNATURAL_GEOMETRIC_LINE,1.0000,N/A
2026-09-06 00:58:41,1,UNNATURAL_GEOMETRIC_LINE,1.0000,N/A
2026-09-06 00:58:44,1,UNNATURAL_GEOMETRIC_LINE,1.0000,N/A
2026-09-06 00:58:45,1,UNNATURAL_GEOMETRIC_LINE,1.0000,N/A
2026-09-06 00:58:49,1,UNNATURAL_GEOMETRIC_LINE,1.0000,N/A
2026-09-06 00:58:53,1,UNNATURAL_GEOMETRIC_LINE,1.0000,N/A
2026-09-06 00:58:54,1,UNNATURAL_GEOMETRIC_LINE,1.0000,N/A
2026-09-06 00:58:56,1,UNNATURAL_GEOMETRIC_LINE,1.0000,N/A
2026-09-06 00:58:59,1,UNNATURAL_GEOMETRIC_LINE,1.0000,N/A
2026-09-06 00:59:00,1,UNNATURAL_GEOMETRIC_LINE,1.0000,N/A
2026-09-06 00:59:06,1,UNNATURAL_GEOMETRIC_LINE,1.0000,N/A
2026-09-06 00:59:10,1,UNNATURAL_GEOMETRIC_LINE,1.0000,N/A
2026-09-06 00:59:11,1,UNNATURAL_GEOMETRIC_LINE,1.0000,N/A
2026-09-06 00:59:12,1,UNNATURAL_GEOMETRIC_LINE,1.0000,N/A
2026-09-06 00:59:14,1,UNNATURAL_GEOMETRIC_LINE,1.0000,N/A
2026-09-06 00:59:15,1,UNNATURAL_GEOMETRIC_LINE,1.0000,N/A
2026-09-06 00:59:27,1,UNNATURAL_GEOMETRIC_LINE,1.0000,N/A
2026-09-06 00:59:40,1,UNNATURAL_GEOMETRIC_LINE,1.0000,N/A
2026-09-06 00:59:43,1,UNNATURAL_GEOMETRIC_LINE,1.0000,N/A
2026-09-06 00:59:43,1,UNNATURAL_GEOMETRIC_LINE,1.0000,N/A
2026-09-06 00:59:46,1,UNNATURAL_GEOMETRIC_LINE,1.0000,N/A
2026-09-06 00:59:51,1,UNNATURAL_GEOMETRIC_LINE,1.0000,N/A
2026-09-06 01:00:01,1,UNNATURAL_GEOMETRIC_LINE,1.0000,N/A
2026-09-06 01:00:05,1,UNNATURAL_GEOMETRIC_LINE,1.0000,N/A
2026-09-06 01:00:06,1,UNNATURAL_GEOMETRIC_LINE,1.0000,N/A
2026-09-06 01:00:07,1,UNNATURAL_GEOMETRIC_LINE,1.0000,N/A
2026-09-06 01:00:10,1,UNNATURAL_GEOMETRIC_LINE,1.0000,N/A
2026-09-06 01:00:11,1,UNNATURAL_GEOMETRIC_LINE,1.0000,N/A
2026-09-06 01:00:13,1,UNNATURAL_GEOMETRIC_LINE,1.0000,N/A
2026-09-06 01:00:15,1,UNNATURAL_GEOMETRIC_LINE,1.0000,N/A
2026-09-06 01:00:16,1,UNNATURAL_GEOMETRIC_LINE,1.0000,N/A
2026-09-06 01:00:18,1,UNNATURAL_GEOMETRIC_LINE,1.0000,N/A
2026-09-06 01:00:20,1,UNNATURAL_GEOMETRIC_LINE,1.0000,N/A
2026-09-06 01:00:22,1,UNNATURAL_GEOMETRIC_LINE,1.0000,N/A
2026-09-06 01:00:26,1,UNNATURAL_GEOMETRIC_LINE,1.0000,N/A
2026-09-06 01:00:28,1,UNNATURAL_GEOMETRIC_LINE,1.0000,N/A
2026-09-06 01:00:29,1,UNNATURAL_GEOMETRIC_LINE,1.0000,N/A
2026-09-06 01:00:32,1,UNNATURAL_GEOMETRIC_LINE,1.0000,N/A
2026-09-06 01:00:34,1,UNNATURAL_GEOMETRIC_LINE,1.0000,N/A
2026-09-06 01:00:35,1,UNNATURAL_GEOMETRIC_LINE,1.0000,N/A
2026-09-06 01:00:40,1,UNNATURAL_GEOMETRIC_LINE,1.0000,N/A
2026-09-06 01:00:43,1,UNNATURAL_GEOMETRIC_LINE,1.0000,N/A
2026-09-06 01:00:44,1,UNNATURAL_GEOMETRIC_LINE,1.0000,N/A
2026-09-06 01:00:49,1,UNNATURAL_GEOMETRIC_LINE,1.0000,N/A
2026-09-06 01:00:52,1,UNNATURAL_GEOMETRIC_LINE,1.0000,N/A
2026-09-06 01:00:53,1,UNNATURAL_GEOMETRIC_LINE,1.0000,N/A
2026-09-06 01:00:53,1,UNNATURAL_GEOMETRIC_LINE,1.0000,N/A
2026-09-06 01:00:56,1,UNNATURAL_GEOMETRIC_LINE,1.0000,N/A
2026-09-06 01:00:57,1,UNNATURAL_GEOMETRIC_LINE,1.0000,N/A
2026-09-06 01:00:58,1,MECHANICAL_LOCK_NO_TREMOR,1.0000,N/A
2026-09-06 01:01:01,1,UNNATURAL_GEOMETRIC_LINE,1.0000,N/A
2026-09-06 01:01:01,1,UNNATURAL_GEOMETRIC_LINE,1.0000,N/A
2026-09-06 01:01:03,1,UNNATURAL_GEOMETRIC_LINE,1.0000,N/A
2026-09-06 01:01:06,1,UNNATURAL_GEOMETRIC_LINE,1.0000,N/A
2026-09-06 01:01:07,1,UNNATURAL_GEOMETRIC_LINE,1.0000,N/A
2026-09-06 01:01:13,1,UNNATURAL_GEOMETRIC_LINE,1.0000,N/A
2026-09-06 01:01:17,1,UNNATURAL_GEOMETRIC_LINE,1.0000,N/A
2026-09-06 01:01:20,1,UNNATURAL_GEOMETRIC_LINE,1.0000,N/A
2026-09-06 01:01:22,1,UNNATURAL_GEOMETRIC_LINE,1.0000,N/A
2026-09-06 01:01:23,1,UNNATURAL_GEOMETRIC_LINE,1.0000,N/A
2026-09-06 01:01:27,1,UNNATURAL_GEOMETRIC_LINE,1.0000,N/A
2026-09-06 01:01:30,1,UNNATURAL_GEOMETRIC_LINE,1.0000,N/A
2026-09-06 01:01:31,1,UNNATURAL_GEOMETRIC_LINE,1.0000,N/A
2026-09-06 01:01:38,1,UNNATURAL_GEOMETRIC_LINE,1.0000,N/A
2026-09-06 01:01:41,1,UNNATURAL_GEOMETRIC_LINE,1.0000,N/A
2026-09-06 01:01:41,1,UNNATURAL_GEOMETRIC_LINE,1.0000,N/A
2026-09-06 01:01:46,1,UNNATURAL_GEOMETRIC_LINE,1.0000,N/A
2026-09-06 01:01:49,1,UNNATURAL_GEOMETRIC_LINE,1.0000,N/A
2026-09-06 01:01:52,1,UNNATURAL_GEOMETRIC_LINE,1.0000,N/A
2026-09-06 01:01:53,1,UNNATURAL_GEOMETRIC_LINE,1.0000,N/A
2026-09-06 01:01:56,1,UNNATURAL_GEOMETRIC_LINE,1.0000,N/A
2026-09-06 01:01:59,1,UNNATURAL_GEOMETRIC_LINE,1.0000,N/A
2026-09-06 01:02:04,1,UNNATURAL_GEOMETRIC_LINE,1.0000,N/A
2026-09-06 01:02:07,1,UNNATURAL_GEOMETRIC_LINE,1.0000,N/A
2026-09-06 01:02:08,1,UNNATURAL_GEOMETRIC_LINE,1.0000,N/A
2026-09-06 01:02:12,1,UNNATURAL_GEOMETRIC_LINE,1.0000,N/A
2026-09-06 01:02:20,1,UNNATURAL_GEOMETRIC_LINE,1.0000,N/A
2026-09-06 01:02:26,1,UNNATURAL_GEOMETRIC_LINE,1.0000,N/A
2026-09-06 01:02:28,1,UNNATURAL_GEOMETRIC_LINE,1.0000,N/A
2026-09-06 01:02:29,1,UNNATURAL_GEOMETRIC_LINE,1.0000,N/A
2026-09-06 01:02:30,1,MECHANICAL_LOCK_NO_TREMOR,1.0000,N/A
2026-09-06 01:02:33,1,UNNATURAL_GEOMETRIC_LINE,1.0000,N/A
2026-09-06 01:02:42,1,UNNATURAL_GEOMETRIC_LINE,1.0000,N/A
2026-09-06 01:02:45,1,UNNATURAL_GEOMETRIC_LINE,1.0000,N/A
2026-09-06 01:02:46,1,UNNATURAL_GEOMETRIC_LINE,1.0000,N/A
2026-09-06 01:02:48,1,UNNATURAL_GEOMETRIC_LINE,1.0000,N/A
2026-09-06 01:02:52,1,UNNATURAL_GEOMETRIC_LINE,1.0000,N/A
2026-09-06 01:02:53,1,UNNATURAL_GEOMETRIC_LINE,1.0000,N/A
2026-09-06 01:02:54,1,UNNATURAL_GEOMETRIC_LINE,1.0000,N/A
2026-09-06 01:02:56,1,UNNATURAL_GEOMETRIC_LINE,1.0000,N/A
2026-09-06 01:02:57,1,UNNATURAL_GEOMETRIC_LINE,1.0000,N/A
2026-09-06 01:03:06,1,UNNATURAL_GEOMETRIC_LINE,1.0000,N/A
2026-09-06 01:03:09,1,UNNATURAL_GEOMETRIC_LINE,1.0000,N/A
2026-09-06 01:03:11,1,UNNATURAL_GEOMETRIC_LINE,1.0000,N/A
2026-09-06 01:03:13,1,UNNATURAL_GEOMETRIC_LINE,1.0000,N/A
2026-09-06 01:03:14,1,UNNATURAL_GEOMETRIC_LINE,1.0000,N/A
2026-09-06 01:03:15,1,MECHANICAL_LOCK_NO_TREMOR,1.0000,N/A
2026-09-06 01:03:17,1,UNNATURAL_GEOMETRIC_LINE,1.0000,N/A
2026-09-06 01:03:18,1,UNNATURAL_GEOMETRIC_LINE,1.0000,N/A
2026-09-06 01:03:24,1,UNNATURAL_GEOMETRIC_LINE,1.0000,N/A
2026-09-06 01:03:26,1,UNNATURAL_GEOMETRIC_LINE,1.0000,N/A
2026-09-06 01:03:28,1,UNNATURAL_GEOMETRIC_LINE,1.0000,N/A
2026-09-06 01:03:29,1,UNNATURAL_GEOMETRIC_LINE,1.0000,N/A
2026-09-06 01:03:33,1,UNNATURAL_GEOMETRIC_LINE,1.0000,N/A
2026-09-06 01:03:36,1,UNNATURAL_GEOMETRIC_LINE,1.0000,N/A
2026-09-06 01:03:37,1,UNNATURAL_GEOMETRIC_LINE,1.0000,N/A
2026-09-06 01:03:48,1,UNNATURAL_GEOMETRIC_LINE,1.0000,N/A
2026-09-06 01:03:50,1,UNNATURAL_GEOMETRIC_LINE,1.0000,N/A
2026-09-06 01:03:53,1,UNNATURAL_GEOMETRIC_LINE,1.0000,N/A
2026-09-06 01:03:53,1,UNNATURAL_GEOMETRIC_LINE,1.0000,N/A
2026-09-06 01:03:55,1,UNNATURAL_GEOMETRIC_LINE,1.0000,N/A
2026-09-06 01:03:57,1,UNNATURAL_GEOMETRIC_LINE,1.0000,N/A
2026-09-06 01:03:58,1,UNNATURAL_GEOMETRIC_LINE,1.0000,N/A
2026-09-06 01:03:59,1,UNNATURAL_GEOMETRIC_LINE,1.0000,N/A
2026-09-06 01:04:03,1,UNNATURAL_GEOMETRIC_LINE,1.0000,N/A
2026-09-06 01:04:04,1,UNNATURAL_GEOMETRIC_LINE,1.0000,N/A
2026-09-06 01:04:06,1,UNNATURAL_GEOMETRIC_LINE,1.0000,N/A
2026-09-06 01:04:10,1,UNNATURAL_GEOMETRIC_LINE,1.0000,N/A
2026-09-06 01:04:10,1,UNNATURAL_GEOMETRIC_LINE,1.0000,N/A
2026-09-06 01:04:18,1,UNNATURAL_GEOMETRIC_LINE,1.0000,N/A
2026-09-06 01:04:22,1,UNNATURAL_GEOMETRIC_LINE,1.0000,N/A
2026-09-06 01:04:23,1,UNNATURAL_GEOMETRIC_LINE,1.0000,N/A
2026-09-06 01:04:24,1,UNNATURAL_GEOMETRIC_LINE,1.0000,N/A
2026-09-06 01:04:28,1,UNNATURAL_GEOMETRIC_LINE,1.0000,N/A
2026-09-06 01:04:29,1,UNNATURAL_GEOMETRIC_LINE,1.0000,N/A
2026-09-06 01:04:31,1,UNNATURAL_GEOMETRIC_LINE,1.0000,N/A
2026-09-06 01:04:32,1,UNNATURAL_GEOMETRIC_LINE,1.0000,N/A
2026-09-06 01:04:38,1,UNNATURAL_GEOMETRIC_LINE,1.0000,N/A
2026-09-06 01:04:40,1,UNNATURAL_GEOMETRIC_LINE,1.0000,N/A
2026-09-06 01:04:41,1,UNNATURAL_GEOMETRIC_LINE,1.0000,N/A
2026-09-06 01:04:47,1,UNNATURAL_GEOMETRIC_LINE,1.0000,N/A
2026-09-06 01:04:51,1,UNNATURAL_GEOMETRIC_LINE,1.0000,N/A
2026-09-06 01:04:51,1,UNNATURAL_GEOMETRIC_LINE,1.0000,N/A
2026-09-06 01:04:53,1,UNNATURAL_GEOMETRIC_LINE,1.0000,N/A
2026-09-06 01:04:57,1,UNNATURAL_GEOMETRIC_LINE,1.0000,N/A
2026-09-06 01:04:58,1,UNNATURAL_GEOMETRIC_LINE,1.0000,N/A
2026-09-06 01:05:03,1,UNNATURAL_GEOMETRIC_LINE,1.0000,N/A
2026-09-06 01:05:06,1,UNNATURAL_GEOMETRIC_LINE,1.0000,N/A
2026-09-06 01:05:07,1,UNNATURAL_GEOMETRIC_LINE,1.0000,N/A
2026-09-06 01:05:11,1,UNNATURAL_GEOMETRIC_LINE,1.0000,N/A
2026-09-06 01:05:13,1,UNNATURAL_GEOMETRIC_LINE,1.0000,N/A
2026-09-06 01:05:14,1,UNNATURAL_GEOMETRIC_LINE,1.0000,N/A
2026-09-06 01:05:17,1,UNNATURAL_GEOMETRIC_LINE,1.0000,N/A
2026-09-06 01:05:19,1,UNNATURAL_GEOMETRIC_LINE,1.0000,N/A
2026-09-06 01:05:20,1,UNNATURAL_GEOMETRIC_LINE,1.0000,N/A
2026-09-06 01:05:24,1,UNNATURAL_GEOMETRIC_LINE,1.0000,N/A
2026-09-06 01:05:28,1,UNNATURAL_GEOMETRIC_LINE,1.0000,N/A
2026-09-06 01:05:29,1,UNNATURAL_GEOMETRIC_LINE,1.0000,N/A
2026-09-06 01:05:35,1,UNNATURAL_GEOMETRIC_LINE,1.0000,N/A
2026-09-06 01:05:37,1,UNNATURAL_GEOMETRIC_LINE,1.0000,N/A
2026-09-06 01:05:38,1,UNNATURAL_GEOMETRIC_LINE,1.0000,N/A
2026-09-06 01:05:40,1,UNNATURAL_GEOMETRIC_LINE,1.0000,N/A
2026-09-06 01:05:42,1,UNNATURAL_GEOMETRIC_LINE,1.0000,N/A
2026-09-06 01:05:43,1,UNNATURAL_GEOMETRIC_LINE,1.0000,N/A
2026-09-06 01:05:46,1,UNNATURAL_GEOMETRIC_LINE,1.0000,N/A
2026-09-06 01:05:49,1,UNNATURAL_GEOMETRIC_LINE,1.0000,N/A
2026-09-06 01:05:50,1,UNNATURAL_GEOMETRIC_LINE,1.0000,N/A
2026-09-06 01:05:55,1,UNNATURAL_GEOMETRIC_LINE,1.0000,N/A
2026-09-06 01:05:56,1,UNNATURAL_GEOMETRIC_LINE,1.0000,N/A
2026-09-06 01:05:57,1,MECHANICAL_LOCK_NO_TREMOR,1.0000,N/A
2026-09-06 01:06:04,1,UNNATURAL_GEOMETRIC_LINE,1.0000,N/A
2026-09-06 01:06:05,1,UNNATURAL_GEOMETRIC_LINE,1.0000,N/A
2026-09-06 01:06:06,1,UNNATURAL_GEOMETRIC_LINE,1.0000,N/A
2026-09-06 01:06:09,1,UNNATURAL_GEOMETRIC_LINE,1.0000,N/A
2026-09-06 01:06:15,1,UNNATURAL_GEOMETRIC_LINE,1.0000,N/A
2026-09-06 01:06:21,1,UNNATURAL_GEOMETRIC_LINE,1.0000,N/A
2026-09-06 01:06:24,1,UNNATURAL_GEOMETRIC_LINE,1.0000,N/A
2026-09-06 01:06:27,1,UNNATURAL_GEOMETRIC_LINE,1.0000,N/A
2026-09-06 01:06:27,1,UNNATURAL_GEOMETRIC_LINE,1.0000,N/A
2026-09-06 01:06:31,1,UNNATURAL_GEOMETRIC_LINE,1.0000,N/A
2026-09-06 01:06:35,1,UNNATURAL_GEOMETRIC_LINE,1.0000,N/A
2026-09-06 01:06:36,1,UNNATURAL_GEOMETRIC_LINE,1.0000,N/A
2026-09-06 01:06:41,1,UNNATURAL_GEOMETRIC_LINE,1.0000,N/A
2026-09-06 01:06:43,1,UNNATURAL_GEOMETRIC_LINE,1.0000,N/A
2026-09-06 01:06:44,1,UNNATURAL_GEOMETRIC_LINE,1.0000,N/A
2026-09-06 01:06:47,1,UNNATURAL_GEOMETRIC_LINE,1.0000,N/A
2026-09-06 01:06:49,1,UNNATURAL_GEOMETRIC_LINE,1.0000,N/A
2026-09-06 01:06:52,1,UNNATURAL_GEOMETRIC_LINE,1.0000,N/A
2026-09-06 01:06:53,1,UNNATURAL_GEOMETRIC_LINE,1.0000,N/A
2026-09-06 01:06:56,1,UNNATURAL_GEOMETRIC_LINE,1.0000,N/A
2026-09-06 01:06:59,1,UNNATURAL_GEOMETRIC_LINE,1.0000,N/A
2026-09-06 01:07:03,1,UNNATURAL_GEOMETRIC_LINE,1.0000,N/A
2026-09-06 01:07:04,1,UNNATURAL_GEOMETRIC_LINE,1.0000,N/A
2026-09-06 01:07:05,1,MECHANICAL_LOCK_NO_TREMOR,1.0000,N/A
2026-09-06 01:07:07,1,UNNATURAL_GEOMETRIC_LINE,1.0000,N/A
2026-09-06 01:07:08,1,UNNATURAL_GEOMETRIC_LINE,1.0000,N/A
2026-09-06 01:07:10,1,UNNATURAL_GEOMETRIC_LINE,1.0000,N/A
2026-09-06 01:07:13,1,UNNATURAL_GEOMETRIC_LINE,1.0000,N/A
2026-09-06 01:07:13,1,UNNATURAL_GEOMETRIC_LINE,1.0000,N/A
2026-09-06 01:07:16,1,UNNATURAL_GEOMETRIC_LINE,1.0000,N/A
2026-09-06 01:07:19,1,UNNATURAL_GEOMETRIC_LINE,1.0000,N/A
2026-09-06 01:07:21,1,UNNATURAL_GEOMETRIC_LINE,1.0000,N/A
2026-09-06 01:07:24,1,UNNATURAL_GEOMETRIC_LINE,1.0000,N/A
2026-09-06 01:07:25,1,UNNATURAL_GEOMETRIC_LINE,1.0000,N/A
2026-09-06 01:07:33,1,UNNATURAL_GEOMETRIC_LINE,1.0000,N/A
2026-09-06 01:07:35,1,UNNATURAL_GEOMETRIC_LINE,1.0000,N/A
2026-09-06 01:07:36,1,UNNATURAL_GEOMETRIC_LINE,1.0000,N/A
2026-09-06 01:07:40,1,UNNATURAL_GEOMETRIC_LINE,1.0000,N/A
2026-09-06 01:07:44,1,UNNATURAL_GEOMETRIC_LINE,1.0000,N/A
2026-09-06 01:07:46,1,UNNATURAL_GEOMETRIC_LINE,1.0000,N/A
2026-09-06 01:07:50,1,UNNATURAL_GEOMETRIC_LINE,1.0000,N/A
2026-09-06 01:07:51,1,UNNATURAL_GEOMETRIC_LINE,1.0000,N/A
2026-09-06 01:07:53,1,UNNATURAL_GEOMETRIC_LINE,1.0000,N/A
2026-09-06 01:07:56,1,UNNATURAL_GEOMETRIC_LINE,1.0000,N/A
2026-09-06 01:08:04,1,UNNATURAL_GEOMETRIC_LINE,1.0000,N/A
2026-09-06 01:08:08,1,UNNATURAL_GEOMETRIC_LINE,1.0000,N/A
2026-09-06 01:08:09,1,UNNATURAL_GEOMETRIC_LINE,1.0000,N/A
2026-09-06 01:08:11,1,UNNATURAL_GEOMETRIC_LINE,1.0000,N/A
2026-09-06 01:08:13,1,UNNATURAL_GEOMETRIC_LINE,1.0000,N/A
2026-09-06 01:08:14,1,UNNATURAL_GEOMETRIC_LINE,1.0000,N/A
2026-09-06 01:08:16,1,UNNATURAL_GEOMETRIC_LINE,1.0000,N/A
2026-09-06 01:08:19,1,UNNATURAL_GEOMETRIC_LINE,1.0000,N/A
2026-09-06 01:08:20,1,UNNATURAL_GEOMETRIC_LINE,1.0000,N/A
2026-09-06 01:08:24,1,UNNATURAL_GEOMETRIC_LINE,1.0000,N/A
2026-09-06 01:08:27,1,UNNATURAL_GEOMETRIC_LINE,1.0000,N/A
2026-09-06 01:08:28,1,UNNATURAL_GEOMETRIC_LINE,1.0000,N/A
2026-09-06 01:08:31,1,UNNATURAL_GEOMETRIC_LINE,1.0000,N/A
2026-09-06 01:08:33,1,UNNATURAL_GEOMETRIC_LINE,1.0000,N/A
2026-09-06 01:08:34,1,UNNATURAL_GEOMETRIC_LINE,1.0000,N/A
2026-09-06 01:08:45,1,UNNATURAL_GEOMETRIC_LINE,1.0000,N/A
2026-09-06 01:08:47,1,UNNATURAL_GEOMETRIC_LINE,1.0000,N/A
2026-09-06 01:08:48,1,UNNATURAL_GEOMETRIC_LINE,1.0000,N/A
2026-09-06 01:08:50,1,UNNATURAL_GEOMETRIC_LINE,1.0000,N/A
2026-09-06 01:08:52,1,UNNATURAL_GEOMETRIC_LINE,1.0000,N/A
2026-09-06 01:08:53,1,UNNATURAL_GEOMETRIC_LINE,1.0000,N/A
2026-09-06 01:09:00,1,UNNATURAL_GEOMETRIC_LINE,1.0000,N/A
2026-09-06 01:09:03,1,UNNATURAL_GEOMETRIC_LINE,1.0000,N/A
2026-09-06 01:09:03,1,UNNATURAL_GEOMETRIC_LINE,1.0000,N/A
2026-09-06 01:09:09,1,UNNATURAL_GEOMETRIC_LINE,1.0000,N/A
2026-09-06 01:09:11,1,UNNATURAL_GEOMETRIC_LINE,1.0000,N/A
2026-09-06 01:09:12,1,UNNATURAL_GEOMETRIC_LINE,1.0000,N/A
2026-09-06 01:09:37,1,UNNATURAL_GEOMETRIC_LINE,1.0000,N/A
2026-09-06 01:09:40,1,UNNATURAL_GEOMETRIC_LINE,1.0000,N/A
2026-09-06 01:09:45,1,UNNATURAL_GEOMETRIC_LINE,1.0000,N/A
2026-09-06 01:09:48,1,UNNATURAL_GEOMETRIC_LINE,1.0000,N/A
2026-09-06 01:09:49,1,UNNATURAL_GEOMETRIC_LINE,1.0000,N/A
2026-09-06 01:09:56,1,UNNATURAL_GEOMETRIC_LINE,1.0000,N/A
2026-09-06 01:10:00,1,UNNATURAL_GEOMETRIC_LINE,1.0000,N/A
2026-09-06 01:10:01,1,UNNATURAL_GEOMETRIC_LINE,1.0000,N/A
2026-09-06 01:10:05,1,UNNATURAL_GEOMETRIC_LINE,1.0000,N/A
2026-09-06 01:10:08,1,UNNATURAL_GEOMETRIC_LINE,1.0000,N/A
2026-09-06 01:10:10,1,UNNATURAL_GEOMETRIC_LINE,1.0000,N/A
2026-09-06 01:10:12,1,UNNATURAL_GEOMETRIC_LINE,1.0000,N/A
2026-09-06 01:10:13,1,UNNATURAL_GEOMETRIC_LINE,1.0000,N/A
2026-09-06 01:10:15,1,UNNATURAL_GEOMETRIC_LINE,1.0000,N/A
2026-09-06 01:10:20,1,UNNATURAL_GEOMETRIC_LINE,1.0000,N/A
2026-09-06 01:10:22,1,UNNATURAL_GEOMETRIC_LINE,1.0000,N/A
2026-09-06 01:10:28,1,UNNATURAL_GEOMETRIC_LINE,1.0000,N/A
2026-09-06 01:10:29,1,UNNATURAL_GEOMETRIC_LINE,1.0000,N/A
2026-09-06 01:10:31,1,UNNATURAL_GEOMETRIC_LINE,1.0000,N/A
2026-09-06 01:10:34,1,UNNATURAL_GEOMETRIC_LINE,1.0000,N/A
2026-09-06 01:10:35,1,UNNATURAL_GEOMETRIC_LINE,1.0000,N/A
2026-09-06 01:10:38,1,UNNATURAL_GEOMETRIC_LINE,1.0000,N/A
2026-09-06 01:10:41,1,UNNATURAL_GEOMETRIC_LINE,1.0000,N/A
2026-09-06 01:10:43,1,UNNATURAL_GEOMETRIC_LINE,1.0000,N/A
2026-09-06 01:10:45,1,UNNATURAL_GEOMETRIC_LINE,1.0000,N/A
2026-09-06 01:10:46,1,UNNATURAL_GEOMETRIC_LINE,1.0000,N/A
2026-09-06 01:10:47,1,UNNATURAL_GEOMETRIC_LINE,1.0000,N/A
2026-09-06 01:10:54,1,UNNATURAL_GEOMETRIC_LINE,1.0000,N/A
2026-09-06 01:10:58,1,UNNATURAL_GEOMETRIC_LINE,1.0000,N/A
2026-09-06 01:10:59,1,UNNATURAL_GEOMETRIC_LINE,1.0000,N/A
2026-09-06 01:11:00,1,UNNATURAL_GEOMETRIC_LINE,1.0000,N/A
2026-09-06 01:11:03,1,UNNATURAL_GEOMETRIC_LINE,1.0000,N/A
2026-09-06 01:11:04,1,UNNATURAL_GEOMETRIC_LINE,1.0000,N/A
2026-09-06 01:11:05,1,UNNATURAL_GEOMETRIC_LINE,1.0000,N/A
2026-09-06 01:11:08,1,UNNATURAL_GEOMETRIC_LINE,1.0000,N/A
2026-09-06 01:11:09,1,UNNATURAL_GEOMETRIC_LINE,1.0000,N/A
2026-09-06 01:11:32,1,UNNATURAL_GEOMETRIC_LINE,1.0000,N/A
2026-09-06 01:11:40,1,UNNATURAL_GEOMETRIC_LINE,1.0000,N/A
2026-09-06 01:11:45,1,UNNATURAL_GEOMETRIC_LINE,1.0000,N/A
2026-09-06 01:11:49,1,UNNATURAL_GEOMETRIC_LINE,1.0000,N/A
2026-09-06 01:11:53,1,UNNATURAL_GEOMETRIC_LINE,1.0000,N/A
2026-09-06 01:12:00,1,UNNATURAL_GEOMETRIC_LINE,1.0000,N/A
2026-09-06 01:12:01,1,UNNATURAL_GEOMETRIC_LINE,1.0000,N/A
2026-09-06 01:12:06,1,UNNATURAL_GEOMETRIC_LINE,1.0000,N/A
2026-09-06 01:12:08,1,UNNATURAL_GEOMETRIC_LINE,1.0000,N/A
2026-09-06 01:12:09,1,UNNATURAL_GEOMETRIC_LINE,1.0000,N/A
2026-09-06 01:12:15,1,UNNATURAL_GEOMETRIC_LINE,1.0000,N/A
2026-09-06 01:12:22,1,UNNATURAL_GEOMETRIC_LINE,1.0000,N/A
2026-09-06 01:12:23,1,UNNATURAL_GEOMETRIC_LINE,1.0000,N/A
2026-09-06 01:12:26,1,UNNATURAL_GEOMETRIC_LINE,1.0000,N/A
2026-09-06 01:12:29,1,UNNATURAL_GEOMETRIC_LINE,1.0000,N/A
2026-09-06 01:12:30,1,UNNATURAL_GEOMETRIC_LINE,1.0000,N/A
2026-09-06 01:12:32,1,UNNATURAL_GEOMETRIC_LINE,1.0000,N/A
2026-09-06 01:12:34,1,UNNATURAL_GEOMETRIC_LINE,1.0000,N/A
2026-09-06 01:12:35,1,UNNATURAL_GEOMETRIC_LINE,1.0000,N/A
2026-09-06 01:12:37,1,UNNATURAL_GEOMETRIC_LINE,1.0000,N/A
2026-09-06 01:12:39,1,UNNATURAL_GEOMETRIC_LINE,1.0000,N/A
2026-09-06 01:12:40,1,UNNATURAL_GEOMETRIC_LINE,1.0000,N/A
2026-09-06 01:12:42,1,UNNATURAL_GEOMETRIC_LINE,1.0000,N/A
2026-09-06 01:12:48,1,UNNATURAL_GEOMETRIC_LINE,1.0000,N/A
2026-09-06 01:12:49,1,UNNATURAL_GEOMETRIC_LINE,1.0000,N/A
2026-09-06 01:12:55,1,UNNATURAL_GEOMETRIC_LINE,1.0000,N/A
2026-09-06 01:12:58,1,UNNATURAL_GEOMETRIC_LINE,1.0000,N/A
2026-09-06 01:12:59,1,UNNATURAL_GEOMETRIC_LINE,1.0000,N/A
2026-09-06 01:13:04,1,UNNATURAL_GEOMETRIC_LINE,1.0000,N/A
2026-09-06 01:13:11,1,UNNATURAL_GEOMETRIC_LINE,1.0000,N/A
2026-09-06 01:13:12,1,UNNATURAL_GEOMETRIC_LINE,1.0000,N/A
2026-09-06 01:13:17,1,UNNATURAL_GEOMETRIC_LINE,1.0000,N/A
2026-09-06 01:13:20,1,UNNATURAL_GEOMETRIC_LINE,1.0000,N/A
2026-09-06 01:13:20,1,UNNATURAL_GEOMETRIC_LINE,1.0000,N/A
2026-09-06 01:13:23,1,UNNATURAL_GEOMETRIC_LINE,1.0000,N/A
2026-09-06 01:13:26,1,UNNATURAL_GEOMETRIC_LINE,1.0000,N/A
2026-09-06 01:13:27,1,UNNATURAL_GEOMETRIC_LINE,1.0000,N/A
2026-09-06 01:13:34,1,UNNATURAL_GEOMETRIC_LINE,1.0000,N/A
2026-09-06 01:13:37,1,UNNATURAL_GEOMETRIC_LINE,1.0000,N/A
2026-09-06 01:13:38,1,UNNATURAL_GEOMETRIC_LINE,1.0000,N/A
2026-09-06 01:13:40,1,UNNATURAL_GEOMETRIC_LINE,1.0000,N/A
2026-09-06 01:13:43,1,UNNATURAL_GEOMETRIC_LINE,1.0000,N/A
2026-09-06 01:13:44,1,UNNATURAL_GEOMETRIC_LINE,1.0000,N/A
2026-09-06 01:13:47,1,UNNATURAL_GEOMETRIC_LINE,1.0000,N/A
2026-09-06 01:13:51,1,UNNATURAL_GEOMETRIC_LINE,1.0000,N/A
2026-09-06 01:13:52,1,UNNATURAL_GEOMETRIC_LINE,1.0000,N/A
2026-09-06 01:13:55,1,UNNATURAL_GEOMETRIC_LINE,1.0000,N/A
2026-09-06 01:13:57,1,UNNATURAL_GEOMETRIC_LINE,1.0000,N/A
2026-09-06 01:13:58,1,UNNATURAL_GEOMETRIC_LINE,1.0000,N/A
2026-09-06 01:13:59,1,MECHANICAL_LOCK_NO_TREMOR,1.0000,N/A
2026-09-06 01:14:01,1,UNNATURAL_GEOMETRIC_LINE,1.0000,N/A
2026-09-06 01:14:02,1,UNNATURAL_GEOMETRIC_LINE,1.0000,N/A
2026-09-06 01:14:04,1,UNNATURAL_GEOMETRIC_LINE,1.0000,N/A
2026-09-06 01:14:06,1,UNNATURAL_GEOMETRIC_LINE,1.0000,N/A
2026-09-06 01:14:07,1,UNNATURAL_GEOMETRIC_LINE,1.0000,N/A
2026-09-06 01:14:15,1,UNNATURAL_GEOMETRIC_LINE,1.0000,N/A
2026-09-06 01:14:19,1,UNNATURAL_GEOMETRIC_LINE,1.0000,N/A
2026-09-06 01:14:23,1,UNNATURAL_GEOMETRIC_LINE,1.0000,N/A
2026-09-06 01:14:27,1,UNNATURAL_GEOMETRIC_LINE,1.0000,N/A
2026-09-06 01:14:29,1,UNNATURAL_GEOMETRIC_LINE,1.0000,N/A
2026-09-06 01:14:30,1,UNNATURAL_GEOMETRIC_LINE,1.0000,N/A
2026-09-06 01:14:31,1,UNNATURAL_GEOMETRIC_LINE,1.0000,N/A
2026-09-06 01:14:35,1,UNNATURAL_GEOMETRIC_LINE,1.0000,N/A
2026-09-06 01:14:36,1,UNNATURAL_GEOMETRIC_LINE,1.0000,N/A
2026-09-06 01:14:39,1,UNNATURAL_GEOMETRIC_LINE,1.0000,N/A
2026-09-06 01:14:41,1,UNNATURAL_GEOMETRIC_LINE,1.0000,N/A
2026-09-06 01:14:42,1,UNNATURAL_GEOMETRIC_LINE,1.0000,N/A
2026-09-06 01:14:45,1,UNNATURAL_GEOMETRIC_LINE,1.0000,N/A
2026-09-06 01:14:48,1,UNNATURAL_GEOMETRIC_LINE,1.0000,N/A
2026-09-06 01:14:49,1,UNNATURAL_GEOMETRIC_LINE,1.0000,N/A
2026-09-06 01:14:53,1,UNNATURAL_GEOMETRIC_LINE,1.0000,N/A
2026-09-06 01:14:56,1,UNNATURAL_GEOMETRIC_LINE,1.0000,N/A
2026-09-06 01:15:02,1,UNNATURAL_GEOMETRIC_LINE,1.0000,N/A
2026-09-06 01:15:07,1,UNNATURAL_GEOMETRIC_LINE,1.0000,N/A
2026-09-06 01:15:08,1,UNNATURAL_GEOMETRIC_LINE,1.0000,N/A
2026-09-06 01:15:10,1,UNNATURAL_GEOMETRIC_LINE,1.0000,N/A
2026-09-06 01:15:11,1,UNNATURAL_GEOMETRIC_LINE,1.0000,N/A
2026-09-06 01:15:24,1,UNNATURAL_GEOMETRIC_LINE,1.0000,N/A
2026-09-06 01:15:26,1,UNNATURAL_GEOMETRIC_LINE,1.0000,N/A
2026-09-06 01:15:27,1,UNNATURAL_GEOMETRIC_LINE,1.0000,N/A
2026-09-06 01:15:30,1,UNNATURAL_GEOMETRIC_LINE,1.0000,N/A
2026-09-06 01:15:33,1,UNNATURAL_GEOMETRIC_LINE,1.0000,N/A
2026-09-06 01:15:34,1,UNNATURAL_GEOMETRIC_LINE,1.0000,N/A
2026-09-06 01:15:36,1,UNNATURAL_GEOMETRIC_LINE,1.0000,N/A
2026-09-06 01:15:39,1,UNNATURAL_GEOMETRIC_LINE,1.0000,N/A
2026-09-06 01:15:41,1,UNNATURAL_GEOMETRIC_LINE,1.0000,N/A
2026-09-06 01:15:42,1,UNNATURAL_GEOMETRIC_LINE,1.0000,N/A
2026-09-06 01:15:44,1,UNNATURAL_GEOMETRIC_LINE,1.0000,N/A
2026-09-06 01:15:46,1,UNNATURAL_GEOMETRIC_LINE,1.0000,N/A
2026-09-06 01:15:47,1,UNNATURAL_GEOMETRIC_LINE,1.0000,N/A
2026-09-06 01:15:48,1,UNNATURAL_GEOMETRIC_LINE,1.0000,N/A
2026-09-06 01:15:52,1,UNNATURAL_GEOMETRIC_LINE,1.0000,N/A
2026-09-06 01:15:53,1,UNNATURAL_GEOMETRIC_LINE,1.0000,N/A
2026-09-06 01:15:55,1,UNNATURAL_GEOMETRIC_LINE,1.0000,N/A
2026-09-06 01:15:58,1,UNNATURAL_GEOMETRIC_LINE,1.0000,N/A
2026-09-06 01:15:58,1,UNNATURAL_GEOMETRIC_LINE,1.0000,N/A
2026-09-06 01:16:02,1,UNNATURAL_GEOMETRIC_LINE,1.0000,N/A
2026-09-06 01:16:07,1,UNNATURAL_GEOMETRIC_LINE,1.0000,N/A
2026-09-06 01:16:08,1,UNNATURAL_GEOMETRIC_LINE,1.0000,N/A
2026-09-06 01:16:09,1,MECHANICAL_LOCK_NO_TREMOR,1.0000,N/A
2026-09-06 01:16:12,1,UNNATURAL_GEOMETRIC_LINE,1.0000,N/A
2026-09-06 01:16:17,1,UNNATURAL_GEOMETRIC_LINE,1.0000,N/A
2026-09-06 01:16:18,1,UNNATURAL_GEOMETRIC_LINE,1.0000,N/A
2026-09-06 01:16:25,1,UNNATURAL_GEOMETRIC_LINE,1.0000,N/A
2026-09-06 01:16:26,1,UNNATURAL_GEOMETRIC_LINE,1.0000,N/A
2026-09-06 01:16:31,1,UNNATURAL_GEOMETRIC_LINE,1.0000,N/A
2026-09-06 01:16:34,1,UNNATURAL_GEOMETRIC_LINE,1.0000,N/A
2026-09-06 01:16:35,1,UNNATURAL_GEOMETRIC_LINE,1.0000,N/A
2026-09-06 01:16:37,1,UNNATURAL_GEOMETRIC_LINE,1.0000,N/A
2026-09-06 01:16:40,1,UNNATURAL_GEOMETRIC_LINE,1.0000,N/A
2026-09-06 01:16:41,1,UNNATURAL_GEOMETRIC_LINE,1.0000,N/A
2026-09-06 01:16:47,1,UNNATURAL_GEOMETRIC_LINE,1.0000,N/A
2026-09-06 01:16:50,1,UNNATURAL_GEOMETRIC_LINE,1.0000,N/A
2026-09-06 01:16:51,1,UNNATURAL_GEOMETRIC_LINE,1.0000,N/A
2026-09-06 01:16:53,1,UNNATURAL_GEOMETRIC_LINE,1.0000,N/A
2026-09-06 01:16:56,1,UNNATURAL_GEOMETRIC_LINE,1.0000,N/A
2026-09-06 01:16:57,1,UNNATURAL_GEOMETRIC_LINE,1.0000,N/A
2026-09-06 01:17:05,1,UNNATURAL_GEOMETRIC_LINE,1.0000,N/A
2026-09-06 01:17:10,1,UNNATURAL_GEOMETRIC_LINE,1.0000,N/A
2026-09-06 01:17:11,1,UNNATURAL_GEOMETRIC_LINE,1.0000,N/A
2026-09-06 01:17:16,1,UNNATURAL_GEOMETRIC_LINE,1.0000,N/A
2026-09-06 01:17:19,1,UNNATURAL_GEOMETRIC_LINE,1.0000,N/A
2026-09-06 01:17:20,1,UNNATURAL_GEOMETRIC_LINE,1.0000,N/A
2026-09-06 01:17:25,1,UNNATURAL_GEOMETRIC_LINE,1.0000,N/A
2026-09-06 01:17:29,1,UNNATURAL_GEOMETRIC_LINE,1.0000,N/A
2026-09-06 01:17:30,1,UNNATURAL_GEOMETRIC_LINE,1.0000,N/A
2026-09-06 01:17:35,1,UNNATURAL_GEOMETRIC_LINE,1.0000,N/A
2026-09-06 01:17:38,1,UNNATURAL_GEOMETRIC_LINE,1.0000,N/A
2026-09-06 01:17:39,1,UNNATURAL_GEOMETRIC_LINE,1.0000,N/A
2026-09-06 01:17:46,1,UNNATURAL_GEOMETRIC_LINE,1.0000,N/A
2026-09-06 01:17:48,1,UNNATURAL_GEOMETRIC_LINE,1.0000,N/A
2026-09-06 01:17:49,1,UNNATURAL_GEOMETRIC_LINE,1.0000,N/A
2026-09-06 01:17:54,1,UNNATURAL_GEOMETRIC_LINE,1.0000,N/A
2026-09-06 01:17:56,1,UNNATURAL_GEOMETRIC_LINE,1.0000,N/A
2026-09-06 01:17:57,1,UNNATURAL_GEOMETRIC_LINE,1.0000,N/A
2026-09-06 01:17:59,1,UNNATURAL_GEOMETRIC_LINE,1.0000,N/A
2026-09-06 01:18:01,1,UNNATURAL_GEOMETRIC_LINE,1.0000,N/A
2026-09-06 01:18:02,1,UNNATURAL_GEOMETRIC_LINE,1.0000,N/A
2026-09-06 01:18:04,1,UNNATURAL_GEOMETRIC_LINE,1.0000,N/A
2026-09-06 01:18:07,1,UNNATURAL_GEOMETRIC_LINE,1.0000,N/A
2026-09-06 01:18:08,1,UNNATURAL_GEOMETRIC_LINE,1.0000,N/A
2026-09-06 01:18:12,1,UNNATURAL_GEOMETRIC_LINE,1.0000,N/A
2026-09-06 01:18:13,1,UNNATURAL_GEOMETRIC_LINE,1.0000,N/A
2026-09-06 01:18:15,1,UNNATURAL_GEOMETRIC_LINE,1.0000,N/A
2026-09-06 01:18:17,1,UNNATURAL_GEOMETRIC_LINE,1.0000,N/A
2026-09-06 01:18:18,1,UNNATURAL_GEOMETRIC_LINE,1.0000,N/A
2026-09-06 01:18:20,1,UNNATURAL_GEOMETRIC_LINE,1.0000,N/A
2026-09-06 01:18:23,1,UNNATURAL_GEOMETRIC_LINE,1.0000,N/A
2026-09-06 01:18:24,1,UNNATURAL_GEOMETRIC_LINE,1.0000,N/A
2026-09-06 01:18:25,1,UNNATURAL_GEOMETRIC_LINE,1.0000,N/A
2026-09-06 01:18:29,1,UNNATURAL_GEOMETRIC_LINE,1.0000,N/A
2026-09-06 01:18:30,1,UNNATURAL_GEOMETRIC_LINE,1.0000,N/A
2026-09-06 01:18:33,1,UNNATURAL_GEOMETRIC_LINE,1.0000,N/A
2026-09-06 01:18:37,1,UNNATURAL_GEOMETRIC_LINE,1.0000,N/A
2026-09-06 01:18:40,1,UNNATURAL_GEOMETRIC_LINE,1.0000,N/A
2026-09-06 01:18:42,1,UNNATURAL_GEOMETRIC_LINE,1.0000,N/A
2026-09-06 01:18:43,1,UNNATURAL_GEOMETRIC_LINE,1.0000,N/A
2026-09-06 01:18:50,1,UNNATURAL_GEOMETRIC_LINE,1.0000,N/A
2026-09-06 01:18:52,1,UNNATURAL_GEOMETRIC_LINE,1.0000,N/A
2026-09-06 01:18:53,1,UNNATURAL_GEOMETRIC_LINE,1.0000,N/A
2026-09-06 01:18:59,1,UNNATURAL_GEOMETRIC_LINE,1.0000,N/A
2026-09-06 01:19:02,1,UNNATURAL_GEOMETRIC_LINE,1.0000,N/A
2026-09-06 01:19:03,1,UNNATURAL_GEOMETRIC_LINE,1.0000,N/A
2026-09-06 01:19:05,1,UNNATURAL_GEOMETRIC_LINE,1.0000,N/A
2026-09-06 01:19:10,1,UNNATURAL_GEOMETRIC_LINE,1.0000,N/A
2026-09-06 01:19:12,1,UNNATURAL_GEOMETRIC_LINE,1.0000,N/A
2026-09-06 01:19:14,1,UNNATURAL_GEOMETRIC_LINE,1.0000,N/A
2026-09-06 01:19:16,1,UNNATURAL_GEOMETRIC_LINE,1.0000,N/A
2026-09-06 01:19:17,1,UNNATURAL_GEOMETRIC_LINE,1.0000,N/A
2026-09-06 01:19:19,1,UNNATURAL_GEOMETRIC_LINE,1.0000,N/A
2026-09-06 01:19:23,1,UNNATURAL_GEOMETRIC_LINE,1.0000,N/A
2026-09-06 01:19:23,1,UNNATURAL_GEOMETRIC_LINE,1.0000,N/A
2026-09-06 01:19:28,1,UNNATURAL_GEOMETRIC_LINE,1.0000,N/A
2026-09-06 01:19:31,1,UNNATURAL_GEOMETRIC_LINE,1.0000,N/A
2026-09-06 01:19:31,1,UNNATURAL_GEOMETRIC_LINE,1.0000,N/A
2026-09-06 01:19:33,1,UNNATURAL_GEOMETRIC_LINE,1.0000,N/A
2026-09-06 01:19:36,1,UNNATURAL_GEOMETRIC_LINE,1.0000,N/A
2026-09-06 01:19:37,1,UNNATURAL_GEOMETRIC_LINE,1.0000,N/A
2026-09-06 01:19:43,1,UNNATURAL_GEOMETRIC_LINE,1.0000,N/A
2026-09-06 01:19:47,1,UNNATURAL_GEOMETRIC_LINE,1.0000,N/A
2026-09-06 01:19:49,1,UNNATURAL_GEOMETRIC_LINE,1.0000,N/A
2026-09-06 01:19:52,1,UNNATURAL_GEOMETRIC_LINE,1.0000,N/A
2026-09-06 01:19:53,1,UNNATURAL_GEOMETRIC_LINE,1.0000,N/A
2026-09-06 01:19:58,1,UNNATURAL_GEOMETRIC_LINE,1.0000,N/A
2026-09-06 01:20:01,1,UNNATURAL_GEOMETRIC_LINE,1.0000,N/A
2026-09-06 01:20:02,1,UNNATURAL_GEOMETRIC_LINE,1.0000,N/A
2026-09-06 01:20:07,1,UNNATURAL_GEOMETRIC_LINE,1.0000,N/A
2026-09-06 01:20:09,1,UNNATURAL_GEOMETRIC_LINE,1.0000,N/A
2026-09-06 01:20:10,1,UNNATURAL_GEOMETRIC_LINE,1.0000,N/A
2026-09-06 01:20:12,1,UNNATURAL_GEOMETRIC_LINE,1.0000,N/A
2026-09-06 01:20:15,1,UNNATURAL_GEOMETRIC_LINE,1.0000,N/A
2026-09-06 01:20:16,1,UNNATURAL_GEOMETRIC_LINE,1.0000,N/A
2026-09-06 01:20:19,1,UNNATURAL_GEOMETRIC_LINE,1.0000,N/A
2026-09-06 01:20:23,1,UNNATURAL_GEOMETRIC_LINE,1.0000,N/A
2026-09-06 01:20:25,1,UNNATURAL_GEOMETRIC_LINE,1.0000,N/A
2026-09-06 01:20:29,1,UNNATURAL_GEOMETRIC_LINE,1.0000,N/A
2026-09-06 01:20:30,1,UNNATURAL_GEOMETRIC_LINE,1.0000,N/A
2026-09-06 01:20:32,1,UNNATURAL_GEOMETRIC_LINE,1.0000,N/A
2026-09-06 01:20:35,1,UNNATURAL_GEOMETRIC_LINE,1.0000,N/A
2026-09-06 01:20:36,1,UNNATURAL_GEOMETRIC_LINE,1.0000,N/A
2026-09-06 01:20:41,1,UNNATURAL_GEOMETRIC_LINE,1.0000,N/A
2026-09-06 01:20:44,1,UNNATURAL_GEOMETRIC_LINE,1.0000,N/A
2026-09-06 01:20:45,1,UNNATURAL_GEOMETRIC_LINE,1.0000,N/A
2026-09-06 01:20:47,1,UNNATURAL_GEOMETRIC_LINE,1.0000,N/A
2026-09-06 01:21:00,1,UNNATURAL_GEOMETRIC_LINE,1.0000,N/A
2026-09-06 01:21:03,1,UNNATURAL_GEOMETRIC_LINE,1.0000,N/A
2026-09-06 01:21:09,1,UNNATURAL_GEOMETRIC_LINE,1.0000,N/A
2026-09-06 01:21:18,1,UNNATURAL_GEOMETRIC_LINE,1.0000,N/A
2026-09-06 01:21:21,1,UNNATURAL_GEOMETRIC_LINE,1.0000,N/A
2026-09-06 01:21:22,1,UNNATURAL_GEOMETRIC_LINE,1.0000,N/A
2026-09-06 01:21:24,1,UNNATURAL_GEOMETRIC_LINE,1.0000,N/A
2026-09-06 01:21:26,1,UNNATURAL_GEOMETRIC_LINE,1.0000,N/A
2026-09-06 01:21:28,1,UNNATURAL_GEOMETRIC_LINE,1.0000,N/A
2026-09-06 01:21:30,1,UNNATURAL_GEOMETRIC_LINE,1.0000,N/A
2026-09-06 01:21:32,1,UNNATURAL_GEOMETRIC_LINE,1.0000,N/A
2026-09-06 01:21:33,1,UNNATURAL_GEOMETRIC_LINE,1.0000,N/A
2026-09-06 01:21:46,1,UNNATURAL_GEOMETRIC_LINE,1.0000,N/A
2026-09-06 01:21:51,1,UNNATURAL_GEOMETRIC_LINE,1.0000,N/A
2026-09-06 01:21:52,1,UNNATURAL_GEOMETRIC_LINE,1.0000,N/A
2026-09-06 01:21:55,1,UNNATURAL_GEOMETRIC_LINE,1.0000,N/A
2026-09-06 01:21:58,1,UNNATURAL_GEOMETRIC_LINE,1.0000,N/A
2026-09-06 01:21:59,1,UNNATURAL_GEOMETRIC_LINE,1.0000,N/A
2026-09-06 01:22:05,1,UNNATURAL_GEOMETRIC_LINE,1.0000,N/A
2026-09-06 01:22:08,1,UNNATURAL_GEOMETRIC_LINE,1.0000,N/A
2026-09-06 01:22:09,1,UNNATURAL_GEOMETRIC_LINE,1.0000,N/A
2026-09-06 01:22:10,1,UNNATURAL_GEOMETRIC_LINE,1.0000,N/A
2026-09-06 01:22:12,1,UNNATURAL_GEOMETRIC_LINE,1.0000,N/A
2026-09-06 01:22:13,1,UNNATURAL_GEOMETRIC_LINE,1.0000,N/A
2026-09-06 01:22:15,1,UNNATURAL_GEOMETRIC_LINE,1.0000,N/A
2026-09-06 01:22:22,1,UNNATURAL_GEOMETRIC_LINE,1.0000,N/A
2026-09-06 01:22:23,1,UNNATURAL_GEOMETRIC_LINE,1.0000,N/A
2026-09-06 01:22:24,1,UNNATURAL_GEOMETRIC_LINE,1.0000,N/A
2026-09-06 01:22:29,1,UNNATURAL_GEOMETRIC_LINE,1.0000,N/A
2026-09-06 01:22:31,1,UNNATURAL_GEOMETRIC_LINE,1.0000,N/A
2026-09-06 01:22:33,1,UNNATURAL_GEOMETRIC_LINE,1.0000,N/A
2026-09-06 01:22:34,1,UNNATURAL_GEOMETRIC_LINE,1.0000,N/A
2026-09-06 01:22:37,1,UNNATURAL_GEOMETRIC_LINE,1.0000,N/A
2026-09-06 01:22:40,1,UNNATURAL_GEOMETRIC_LINE,1.0000,N/A
2026-09-06 01:22:41,1,UNNATURAL_GEOMETRIC_LINE,1.0000,N/A
2026-09-06 01:22:43,1,UNNATURAL_GEOMETRIC_LINE,1.0000,N/A
2026-09-06 01:22:45,1,UNNATURAL_GEOMETRIC_LINE,1.0000,N/A
2026-09-06 01:22:46,1,UNNATURAL_GEOMETRIC_LINE,1.0000,N/A
2026-09-06 01:22:49,1,UNNATURAL_GEOMETRIC_LINE,1.0000,N/A
2026-09-06 01:22:52,1,UNNATURAL_GEOMETRIC_LINE,1.0000,N/A
2026-09-06 01:22:53,1,UNNATURAL_GEOMETRIC_LINE,1.0000,N/A
2026-09-06 01:23:02,1,UNNATURAL_GEOMETRIC_LINE,1.0000,N/A
2026-09-06 01:23:04,1,UNNATURAL_GEOMETRIC_LINE,1.0000,N/A
2026-09-06 01:23:05,1,UNNATURAL_GEOMETRIC_LINE,1.0000,N/A
2026-09-06 01:23:06,1,MECHANICAL_LOCK_NO_TREMOR,1.0000,N/A
2026-09-06 01:23:10,1,UNNATURAL_GEOMETRIC_LINE,1.0000,N/A
2026-09-06 01:23:11,1,UNNATURAL_GEOMETRIC_LINE,1.0000,N/A
2026-09-06 01:23:14,1,UNNATURAL_GEOMETRIC_LINE,1.0000,N/A
2026-09-06 01:23:16,1,UNNATURAL_GEOMETRIC_LINE,1.0000,N/A
2026-09-06 01:23:17,1,UNNATURAL_GEOMETRIC_LINE,1.0000,N/A
2026-09-06 01:23:27,1,UNNATURAL_GEOMETRIC_LINE,1.0000,N/A
2026-09-06 01:23:32,1,UNNATURAL_GEOMETRIC_LINE,1.0000,N/A
2026-09-06 01:23:34,1,UNNATURAL_GEOMETRIC_LINE,1.0000,N/A
2026-09-06 01:23:37,1,UNNATURAL_GEOMETRIC_LINE,1.0000,N/A
2026-09-06 01:23:38,1,UNNATURAL_GEOMETRIC_LINE,1.0000,N/A
2026-09-06 01:23:40,1,UNNATURAL_GEOMETRIC_LINE,1.0000,N/A
2026-09-06 01:23:42,1,UNNATURAL_GEOMETRIC_LINE,1.0000,N/A
2026-09-06 01:23:43,1,UNNATURAL_GEOMETRIC_LINE,1.0000,N/A
2026-09-06 01:23:47,1,UNNATURAL_GEOMETRIC_LINE,1.0000,N/A
2026-09-06 01:23:53,1,UNNATURAL_GEOMETRIC_LINE,1.0000,N/A
2026-09-06 01:23:53,1,UNNATURAL_GEOMETRIC_LINE,1.0000,N/A
2026-09-06 01:23:55,1,UNNATURAL_GEOMETRIC_LINE,1.0000,N/A
2026-09-06 01:23:57,1,UNNATURAL_GEOMETRIC_LINE,1.0000,N/A
2026-09-06 01:23:58,1,UNNATURAL_GEOMETRIC_LINE,1.0000,N/A
2026-09-06 01:23:59,1,MECHANICAL_LOCK_NO_TREMOR,1.0000,N/A
2026-09-06 01:24:01,1,UNNATURAL_GEOMETRIC_LINE,1.0000,N/A
2026-09-06 01:24:02,1,UNNATURAL_GEOMETRIC_LINE,1.0000,N/A
2026-09-06 01:24:05,1,UNNATURAL_GEOMETRIC_LINE,1.0000,N/A
2026-09-06 01:24:07,1,UNNATURAL_GEOMETRIC_LINE,1.0000,N/A
2026-09-06 01:24:08,1,UNNATURAL_GEOMETRIC_LINE,1.0000,N/A
2026-09-06 01:24:09,1,MECHANICAL_LOCK_NO_TREMOR,1.0000,N/A
2026-09-06 01:24:13,1,UNNATURAL_GEOMETRIC_LINE,1.0000,N/A
2026-09-06 01:24:16,1,UNNATURAL_GEOMETRIC_LINE,1.0000,N/A
2026-09-06 01:24:20,1,UNNATURAL_GEOMETRIC_LINE,1.0000,N/A
2026-09-06 01:24:21,1,UNNATURAL_GEOMETRIC_LINE,1.0000,N/A
2026-09-06 01:24:25,1,UNNATURAL_GEOMETRIC_LINE,1.0000,N/A
2026-09-06 01:24:28,1,UNNATURAL_GEOMETRIC_LINE,1.0000,N/A
2026-09-06 01:24:29,1,UNNATURAL_GEOMETRIC_LINE,1.0000,N/A
2026-09-06 01:24:38,1,UNNATURAL_GEOMETRIC_LINE,1.0000,N/A
2026-09-06 01:24:42,1,UNNATURAL_GEOMETRIC_LINE,1.0000,N/A
2026-09-06 01:24:46,1,UNNATURAL_GEOMETRIC_LINE,1.0000,N/A
2026-09-06 01:24:49,1,UNNATURAL_GEOMETRIC_LINE,1.0000,N/A
2026-09-06 01:24:52,1,UNNATURAL_GEOMETRIC_LINE,1.0000,N/A
2026-09-06 01:24:55,1,UNNATURAL_GEOMETRIC_LINE,1.0000,N/A
2026-09-06 01:24:56,1,UNNATURAL_GEOMETRIC_LINE,1.0000,N/A
2026-09-06 01:24:58,1,UNNATURAL_GEOMETRIC_LINE,1.0000,N/A
2026-09-06 01:25:00,1,UNNATURAL_GEOMETRIC_LINE,1.0000,N/A
2026-09-06 01:25:01,1,UNNATURAL_GEOMETRIC_LINE,1.0000,N/A
2026-09-06 01:25:03,1,UNNATURAL_GEOMETRIC_LINE,1.0000,N/A
2026-09-06 01:25:07,1,UNNATURAL_GEOMETRIC_LINE,1.0000,N/A
2026-09-06 01:25:07,1,UNNATURAL_GEOMETRIC_LINE,1.0000,N/A
2026-09-06 01:25:22,1,UNNATURAL_GEOMETRIC_LINE,1.0000,N/A
2026-09-06 01:25:24,1,UNNATURAL_GEOMETRIC_LINE,1.0000,N/A
2026-09-06 01:25:25,1,UNNATURAL_GEOMETRIC_LINE,1.0000,N/A
2026-09-06 01:25:26,1,UNNATURAL_GEOMETRIC_LINE,1.0000,N/A
2026-09-06 01:25:29,1,UNNATURAL_GEOMETRIC_LINE,1.0000,N/A
2026-09-06 01:25:30,1,UNNATURAL_GEOMETRIC_LINE,1.0000,N/A
2026-09-06 01:25:34,1,UNNATURAL_GEOMETRIC_LINE,1.0000,N/A
2026-09-06 01:25:38,1,UNNATURAL_GEOMETRIC_LINE,1.0000,N/A
2026-09-06 01:25:39,1,UNNATURAL_GEOMETRIC_LINE,1.0000,N/A
2026-09-06 01:25:41,1,UNNATURAL_GEOMETRIC_LINE,1.0000,N/A
2026-09-06 01:25:44,1,UNNATURAL_GEOMETRIC_LINE,1.0000,N/A
2026-09-06 01:25:45,1,UNNATURAL_GEOMETRIC_LINE,1.0000,N/A
2026-09-06 01:25:47,1,UNNATURAL_GEOMETRIC_LINE,1.0000,N/A
2026-09-06 01:25:55,1,UNNATURAL_GEOMETRIC_LINE,1.0000,N/A
2026-09-06 01:25:56,1,UNNATURAL_GEOMETRIC_LINE,1.0000,N/A
2026-09-06 01:26:02,1,UNNATURAL_GEOMETRIC_LINE,1.0000,N/A
2026-09-06 01:26:06,1,UNNATURAL_GEOMETRIC_LINE,1.0000,N/A
2026-09-06 01:26:07,1,UNNATURAL_GEOMETRIC_LINE,1.0000,N/A
2026-09-06 01:26:08,1,UNNATURAL_GEOMETRIC_LINE,1.0000,N/A
2026-09-06 01:26:11,1,UNNATURAL_GEOMETRIC_LINE,1.0000,N/A
2026-09-06 01:26:12,1,UNNATURAL_GEOMETRIC_LINE,1.0000,N/A
2026-09-06 01:26:13,1,UNNATURAL_GEOMETRIC_LINE,1.0000,N/A
2026-09-06 01:26:18,1,UNNATURAL_GEOMETRIC_LINE,1.0000,N/A
2026-09-06 01:26:21,1,UNNATURAL_GEOMETRIC_LINE,1.0000,N/A
2026-09-06 01:26:23,1,UNNATURAL_GEOMETRIC_LINE,1.0000,N/A
2026-09-06 01:26:24,1,UNNATURAL_GEOMETRIC_LINE,1.0000,N/A
2026-09-06 01:26:26,1,UNNATURAL_GEOMETRIC_LINE,1.0000,N/A
2026-09-06 01:26:30,1,UNNATURAL_GEOMETRIC_LINE,1.0000,N/A
2026-09-06 01:26:31,1,UNNATURAL_GEOMETRIC_LINE,1.0000,N/A
2026-09-06 01:26:35,1,UNNATURAL_GEOMETRIC_LINE,1.0000,N/A
2026-09-06 01:26:40,1,UNNATURAL_GEOMETRIC_LINE,1.0000,N/A
2026-09-06 01:26:41,1,UNNATURAL_GEOMETRIC_LINE,1.0000,N/A
2026-09-06 01:26:44,1,UNNATURAL_GEOMETRIC_LINE,1.0000,N/A
2026-09-06 01:26:47,1,UNNATURAL_GEOMETRIC_LINE,1.0000,N/A
2026-09-06 01:26:48,1,UNNATURAL_GEOMETRIC_LINE,1.0000,N/A
2026-09-06 01:26:49,1,UNNATURAL_GEOMETRIC_LINE,1.0000,N/A
2026-09-06 01:26:52,1,UNNATURAL_GEOMETRIC_LINE,1.0000,N/A
2026-09-06 01:26:53,1,UNNATURAL_GEOMETRIC_LINE,1.0000,N/A
2026-09-06 01:26:55,1,UNNATURAL_GEOMETRIC_LINE,1.0000,N/A
2026-09-06 01:26:58,1,UNNATURAL_GEOMETRIC_LINE,1.0000,N/A
2026-09-06 01:26:59,1,UNNATURAL_GEOMETRIC_LINE,1.0000,N/A
2026-09-06 01:27:01,1,UNNATURAL_GEOMETRIC_LINE,1.0000,N/A
2026-09-06 01:27:04,1,UNNATURAL_GEOMETRIC_LINE,1.0000,N/A
2026-09-06 01:27:05,1,UNNATURAL_GEOMETRIC_LINE,1.0000,N/A
2026-09-06 01:27:06,1,UNNATURAL_GEOMETRIC_LINE,1.0000,N/A
2026-09-06 01:27:10,1,UNNATURAL_GEOMETRIC_LINE,1.0000,N/A
2026-09-06 01:27:11,1,UNNATURAL_GEOMETRIC_LINE,1.0000,N/A
2026-09-06 01:27:18,1,UNNATURAL_GEOMETRIC_LINE,1.0000,N/A
2026-09-06 01:27:22,1,UNNATURAL_GEOMETRIC_LINE,1.0000,N/A
2026-09-06 01:27:25,1,UNNATURAL_GEOMETRIC_LINE,1.0000,N/A
2026-09-06 01:27:26,1,UNNATURAL_GEOMETRIC_LINE,1.0000,N/A
2026-09-06 01:27:29,1,UNNATURAL_GEOMETRIC_LINE,1.0000,N/A
2026-09-06 01:27:31,1,UNNATURAL_GEOMETRIC_LINE,1.0000,N/A
2026-09-06 01:27:32,1,UNNATURAL_GEOMETRIC_LINE,1.0000,N/A
2026-09-06 01:27:33,1,MECHANICAL_LOCK_NO_TREMOR,1.0000,N/A
